sample_id,step,t,w_t,geo_loss,gravity_loss,gravity_gradient_loss,magnetic_loss,grad_norm,prior_velocity_norm,guidance_velocity_norm,guided_velocity_norm,effective_guidance_ratio,guidance_mode,physics_mode,mu,alpha,gravity_weight,gravity_gradient_weight,magnetic_weight
0,0,0.015625,0.0,25.516693115234375,nan,nan,25.516693115234375,1.0000001192092896,2070.66845703125,0.0,2070.66845703125,0.0,relative,magnetic,0.01,1.0,1.0,0.25,1.0
0,1,0.046875,0.0,25.4665584564209,nan,nan,25.4665584564209,1.0,2063.66162109375,0.0,2063.66162109375,0.0,relative,magnetic,0.01,1.0,1.0,0.25,1.0
0,2,0.078125,0.0,25.41051483154297,nan,nan,25.41051483154297,1.0,2062.406982421875,0.0,2062.406982421875,0.0,relative,magnetic,0.01,1.0,1.0,0.25,1.0
0,3,0.109375,0.0,25.345439910888672,nan,nan,25.345439910888672,1.0,2062.074462890625,0.0,2062.074462890625,0.0,relative,magnetic,0.01,1.0,1.0,0.25,1.0
0,4,0.140625,0.0,25.269729614257812,nan,nan,25.269729614257812,1.0,2060.502197265625,0.0,2060.502197265625,0.0,relative,magnetic,0.01,1.0,1.0,0.25,1.0
0,5,0.171875,0.0,25.182968139648438,nan,nan,25.182968139648438,0.9999999403953552,2056.49169921875,0.0,2056.49169921875,0.0,relative,magnetic,0.01,1.0,1.0,0.25,1.0
0,6,0.203125,0.0,25.082775115966797,nan,nan,25.082775115966797,1.0,2060.712890625,0.0,2060.712890625,0.0,relative,magnetic,0.01,1.0,1.0,0.25,1.0
0,7,0.234375,0.0,24.965898513793945,nan,nan,24.965898513793945,1.0,2055.881591796875,0.0,2055.881591796875,0.0,relative,magnetic,0.01,1.0,1.0,0.25,1.0
0,8,0.265625,0.00043402777777777775,24.830835342407227,nan,nan,24.830835342407227,0.9999999403953552,2054.0126953125,0.8914986252784729,2054.013916015625,0.0004340278101153672,relative,magnetic,0.01,1.0,1.0,0.25,1.0
0,9,0.296875,0.00390625,24.61406135559082,nan,nan,24.61406135559082,1.0,2058.804931640625,8.042206764221191,2058.829833984375,0.00390625,relative,magnetic,0.01,1.0,1.0,0.25,1.0
0,10,0.328125,0.010850694444444446,23.852296829223633,nan,nan,23.852296829223633,1.0,2058.307373046875,22.334062576293945,2058.456298828125,0.0108506940305233,relative,magnetic,0.01,1.0,1.0,0.25,1.0
0,11,0.359375,0.021267361111111115,22.025327682495117,nan,nan,22.025327682495117,0.9999998807907104,2059.623046875,43.80274963378906,2060.149169921875,0.0212673619389534,relative,magnetic,0.01,1.0,1.0,0.25,1.0
0,12,0.390625,0.03515625,18.78495216369629,nan,nan,18.78495216369629,1.0000001192092896,2044.116943359375,71.86348724365234,2045.48876953125,0.03515625,relative,magnetic,0.01,1.0,1.0,0.25,1.0
0,13,0.421875,0.052517361111111105,14.360417366027832,nan,nan,14.360417366027832,0.9999999403953552,2054.280029296875,107.88536834716797,2057.285400390625,0.0525173619389534,relative,magnetic,0.01,1.0,1.0,0.25,1.0
0,14,0.453125,0.07335069444444443,9.92324447631836,nan,nan,9.92324447631836,0.9999999403953552,2049.162353515625,150.3074951171875,2054.96826171875,0.0733506977558136,relative,magnetic,0.01,1.0,1.0,0.25,1.0
0,15,0.484375,0.09765625,7.588742256164551,nan,nan,7.588742256164551,1.0,2054.828125,200.66680908203125,2064.849853515625,0.09765625,relative,magnetic,0.01,1.0,1.0,0.25,1.0
0,16,0.515625,0.1254340277777778,9.405014991760254,nan,nan,9.405014991760254,0.9999999403953552,2038.0316162109375,255.63851928710938,2054.4775390625,0.1254340261220932,relative,magnetic,0.01,1.0,1.0,0.25,1.0
0,17,0.546875,0.15668402777777776,8.155892372131348,nan,nan,8.155892372131348,0.9999999403953552,2045.1055908203125,320.4353942871094,2070.857666015625,0.1566840410232544,relative,magnetic,0.01,1.0,1.0,0.25,1.0
0,18,0.578125,0.19140625,12.272582054138184,nan,nan,12.272582054138184,0.9999999403953552,2048.212646484375,392.0407409667969,2086.75830078125,0.1914062649011612,relative,magnetic,0.01,1.0,1.0,0.25,1.0
0,19,0.609375,0.22960069444444448,8.75906753540039,nan,nan,8.75906753540039,0.9999999403953552,2053.095458984375,471.3921813964844,2109.01416015625,0.2296007126569748,relative,magnetic,0.01,1.0,1.0,0.25,1.0
0,20,0.640625,0.27126736111111116,11.458312034606934,nan,nan,11.458312034606934,1.0,2051.94580078125,556.6258544921875,2129.797119140625,0.2712673246860504,relative,magnetic,0.01,1.0,1.0,0.25,1.0
0,21,0.671875,0.31640625,6.462583065032959,nan,nan,6.462583065032959,0.9999999403953552,2051.399658203125,649.07568359375,2155.772705078125,0.31640625,relative,magnetic,0.01,1.0,1.0,0.25,1.0
0,22,0.703125,0.36501736111111105,7.891818046569824,nan,nan,7.891818046569824,1.0,2051.68408203125,748.900390625,2188.164306640625,0.3650174140930176,relative,magnetic,0.01,1.0,1.0,0.25,1.0
0,23,0.734375,0.4171006944444445,4.296707630157471,nan,nan,4.296707630157471,1.0,2049.024658203125,854.649658203125,2222.793212890625,0.417100727558136,relative,magnetic,0.01,1.0,1.0,0.25,1.0
0,24,0.765625,0.47265625,5.773720741271973,nan,nan,5.773720741271973,1.0,2053.177001953125,970.4469604492188,2275.380126953125,0.47265625,relative,magnetic,0.01,1.0,1.0,0.25,1.0
0,25,0.796875,0.5316840277777777,4.880504608154297,nan,nan,4.880504608154297,1.0,2054.383544921875,1092.282958984375,2329.827392578125,0.5316840410232544,relative,magnetic,0.01,1.0,1.0,0.25,1.0
0,26,0.828125,0.5941840277777778,3.108168840408325,nan,nan,3.108168840408325,0.5099875330924988,2060.4443359375,1224.283203125,2394.40185546875,0.5941840410232544,relative,magnetic,0.01,1.0,1.0,0.25,1.0
0,27,0.859375,0.66015625,6.373447895050049,nan,nan,6.373447895050049,1.0000001192092896,2068.68994140625,1365.6585693359375,2485.26025390625,0.66015625,relative,magnetic,0.01,1.0,1.0,0.25,1.0
0,28,0.890625,0.7296006944444444,4.12874174118042,nan,nan,4.12874174118042,0.3141562044620514,2088.699951171875,1523.9168701171875,2583.650390625,0.7296006679534912,relative,magnetic,0.01,1.0,1.0,0.25,1.0
0,29,0.921875,0.8025173611111112,4.686808109283447,nan,nan,4.686808109283447,0.435960590839386,2130.96484375,1710.13623046875,2735.27734375,0.8025173544883728,relative,magnetic,0.01,1.0,1.0,0.25,1.0
0,30,0.953125,0.87890625,4.707345962524414,nan,nan,4.707345962524414,0.9999998807907104,2191.09375,1925.76611328125,2922.250244140625,0.8789063096046448,relative,magnetic,0.01,1.0,1.0,0.25,1.0
0,31,0.984375,0.958767361111111,3.540116786956787,nan,nan,3.540116786956787,0.22018355131149292,2314.7431640625,2219.2998046875,3199.701904296875,0.9587671756744385,relative,magnetic,0.01,1.0,1.0,0.25,1.0
1,0,0.015625,0.0,25.875913619995117,nan,nan,25.875913619995117,1.0,2069.684814453125,0.0,2069.684814453125,0.0,relative,magnetic,0.01,1.0,1.0,0.25,1.0
1,1,0.046875,0.0,25.834611892700195,nan,nan,25.834611892700195,1.0,2061.8154296875,0.0,2061.8154296875,0.0,relative,magnetic,0.01,1.0,1.0,0.25,1.0
1,2,0.078125,0.0,25.786235809326172,nan,nan,25.786235809326172,1.0,2060.323974609375,0.0,2060.323974609375,0.0,relative,magnetic,0.01,1.0,1.0,0.25,1.0
1,3,0.109375,0.0,25.72791290283203,nan,nan,25.72791290283203,1.0,2060.324951171875,0.0,2060.324951171875,0.0,relative,magnetic,0.01,1.0,1.0,0.25,1.0
1,4,0.140625,0.0,25.658222198486328,nan,nan,25.658222198486328,0.9999999403953552,2059.093505859375,0.0,2059.093505859375,0.0,relative,magnetic,0.01,1.0,1.0,0.25,1.0
1,5,0.171875,0.0,25.576526641845703,nan,nan,25.576526641845703,1.0,2055.314697265625,0.0,2055.314697265625,0.0,relative,magnetic,0.01,1.0,1.0,0.25,1.0
1,6,0.203125,0.0,25.47999382019043,nan,nan,25.47999382019043,1.0,2059.73388671875,0.0,2059.73388671875,0.0,relative,magnetic,0.01,1.0,1.0,0.25,1.0
1,7,0.234375,0.0,25.364887237548828,nan,nan,25.364887237548828,1.0,2054.7890625,0.0,2054.7890625,0.0,relative,magnetic,0.01,1.0,1.0,0.25,1.0
1,8,0.265625,0.00043402777777777775,25.229568481445312,nan,nan,25.229568481445312,0.9999999403953552,2053.15478515625,0.891126275062561,2053.156005859375,0.0004340278101153672,relative,magnetic,0.01,1.0,1.0,0.25,1.0
1,9,0.296875,0.00390625,25.007694244384766,nan,nan,25.007694244384766,1.0,2058.312744140625,8.040284156799316,2058.33740234375,0.00390625,relative,magnetic,0.01,1.0,1.0,0.25,1.0
1,10,0.328125,0.010850694444444446,24.213733673095703,nan,nan,24.213733673095703,0.9999999403953552,2058.045654296875,22.33122444152832,2058.19384765625,0.0108506940305233,relative,magnetic,0.01,1.0,1.0,0.25,1.0
1,11,0.359375,0.021267361111111115,22.30721664428711,nan,nan,22.30721664428711,1.0,2059.562255859375,43.801456451416016,2060.088134765625,0.0212673619389534,relative,magnetic,0.01,1.0,1.0,0.25,1.0
1,12,0.390625,0.03515625,18.971952438354492,nan,nan,18.971952438354492,1.0,2044.2689208984375,71.86882781982422,2045.6376953125,0.03515625,relative,magnetic,0.01,1.0,1.0,0.25,1.0
1,13,0.421875,0.052517361111111105,14.453566551208496,nan,nan,14.453566551208496,1.0,2054.535400390625,107.8987808227539,2057.537109375,0.0525173619389534,relative,magnetic,0.01,1.0,1.0,0.25,1.0
1,14,0.453125,0.07335069444444443,9.92480754852295,nan,nan,9.92480754852295,1.0,2049.3955078125,150.3245849609375,2055.199951171875,0.0733506977558136,relative,magnetic,0.01,1.0,1.0,0.25,1.0
1,15,0.484375,0.09765625,7.726407527923584,nan,nan,7.726407527923584,1.0000001192092896,2054.9150390625,200.67529296875,2064.965087890625,0.09765625,relative,magnetic,0.01,1.0,1.0,0.25,1.0
1,16,0.515625,0.1254340277777778,9.119850158691406,nan,nan,9.119850158691406,1.0,2037.9169921875,255.62413024902344,2054.25048828125,0.1254340261220932,relative,magnetic,0.01,1.0,1.0,0.25,1.0
1,17,0.546875,0.15668402777777776,8.944853782653809,nan,nan,8.944853782653809,1.0000001192092896,2044.8675537109375,320.3980712890625,2070.625244140625,0.1566840261220932,relative,magnetic,0.01,1.0,1.0,0.25,1.0
1,18,0.578125,0.19140625,11.6052827835083,nan,nan,11.6052827835083,1.0,2047.745361328125,391.9512939453125,2086.760498046875,0.1914062649011612,relative,magnetic,0.01,1.0,1.0,0.25,1.0
1,19,0.609375,0.22960069444444448,9.693408012390137,nan,nan,9.693408012390137,1.0,2052.38671875,471.2294006347656,2107.810302734375,0.2296006828546524,relative,magnetic,0.01,1.0,1.0,0.25,1.0
1,20,0.640625,0.27126736111111116,9.61948299407959,nan,nan,9.61948299407959,0.9999998807907104,2051.090087890625,556.393798828125,2128.63427734375,0.2712673544883728,relative,magnetic,0.01,1.0,1.0,0.25,1.0
1,21,0.671875,0.31640625,7.785824298858643,nan,nan,7.785824298858643,1.0,2050.47900390625,648.7843627929688,2154.77978515625,0.31640625,relative,magnetic,0.01,1.0,1.0,0.25,1.0
1,22,0.703125,0.36501736111111105,7.187753200531006,nan,nan,7.187753200531006,1.0,2050.7880859375,748.5732421875,2186.322509765625,0.3650173544883728,relative,magnetic,0.01,1.0,1.0,0.25,1.0
1,23,0.734375,0.4171006944444445,4.227422714233398,nan,nan,4.227422714233398,0.7090124487876892,2047.9527587890625,854.2024536132812,2221.429443359375,0.4171006679534912,relative,magnetic,0.01,1.0,1.0,0.25,1.0
1,24,0.765625,0.47265625,12.020902633666992,nan,nan,12.020902633666992,1.0,2052.505859375,970.1296997070312,2279.057861328125,0.47265625,relative,magnetic,0.01,1.0,1.0,0.25,1.0
1,25,0.796875,0.5316840277777777,4.101853370666504,nan,nan,4.101853370666504,0.6525030732154846,2054.104248046875,1092.134521484375,2334.184814453125,0.5316841006278992,relative,magnetic,0.01,1.0,1.0,0.25,1.0
1,26,0.828125,0.5941840277777778,7.642999649047852,nan,nan,7.642999649047852,1.0,2061.145263671875,1224.69970703125,2405.38525390625,0.5941841006278992,relative,magnetic,0.01,1.0,1.0,0.25,1.0
1,27,0.859375,0.66015625,3.292210102081299,nan,nan,3.292210102081299,0.426268607378006,2069.080078125,1365.9161376953125,2480.068359375,0.66015625,relative,magnetic,0.01,1.0,1.0,0.25,1.0
1,28,0.890625,0.7296006944444444,5.143367290496826,nan,nan,5.143367290496826,1.0,2091.609375,1526.0396728515625,2595.582763671875,0.729600727558136,relative,magnetic,0.01,1.0,1.0,0.25,1.0
1,29,0.921875,0.8025173611111112,3.9030022621154785,nan,nan,3.9030022621154785,0.32857584953308105,2133.21923828125,1711.9454345703125,2737.44287109375,0.8025173544883728,relative,magnetic,0.01,1.0,1.0,0.25,1.0
1,30,0.953125,0.87890625,4.8602423667907715,nan,nan,4.8602423667907715,0.13506323099136353,2195.24169921875,1929.41162109375,2920.81494140625,0.87890625,relative,magnetic,0.01,1.0,1.0,0.25,1.0
1,31,0.984375,0.958767361111111,4.198948383331299,nan,nan,4.198948383331299,0.32655763626098633,2322.349609375,2226.593017578125,3218.574462890625,0.9587673544883728,relative,magnetic,0.01,1.0,1.0,0.25,1.0
2,0,0.015625,0.0,24.17206573486328,nan,nan,24.17206573486328,1.0,2070.171630859375,0.0,2070.171630859375,0.0,relative,magnetic,0.01,1.0,1.0,0.25,1.0
2,1,0.046875,0.0,24.126514434814453,nan,nan,24.126514434814453,0.9999999403953552,2062.72607421875,0.0,2062.72607421875,0.0,relative,magnetic,0.01,1.0,1.0,0.25,1.0
2,2,0.078125,0.0,24.072826385498047,nan,nan,24.072826385498047,0.9999999403953552,2061.405029296875,0.0,2061.405029296875,0.0,relative,magnetic,0.01,1.0,1.0,0.25,1.0
2,3,0.109375,0.0,24.008403778076172,nan,nan,24.008403778076172,1.0,2061.564697265625,0.0,2061.564697265625,0.0,relative,magnetic,0.01,1.0,1.0,0.25,1.0
2,4,0.140625,0.0,23.93222427368164,nan,nan,23.93222427368164,1.0,2060.614990234375,0.0,2060.614990234375,0.0,relative,magnetic,0.01,1.0,1.0,0.25,1.0
2,5,0.171875,0.0,23.84314727783203,nan,nan,23.84314727783203,0.9999999403953552,2056.901611328125,0.0,2056.901611328125,0.0,relative,magnetic,0.01,1.0,1.0,0.25,1.0
2,6,0.203125,0.0,23.738595962524414,nan,nan,23.738595962524414,0.9999999403953552,2061.160400390625,0.0,2061.160400390625,0.0,relative,magnetic,0.01,1.0,1.0,0.25,1.0
2,7,0.234375,0.0,23.615114212036133,nan,nan,23.615114212036133,1.0,2056.05712890625,0.0,2056.05712890625,0.0,relative,magnetic,0.01,1.0,1.0,0.25,1.0
2,8,0.265625,0.00043402777777777775,23.472564697265625,nan,nan,23.472564697265625,0.9999999403953552,2054.201416015625,0.8915805220603943,2054.20263671875,0.0004340278101153672,relative,magnetic,0.01,1.0,1.0,0.25,1.0
2,9,0.296875,0.00390625,23.253297805786133,nan,nan,23.253297805786133,0.9999999403953552,2059.16162109375,8.043600082397461,2059.1875,0.00390625,relative,magnetic,0.01,1.0,1.0,0.25,1.0
2,10,0.328125,0.010850694444444446,22.52513885498047,nan,nan,22.52513885498047,0.9999999403953552,2058.82080078125,22.339635848999023,2058.972412109375,0.010850694961845875,relative,magnetic,0.01,1.0,1.0,0.25,1.0
2,11,0.359375,0.021267361111111115,20.793073654174805,nan,nan,20.793073654174805,0.9999999403953552,2060.145751953125,43.81386947631836,2060.6767578125,0.02126736380159855,relative,magnetic,0.01,1.0,1.0,0.25,1.0
2,12,0.390625,0.03515625,17.697179794311523,nan,nan,17.697179794311523,1.0,2044.66796875,71.88285827636719,2046.048583984375,0.03515625,relative,magnetic,0.01,1.0,1.0,0.25,1.0
2,13,0.421875,0.052517361111111105,13.385143280029297,nan,nan,13.385143280029297,1.0,2054.636474609375,107.90409088134766,2057.67529296875,0.0525173619389534,relative,magnetic,0.01,1.0,1.0,0.25,1.0
2,14,0.453125,0.07335069444444443,8.89539623260498,nan,nan,8.89539623260498,1.0,2049.274169921875,150.31568908691406,2055.1103515625,0.0733506977558136,relative,magnetic,0.01,1.0,1.0,0.25,1.0
2,15,0.484375,0.09765625,7.144953727722168,nan,nan,7.144953727722168,0.9999999403953552,2054.738525390625,200.6580810546875,2064.84375,0.0976562574505806,relative,magnetic,0.01,1.0,1.0,0.25,1.0
2,16,0.515625,0.1254340277777778,8.31450366973877,nan,nan,8.31450366973877,1.0,2037.4588623046875,255.56666564941406,2053.778076171875,0.1254340261220932,relative,magnetic,0.01,1.0,1.0,0.25,1.0
2,17,0.546875,0.15668402777777776,10.141498565673828,nan,nan,10.141498565673828,0.9999999403953552,2044.2164306640625,320.29608154296875,2070.1845703125,0.1566840410232544,relative,magnetic,0.01,1.0,1.0,0.25,1.0
2,18,0.578125,0.19140625,10.71673583984375,nan,nan,10.71673583984375,1.0,2047.05224609375,391.818603515625,2085.628173828125,0.19140625,relative,magnetic,0.01,1.0,1.0,0.25,1.0
2,19,0.609375,0.22960069444444448,10.136390686035156,nan,nan,10.136390686035156,1.0,2051.861572265625,471.1088562011719,2107.215087890625,0.2296006977558136,relative,magnetic,0.01,1.0,1.0,0.25,1.0
2,20,0.640625,0.27126736111111116,9.318726539611816,nan,nan,9.318726539611816,1.0,2050.592041015625,556.2587280273438,2127.820556640625,0.2712673842906952,relative,magnetic,0.01,1.0,1.0,0.25,1.0
2,21,0.671875,0.31640625,7.602782249450684,nan,nan,7.602782249450684,1.0,2050.167724609375,648.6859130859375,2154.26220703125,0.3164062798023224,relative,magnetic,0.01,1.0,1.0,0.25,1.0
2,22,0.703125,0.36501736111111105,6.608850002288818,nan,nan,6.608850002288818,1.0000001192092896,2050.621337890625,748.5123291015625,2186.69580078125,0.3650173246860504,relative,magnetic,0.01,1.0,1.0,0.25,1.0
2,23,0.734375,0.4171006944444445,5.77087926864624,nan,nan,5.77087926864624,0.9999999403953552,2047.7889404296875,854.13427734375,2222.932861328125,0.417100727558136,relative,magnetic,0.01,1.0,1.0,0.25,1.0
2,24,0.765625,0.47265625,4.426301002502441,nan,nan,4.426301002502441,1.0,2052.244873046875,970.0064086914062,2274.5283203125,0.4726562798023224,relative,magnetic,0.01,1.0,1.0,0.25,1.0
2,25,0.796875,0.5316840277777777,5.525961399078369,nan,nan,5.525961399078369,1.0,2053.95947265625,1092.0574951171875,2331.659912109375,0.5316840410232544,relative,magnetic,0.01,1.0,1.0,0.25,1.0
2,26,0.828125,0.5941840277777778,3.914740800857544,nan,nan,3.914740800857544,0.701531708240509,2060.664306640625,1224.413818359375,2400.405517578125,0.5941840410232544,relative,magnetic,0.01,1.0,1.0,0.25,1.0
2,27,0.859375,0.66015625,5.174295902252197,nan,nan,5.174295902252197,0.9999999403953552,2069.2646484375,1366.0380859375,2485.490234375,0.6601563096046448,relative,magnetic,0.01,1.0,1.0,0.25,1.0
2,28,0.890625,0.7296006944444444,3.329659938812256,nan,nan,3.329659938812256,1.0,2090.246826171875,1525.0455322265625,2590.036865234375,0.7296006679534912,relative,magnetic,0.01,1.0,1.0,0.25,1.0
2,29,0.921875,0.8025173611111112,3.4939019680023193,nan,nan,3.4939019680023193,0.22753728926181793,2132.547607421875,1711.406494140625,2728.78759765625,0.8025173544883728,relative,magnetic,0.01,1.0,1.0,0.25,1.0
2,30,0.953125,0.87890625,3.4882259368896484,nan,nan,3.4882259368896484,0.19635699689388275,2196.413330078125,1930.44140625,2925.724853515625,0.87890625,relative,magnetic,0.01,1.0,1.0,0.25,1.0
2,31,0.984375,0.958767361111111,4.592822074890137,nan,nan,4.592822074890137,0.24382561445236206,2319.8212890625,2224.168701171875,3220.968994140625,0.9587672352790833,relative,magnetic,0.01,1.0,1.0,0.25,1.0
3,0,0.015625,0.0,25.18169403076172,nan,nan,25.18169403076172,1.0,2069.02685546875,0.0,2069.02685546875,0.0,relative,magnetic,0.01,1.0,1.0,0.25,1.0
3,1,0.046875,0.0,25.132783889770508,nan,nan,25.132783889770508,0.9999999403953552,2061.0400390625,0.0,2061.0400390625,0.0,relative,magnetic,0.01,1.0,1.0,0.25,1.0
3,2,0.078125,0.0,25.077350616455078,nan,nan,25.077350616455078,1.0000001192092896,2058.978759765625,0.0,2058.978759765625,0.0,relative,magnetic,0.01,1.0,1.0,0.25,1.0
3,3,0.109375,0.0,25.011981964111328,nan,nan,25.011981964111328,0.9999999403953552,2058.646240234375,0.0,2058.646240234375,0.0,relative,magnetic,0.01,1.0,1.0,0.25,1.0
3,4,0.140625,0.0,24.935199737548828,nan,nan,24.935199737548828,1.0,2057.282470703125,0.0,2057.282470703125,0.0,relative,magnetic,0.01,1.0,1.0,0.25,1.0
3,5,0.171875,0.0,24.84637451171875,nan,nan,24.84637451171875,1.0,2053.560302734375,0.0,2053.560302734375,0.0,relative,magnetic,0.01,1.0,1.0,0.25,1.0
3,6,0.203125,0.0,24.742778778076172,nan,nan,24.742778778076172,0.9999999403953552,2058.150146484375,0.0,2058.150146484375,0.0,relative,magnetic,0.01,1.0,1.0,0.25,1.0
3,7,0.234375,0.0,24.620227813720703,nan,nan,24.620227813720703,1.0,2053.597412109375,0.0,2053.597412109375,0.0,relative,magnetic,0.01,1.0,1.0,0.25,1.0
3,8,0.265625,0.00043402777777777775,24.477333068847656,nan,nan,24.477333068847656,0.9999999403953552,2052.022216796875,0.8906347155570984,2052.0234375,0.0004340278101153672,relative,magnetic,0.01,1.0,1.0,0.25,1.0
3,9,0.296875,0.00390625,24.24835777282715,nan,nan,24.24835777282715,1.0,2056.97607421875,8.035062789916992,2057.001220703125,0.00390625,relative,magnetic,0.01,1.0,1.0,0.25,1.0
3,10,0.328125,0.010850694444444446,23.454328536987305,nan,nan,23.454328536987305,1.0,2056.46435546875,22.31406593322754,2056.61474609375,0.0108506940305233,relative,magnetic,0.01,1.0,1.0,0.25,1.0
3,11,0.359375,0.021267361111111115,21.536069869995117,nan,nan,21.536069869995117,0.9999999403953552,2057.6240234375,43.76023483276367,2058.153564453125,0.0212673619389534,relative,magnetic,0.01,1.0,1.0,0.25,1.0
3,12,0.390625,0.03515625,18.163448333740234,nan,nan,18.163448333740234,1.0,2041.9293212890625,71.78658294677734,2043.304443359375,0.0351562537252903,relative,magnetic,0.01,1.0,1.0,0.25,1.0
3,13,0.421875,0.052517361111111105,13.766221046447754,nan,nan,13.766221046447754,0.9999999403953552,2051.9072265625,107.7607650756836,2054.927978515625,0.0525173656642437,relative,magnetic,0.01,1.0,1.0,0.25,1.0
3,14,0.453125,0.07335069444444443,9.549091339111328,nan,nan,9.549091339111328,1.0,2046.503662109375,150.1124725341797,2052.310302734375,0.0733506977558136,relative,magnetic,0.01,1.0,1.0,0.25,1.0
3,15,0.484375,0.09765625,7.4652605056762695,nan,nan,7.4652605056762695,1.0,2051.652587890625,200.35671997070312,2061.6572265625,0.0976562574505806,relative,magnetic,0.01,1.0,1.0,0.25,1.0
3,16,0.515625,0.1254340277777778,9.161091804504395,nan,nan,9.161091804504395,1.0,2034.6256103515625,255.21127319335938,2051.0869140625,0.1254340261220932,relative,magnetic,0.01,1.0,1.0,0.25,1.0
3,17,0.546875,0.15668402777777776,8.854921340942383,nan,nan,8.854921340942383,1.0,2041.282470703125,319.83636474609375,2067.019775390625,0.1566840261220932,relative,magnetic,0.01,1.0,1.0,0.25,1.0
3,18,0.578125,0.19140625,12.193708419799805,nan,nan,12.193708419799805,1.0,2044.112060546875,391.2558288574219,2082.537353515625,0.19140625,relative,magnetic,0.01,1.0,1.0,0.25,1.0
3,19,0.609375,0.22960069444444448,8.63787841796875,nan,nan,8.63787841796875,0.9999999403953552,2048.811279296875,470.40850830078125,2104.1923828125,0.2296006977558136,relative,magnetic,0.01,1.0,1.0,0.25,1.0
3,20,0.640625,0.27126736111111116,10.997099876403809,nan,nan,10.997099876403809,0.9999999403953552,2047.35302734375,555.3800659179688,2124.19384765625,0.2712673544883728,relative,magnetic,0.01,1.0,1.0,0.25,1.0
3,21,0.671875,0.31640625,6.038167953491211,nan,nan,6.038167953491211,1.0,2046.8353271484375,647.6314697265625,2150.289794921875,0.31640625,relative,magnetic,0.01,1.0,1.0,0.25,1.0
3,22,0.703125,0.36501736111111105,9.278838157653809,nan,nan,9.278838157653809,1.0,2047.3824462890625,747.3301391601562,2183.58935546875,0.3650173544883728,relative,magnetic,0.01,1.0,1.0,0.25,1.0
3,23,0.734375,0.4171006944444445,4.682598114013672,nan,nan,4.682598114013672,0.9999999403953552,2044.730712890625,852.858642578125,2219.16748046875,0.417100727558136,relative,magnetic,0.01,1.0,1.0,0.25,1.0
3,24,0.765625,0.47265625,5.577439308166504,nan,nan,5.577439308166504,0.9999999403953552,2049.287109375,968.6083984375,2271.96435546875,0.4726562798023224,relative,magnetic,0.01,1.0,1.0,0.25,1.0
3,25,0.796875,0.5316840277777777,5.462815761566162,nan,nan,5.462815761566162,1.0,2050.99462890625,1090.481201171875,2327.36865234375,0.5316841006278992,relative,magnetic,0.01,1.0,1.0,0.25,1.0
3,26,0.828125,0.5941840277777778,3.8934624195098877,nan,nan,3.8934624195098877,1.0,2057.71435546875,1222.6611328125,2396.517333984375,0.5941841006278992,relative,magnetic,0.01,1.0,1.0,0.25,1.0
3,27,0.859375,0.66015625,2.9920551776885986,nan,nan,2.9920551776885986,0.45786356925964355,2065.056640625,1363.2601318359375,2469.747802734375,0.6601563096046448,relative,magnetic,0.01,1.0,1.0,0.25,1.0
3,28,0.890625,0.7296006944444444,5.249653339385986,nan,nan,5.249653339385986,0.9999999403953552,2088.119140625,1523.4931640625,2592.18310546875,0.7296006679534912,relative,magnetic,0.01,1.0,1.0,0.25,1.0
3,29,0.921875,0.8025173611111112,4.043808460235596,nan,nan,4.043808460235596,0.4157014489173889,2133.208740234375,1711.93701171875,2735.984375,0.8025173544883728,relative,magnetic,0.01,1.0,1.0,0.25,1.0
3,30,0.953125,0.87890625,3.238208293914795,nan,nan,3.238208293914795,0.25751161575317383,2203.05712890625,1936.2808837890625,2932.4384765625,0.8789063692092896,relative,magnetic,0.01,1.0,1.0,0.25,1.0
3,31,0.984375,0.958767361111111,2.8551104068756104,nan,nan,2.8551104068756104,0.06002631038427353,2338.33203125,2241.916259765625,3223.3017578125,0.958767294883728,relative,magnetic,0.01,1.0,1.0,0.25,1.0
4,0,0.015625,0.0,24.362199783325195,nan,nan,24.362199783325195,0.9999999403953552,2068.897216796875,0.0,2068.897216796875,0.0,relative,magnetic,0.01,1.0,1.0,0.25,1.0
4,1,0.046875,0.0,24.313013076782227,nan,nan,24.313013076782227,1.0,2060.49658203125,0.0,2060.49658203125,0.0,relative,magnetic,0.01,1.0,1.0,0.25,1.0
4,2,0.078125,0.0,24.25958824157715,nan,nan,24.25958824157715,0.9999999403953552,2057.68505859375,0.0,2057.68505859375,0.0,relative,magnetic,0.01,1.0,1.0,0.25,1.0
4,3,0.109375,0.0,24.19800567626953,nan,nan,24.19800567626953,0.9999999403953552,2056.749267578125,0.0,2056.749267578125,0.0,relative,magnetic,0.01,1.0,1.0,0.25,1.0
4,4,0.140625,0.0,24.12691307067871,nan,nan,24.12691307067871,1.0,2055.126708984375,0.0,2055.126708984375,0.0,relative,magnetic,0.01,1.0,1.0,0.25,1.0
4,5,0.171875,0.0,24.045955657958984,nan,nan,24.045955657958984,1.0,2051.2783203125,0.0,2051.2783203125,0.0,relative,magnetic,0.01,1.0,1.0,0.25,1.0
4,6,0.203125,0.0,23.95305633544922,nan,nan,23.95305633544922,1.0,2055.90380859375,0.0,2055.90380859375,0.0,relative,magnetic,0.01,1.0,1.0,0.25,1.0
4,7,0.234375,0.0,23.843955993652344,nan,nan,23.843955993652344,1.0,2051.4365234375,0.0,2051.4365234375,0.0,relative,magnetic,0.01,1.0,1.0,0.25,1.0
4,8,0.265625,0.00043402777777777775,23.71735954284668,nan,nan,23.71735954284668,1.0,2049.87890625,0.8897044062614441,2049.880126953125,0.0004340277810115367,relative,magnetic,0.01,1.0,1.0,0.25,1.0
4,9,0.296875,0.00390625,23.510894775390625,nan,nan,23.510894775390625,1.0000001192092896,2055.107177734375,8.027761459350586,2055.1318359375,0.0039062495343387127,relative,magnetic,0.01,1.0,1.0,0.25,1.0
4,10,0.328125,0.010850694444444446,22.775585174560547,nan,nan,22.775585174560547,1.0,2054.765380859375,22.295629501342773,2054.91357421875,0.0108506940305233,relative,magnetic,0.01,1.0,1.0,0.25,1.0
4,11,0.359375,0.021267361111111115,20.992212295532227,nan,nan,20.992212295532227,0.9999999403953552,2056.0439453125,43.72663497924805,2056.5703125,0.02126736380159855,relative,magnetic,0.01,1.0,1.0,0.25,1.0
4,12,0.390625,0.03515625,17.759859085083008,nan,nan,17.759859085083008,1.0,2040.4139404296875,71.73330688476562,2041.78759765625,0.0351562537252903,relative,magnetic,0.01,1.0,1.0,0.25,1.0
4,13,0.421875,0.052517361111111105,13.303109169006348,nan,nan,13.303109169006348,1.0,2050.4443359375,107.68392944335938,2053.464599609375,0.0525173619389534,relative,magnetic,0.01,1.0,1.0,0.25,1.0
4,14,0.453125,0.07335069444444443,8.934759140014648,nan,nan,8.934759140014648,1.0,2044.9664306640625,149.9997100830078,2050.7255859375,0.0733506977558136,relative,magnetic,0.01,1.0,1.0,0.25,1.0
4,15,0.484375,0.09765625,7.039302349090576,nan,nan,7.039302349090576,0.9999999403953552,2050.0126953125,200.19654846191406,2060.05322265625,0.09765625,relative,magnetic,0.01,1.0,1.0,0.25,1.0
4,16,0.515625,0.1254340277777778,8.546565055847168,nan,nan,8.546565055847168,1.0,2033.0198974609375,255.00987243652344,2049.350341796875,0.1254340261220932,relative,magnetic,0.01,1.0,1.0,0.25,1.0
4,17,0.546875,0.15668402777777776,9.926833152770996,nan,nan,9.926833152770996,1.0,2039.6966552734375,319.587890625,2065.527587890625,0.1566840261220932,relative,magnetic,0.01,1.0,1.0,0.25,1.0
4,18,0.578125,0.19140625,11.077493667602539,nan,nan,11.077493667602539,1.0,2042.5472412109375,390.956298828125,2080.90771484375,0.19140625,relative,magnetic,0.01,1.0,1.0,0.25,1.0
4,19,0.609375,0.22960069444444448,10.049427032470703,nan,nan,10.049427032470703,1.0,2047.3358154296875,470.0697326660156,2103.264404296875,0.2296006977558136,relative,magnetic,0.01,1.0,1.0,0.25,1.0
4,20,0.640625,0.27126736111111116,10.696776390075684,nan,nan,10.696776390075684,1.0,2045.7799072265625,554.953369140625,2122.539794921875,0.2712673842906952,relative,magnetic,0.01,1.0,1.0,0.25,1.0
4,21,0.671875,0.31640625,6.947359085083008,nan,nan,6.947359085083008,0.9999999403953552,2045.4522705078125,647.1939086914062,2149.18310546875,0.31640625,relative,magnetic,0.01,1.0,1.0,0.25,1.0
4,22,0.703125,0.36501736111111105,8.474093437194824,nan,nan,8.474093437194824,0.9999999403953552,2046.1064453125,746.8643798828125,2182.068359375,0.3650173544883728,relative,magnetic,0.01,1.0,1.0,0.25,1.0
4,23,0.734375,0.4171006944444445,4.53053092956543,nan,nan,4.53053092956543,0.6078309416770935,2043.63427734375,852.4012451171875,2217.468505859375,0.4171006679534912,relative,magnetic,0.01,1.0,1.0,0.25,1.0
4,24,0.765625,0.47265625,9.106819152832031,nan,nan,9.106819152832031,1.0,2048.6611328125,968.3125,2272.024169921875,0.47265625,relative,magnetic,0.01,1.0,1.0,0.25,1.0
4,25,0.796875,0.5316840277777777,5.091011047363281,nan,nan,5.091011047363281,1.0,2050.659423828125,1090.3028564453125,2326.68115234375,0.5316840410232544,relative,magnetic,0.01,1.0,1.0,0.25,1.0
4,26,0.828125,0.5941840277777778,5.310730934143066,nan,nan,5.310730934143066,1.0,2057.87353515625,1222.755615234375,2398.538330078125,0.5941840410232544,relative,magnetic,0.01,1.0,1.0,0.25,1.0
4,27,0.859375,0.66015625,3.2322561740875244,nan,nan,3.2322561740875244,0.4137890338897705,2066.714599609375,1364.3546142578125,2470.765625,0.66015625,relative,magnetic,0.01,1.0,1.0,0.25,1.0
4,28,0.890625,0.7296006944444444,6.692530155181885,nan,nan,6.692530155181885,0.9999999403953552,2091.12158203125,1525.683837890625,2593.954833984375,0.729600727558136,relative,magnetic,0.01,1.0,1.0,0.25,1.0
4,29,0.921875,0.8025173611111112,5.092424392700195,nan,nan,5.092424392700195,1.0,2136.266845703125,1714.3912353515625,2741.46337890625,0.8025173544883728,relative,magnetic,0.01,1.0,1.0,0.25,1.0
4,30,0.953125,0.87890625,5.048793315887451,nan,nan,5.048793315887451,0.09427062422037125,2204.619384765625,1937.653564453125,2928.48193359375,0.8789061903953552,relative,magnetic,0.01,1.0,1.0,0.25,1.0
4,31,0.984375,0.958767361111111,5.3785176277160645,nan,nan,5.3785176277160645,0.9999999403953552,2345.774169921875,2249.052001953125,3250.45751953125,0.9587674736976624,relative,magnetic,0.01,1.0,1.0,0.25,1.0
5,0,0.015625,0.0,24.58932876586914,nan,nan,24.58932876586914,0.9999998807907104,2069.620849609375,0.0,2069.620849609375,0.0,relative,magnetic,0.01,1.0,1.0,0.25,1.0
5,1,0.046875,0.0,24.550994873046875,nan,nan,24.550994873046875,1.0,2062.055908203125,0.0,2062.055908203125,0.0,relative,magnetic,0.01,1.0,1.0,0.25,1.0
5,2,0.078125,0.0,24.50594711303711,nan,nan,24.50594711303711,1.0,2060.0458984375,0.0,2060.0458984375,0.0,relative,magnetic,0.01,1.0,1.0,0.25,1.0
5,3,0.109375,0.0,24.451541900634766,nan,nan,24.451541900634766,1.0,2059.501220703125,0.0,2059.501220703125,0.0,relative,magnetic,0.01,1.0,1.0,0.25,1.0
5,4,0.140625,0.0,24.385772705078125,nan,nan,24.385772705078125,0.9999999403953552,2058.46875,0.0,2058.46875,0.0,relative,magnetic,0.01,1.0,1.0,0.25,1.0
5,5,0.171875,0.0,24.307292938232422,nan,nan,24.307292938232422,1.0,2054.81591796875,0.0,2054.81591796875,0.0,relative,magnetic,0.01,1.0,1.0,0.25,1.0
5,6,0.203125,0.0,24.213031768798828,nan,nan,24.213031768798828,1.0,2059.292724609375,0.0,2059.292724609375,0.0,relative,magnetic,0.01,1.0,1.0,0.25,1.0
5,7,0.234375,0.0,24.09910774230957,nan,nan,24.09910774230957,1.0,2054.650390625,0.0,2054.650390625,0.0,relative,magnetic,0.01,1.0,1.0,0.25,1.0
5,8,0.265625,0.00043402777777777775,23.9635009765625,nan,nan,23.9635009765625,1.0,2053.1962890625,0.8911442160606384,2053.197265625,0.0004340277810115367,relative,magnetic,0.01,1.0,1.0,0.25,1.0
5,9,0.296875,0.00390625,23.743295669555664,nan,nan,23.743295669555664,1.0,2058.182861328125,8.039776802062988,2058.208251953125,0.00390625,relative,magnetic,0.01,1.0,1.0,0.25,1.0
5,10,0.328125,0.010850694444444446,22.982995986938477,nan,nan,22.982995986938477,1.0,2057.806884765625,22.328632354736328,2057.958740234375,0.0108506940305233,relative,magnetic,0.01,1.0,1.0,0.25,1.0
5,11,0.359375,0.021267361111111115,21.168197631835938,nan,nan,21.168197631835938,0.9999998807907104,2059.079833984375,43.79119873046875,2059.614990234375,0.02126736380159855,relative,magnetic,0.01,1.0,1.0,0.25,1.0
5,12,0.390625,0.03515625,18.026363372802734,nan,nan,18.026363372802734,0.9999999403953552,2043.5841064453125,71.84475708007812,2044.97216796875,0.03515625,relative,magnetic,0.01,1.0,1.0,0.25,1.0
5,13,0.421875,0.052517361111111105,13.748379707336426,nan,nan,13.748379707336426,1.0,2053.697265625,107.85476684570312,2056.72705078125,0.0525173656642437,relative,magnetic,0.01,1.0,1.0,0.25,1.0
5,14,0.453125,0.07335069444444443,9.331510543823242,nan,nan,9.331510543823242,1.0,2048.505615234375,150.2593231201172,2054.27685546875,0.0733506977558136,relative,magnetic,0.01,1.0,1.0,0.25,1.0
5,15,0.484375,0.09765625,7.513171195983887,nan,nan,7.513171195983887,1.0,2053.95556640625,200.5815887451172,2063.9013671875,0.0976562425494194,relative,magnetic,0.01,1.0,1.0,0.25,1.0
5,16,0.515625,0.1254340277777778,7.503141403198242,nan,nan,7.503141403198242,1.0,2037.0220947265625,255.5118865966797,2053.400634765625,0.1254340261220932,relative,magnetic,0.01,1.0,1.0,0.25,1.0
5,17,0.546875,0.15668402777777776,10.450372695922852,nan,nan,10.450372695922852,0.9999999403953552,2043.811279296875,320.2325744628906,2069.611328125,0.1566840261220932,relative,magnetic,0.01,1.0,1.0,0.25,1.0
5,18,0.578125,0.19140625,9.960232734680176,nan,nan,9.960232734680176,1.0,2046.6744384765625,391.74627685546875,2085.263916015625,0.19140625,relative,magnetic,0.01,1.0,1.0,0.25,1.0
5,19,0.609375,0.22960069444444448,10.888887405395508,nan,nan,10.888887405395508,1.0,2051.37451171875,470.9970397949219,2106.95947265625,0.2296007126569748,relative,magnetic,0.01,1.0,1.0,0.25,1.0
5,20,0.640625,0.27126736111111116,9.64988899230957,nan,nan,9.64988899230957,0.9999999403953552,2050.017822265625,556.1029052734375,2127.213134765625,0.2712673544883728,relative,magnetic,0.01,1.0,1.0,0.25,1.0
5,21,0.671875,0.31640625,7.545909881591797,nan,nan,7.545909881591797,1.0,2049.31982421875,648.4176025390625,2153.16455078125,0.31640625,relative,magnetic,0.01,1.0,1.0,0.25,1.0
5,22,0.703125,0.36501736111111105,7.624383926391602,nan,nan,7.624383926391602,1.0,2049.82177734375,748.2205810546875,2188.85546875,0.3650173842906952,relative,magnetic,0.01,1.0,1.0,0.25,1.0
5,23,0.734375,0.4171006944444445,6.446375846862793,nan,nan,6.446375846862793,0.9999999403953552,2046.6624755859375,853.6643676757812,2222.225830078125,0.4171006977558136,relative,magnetic,0.01,1.0,1.0,0.25,1.0
5,24,0.765625,0.47265625,4.230443477630615,nan,nan,4.230443477630615,0.9999999403953552,2050.951416015625,969.3950805664062,2270.173583984375,0.4726562798023224,relative,magnetic,0.01,1.0,1.0,0.25,1.0
5,25,0.796875,0.5316840277777777,3.791621446609497,nan,nan,3.791621446609497,0.9743152260780334,2051.9052734375,1090.96533203125,2327.343017578125,0.5316840410232544,relative,magnetic,0.01,1.0,1.0,0.25,1.0
5,26,0.828125,0.5941840277777778,4.006580829620361,nan,nan,4.006580829620361,1.0,2058.835205078125,1223.3270263671875,2400.223388671875,0.5941840410232544,relative,magnetic,0.01,1.0,1.0,0.25,1.0
5,27,0.859375,0.66015625,3.1744518280029297,nan,nan,3.1744518280029297,0.9999998807907104,2066.255126953125,1364.05126953125,2480.3896484375,0.66015625,relative,magnetic,0.01,1.0,1.0,0.25,1.0
5,28,0.890625,0.7296006944444444,3.3976404666900635,nan,nan,3.3976404666900635,1.0,2086.71533203125,1522.468994140625,2586.396728515625,0.729600727558136,relative,magnetic,0.01,1.0,1.0,0.25,1.0
5,29,0.921875,0.8025173611111112,2.7687325477600098,nan,nan,2.7687325477600098,0.5364359021186829,2129.822021484375,1709.2191162109375,2730.001708984375,0.8025173544883728,relative,magnetic,0.01,1.0,1.0,0.25,1.0
5,30,0.953125,0.87890625,3.1124260425567627,nan,nan,3.1124260425567627,0.3299931287765503,2197.381103515625,1931.2918701171875,2923.82177734375,0.8789061903953552,relative,magnetic,0.01,1.0,1.0,0.25,1.0
5,31,0.984375,0.958767361111111,2.9632833003997803,nan,nan,2.9632833003997803,0.15079377591609955,2325.41943359375,2229.5361328125,3209.460205078125,0.958767294883728,relative,magnetic,0.01,1.0,1.0,0.25,1.0
6,0,0.015625,0.0,24.79795265197754,nan,nan,24.79795265197754,1.0,2070.296142578125,0.0,2070.296142578125,0.0,relative,magnetic,0.01,1.0,1.0,0.25,1.0
6,1,0.046875,0.0,24.74380874633789,nan,nan,24.74380874633789,1.0,2063.214599609375,0.0,2063.214599609375,0.0,relative,magnetic,0.01,1.0,1.0,0.25,1.0
6,2,0.078125,0.0,24.682844161987305,nan,nan,24.682844161987305,1.0,2061.63427734375,0.0,2061.63427734375,0.0,relative,magnetic,0.01,1.0,1.0,0.25,1.0
6,3,0.109375,0.0,24.611804962158203,nan,nan,24.611804962158203,1.0,2061.191650390625,0.0,2061.191650390625,0.0,relative,magnetic,0.01,1.0,1.0,0.25,1.0
6,4,0.140625,0.0,24.52911376953125,nan,nan,24.52911376953125,1.0,2060.23681640625,0.0,2060.23681640625,0.0,relative,magnetic,0.01,1.0,1.0,0.25,1.0
6,5,0.171875,0.0,24.43527603149414,nan,nan,24.43527603149414,0.9999999403953552,2056.535400390625,0.0,2056.535400390625,0.0,relative,magnetic,0.01,1.0,1.0,0.25,1.0
6,6,0.203125,0.0,24.327022552490234,nan,nan,24.327022552490234,1.0,2060.724853515625,0.0,2060.724853515625,0.0,relative,magnetic,0.01,1.0,1.0,0.25,1.0
6,7,0.234375,0.0,24.199565887451172,nan,nan,24.199565887451172,0.9999998807907104,2055.727783203125,0.0,2055.727783203125,0.0,relative,magnetic,0.01,1.0,1.0,0.25,1.0
6,8,0.265625,0.00043402777777777775,24.050745010375977,nan,nan,24.050745010375977,1.0,2053.843017578125,0.8914248943328857,2053.84423828125,0.00043402775190770626,relative,magnetic,0.01,1.0,1.0,0.25,1.0
6,9,0.296875,0.00390625,23.817415237426758,nan,nan,23.817415237426758,0.9999999403953552,2058.5859375,8.041351318359375,2058.612060546875,0.00390625,relative,magnetic,0.01,1.0,1.0,0.25,1.0
6,10,0.328125,0.010850694444444446,23.041797637939453,nan,nan,23.041797637939453,0.9999999403953552,2058.1279296875,22.332117080688477,2058.28125,0.0108506940305233,relative,magnetic,0.01,1.0,1.0,0.25,1.0
6,11,0.359375,0.021267361111111115,21.18304443359375,nan,nan,21.18304443359375,1.0,2059.512939453125,43.800411224365234,2060.05078125,0.02126736380159855,relative,magnetic,0.01,1.0,1.0,0.25,1.0
6,12,0.390625,0.03515625,17.896026611328125,nan,nan,17.896026611328125,0.9999999403953552,2043.7720947265625,71.85136413574219,2045.1673583984375,0.03515625,relative,magnetic,0.01,1.0,1.0,0.25,1.0
6,13,0.421875,0.052517361111111105,13.503138542175293,nan,nan,13.503138542175293,1.0,2053.748779296875,107.85747528076172,2056.783203125,0.0525173656642437,relative,magnetic,0.01,1.0,1.0,0.25,1.0
6,14,0.453125,0.07335069444444443,9.151867866516113,nan,nan,9.151867866516113,1.0,2048.352294921875,150.24807739257812,2054.1611328125,0.0733506977558136,relative,magnetic,0.01,1.0,1.0,0.25,1.0
6,15,0.484375,0.09765625,7.248349189758301,nan,nan,7.248349189758301,0.9999999403953552,2053.871337890625,200.57337951660156,2063.972900390625,0.09765625,relative,magnetic,0.01,1.0,1.0,0.25,1.0
6,16,0.515625,0.1254340277777778,8.930390357971191,nan,nan,8.930390357971191,0.9999999403953552,2036.7701416015625,255.48028564453125,2053.090087890625,0.1254340261220932,relative,magnetic,0.01,1.0,1.0,0.25,1.0
6,17,0.546875,0.15668402777777776,8.617177963256836,nan,nan,8.617177963256836,1.0,2043.6044921875,320.2001647949219,2069.39990234375,0.1566840261220932,relative,magnetic,0.01,1.0,1.0,0.25,1.0
6,18,0.578125,0.19140625,12.038354873657227,nan,nan,12.038354873657227,0.9999999403953552,2046.530029296875,391.7186584472656,2085.177734375,0.1914062649011612,relative,magnetic,0.01,1.0,1.0,0.25,1.0
6,19,0.609375,0.22960069444444448,9.780671119689941,nan,nan,9.780671119689941,1.0,2051.3193359375,470.9843444824219,2107.077392578125,0.2296006977558136,relative,magnetic,0.01,1.0,1.0,0.25,1.0
6,20,0.640625,0.27126736111111116,10.59400749206543,nan,nan,10.59400749206543,1.0,2049.83642578125,556.0537109375,2126.8603515625,0.2712673544883728,relative,magnetic,0.01,1.0,1.0,0.25,1.0
6,21,0.671875,0.31640625,7.619903564453125,nan,nan,7.619903564453125,0.9999999403953552,2049.38427734375,648.4380493164062,2153.15234375,0.3164062798023224,relative,magnetic,0.01,1.0,1.0,0.25,1.0
6,22,0.703125,0.36501736111111105,8.594802856445312,nan,nan,8.594802856445312,1.0,2049.929931640625,748.260009765625,2187.458984375,0.3650173544883728,relative,magnetic,0.01,1.0,1.0,0.25,1.0
6,23,0.734375,0.4171006944444445,5.3914265632629395,nan,nan,5.3914265632629395,1.0,2046.8983154296875,853.7626953125,2220.032958984375,0.4171006977558136,relative,magnetic,0.01,1.0,1.0,0.25,1.0
6,24,0.765625,0.47265625,5.692445278167725,nan,nan,5.692445278167725,1.0,2050.97705078125,969.4070434570312,2272.696044921875,0.4726562201976776,relative,magnetic,0.01,1.0,1.0,0.25,1.0
6,25,0.796875,0.5316840277777777,5.06287956237793,nan,nan,5.06287956237793,1.0,2052.192138671875,1091.117919921875,2327.473388671875,0.5316841006278992,relative,magnetic,0.01,1.0,1.0,0.25,1.0
6,26,0.828125,0.5941840277777778,4.442322254180908,nan,nan,4.442322254180908,1.0,2058.078857421875,1222.8778076171875,2397.226318359375,0.594184160232544,relative,magnetic,0.01,1.0,1.0,0.25,1.0
6,27,0.859375,0.66015625,4.6511383056640625,nan,nan,4.6511383056640625,0.9999999403953552,2065.9404296875,1363.843505859375,2480.836181640625,0.66015625,relative,magnetic,0.01,1.0,1.0,0.25,1.0
6,28,0.890625,0.7296006944444444,3.842287063598633,nan,nan,3.842287063598633,0.9999998807907104,2086.364501953125,1522.212890625,2585.255615234375,0.7296006679534912,relative,magnetic,0.01,1.0,1.0,0.25,1.0
6,29,0.921875,0.8025173611111112,3.020172357559204,nan,nan,3.020172357559204,0.43405285477638245,2129.336181640625,1708.8291015625,2733.345703125,0.802517294883728,relative,magnetic,0.01,1.0,1.0,0.25,1.0
6,30,0.953125,0.87890625,3.9033119678497314,nan,nan,3.9033119678497314,0.22830095887184143,2196.67041015625,1930.6671142578125,2927.253662109375,0.8789061307907104,relative,magnetic,0.01,1.0,1.0,0.25,1.0
6,31,0.984375,0.958767361111111,3.4488837718963623,nan,nan,3.4488837718963623,0.9999999403953552,2325.301513671875,2229.42333984375,3229.387451171875,0.9587674140930176,relative,magnetic,0.01,1.0,1.0,0.25,1.0
7,0,0.015625,0.0,23.6151180267334,nan,nan,23.6151180267334,0.9999999403953552,2069.1708984375,0.0,2069.1708984375,0.0,relative,magnetic,0.01,1.0,1.0,0.25,1.0
7,1,0.046875,0.0,23.577232360839844,nan,nan,23.577232360839844,1.0,2061.194580078125,0.0,2061.194580078125,0.0,relative,magnetic,0.01,1.0,1.0,0.25,1.0
7,2,0.078125,0.0,23.53258514404297,nan,nan,23.53258514404297,1.0,2058.790771484375,0.0,2058.790771484375,0.0,relative,magnetic,0.01,1.0,1.0,0.25,1.0
7,3,0.109375,0.0,23.478925704956055,nan,nan,23.478925704956055,0.9999999403953552,2058.143798828125,0.0,2058.143798828125,0.0,relative,magnetic,0.01,1.0,1.0,0.25,1.0
7,4,0.140625,0.0,23.414777755737305,nan,nan,23.414777755737305,1.0,2056.744873046875,0.0,2056.744873046875,0.0,relative,magnetic,0.01,1.0,1.0,0.25,1.0
7,5,0.171875,0.0,23.339841842651367,nan,nan,23.339841842651367,1.0000001192092896,2052.796630859375,0.0,2052.796630859375,0.0,relative,magnetic,0.01,1.0,1.0,0.25,1.0
7,6,0.203125,0.0,23.251968383789062,nan,nan,23.251968383789062,1.0,2056.97265625,0.0,2056.97265625,0.0,relative,magnetic,0.01,1.0,1.0,0.25,1.0
7,7,0.234375,0.0,23.14803695678711,nan,nan,23.14803695678711,1.0,2052.205322265625,0.0,2052.205322265625,0.0,relative,magnetic,0.01,1.0,1.0,0.25,1.0
7,8,0.265625,0.00043402777777777775,23.02766990661621,nan,nan,23.02766990661621,0.9999999403953552,2050.408447265625,0.8899343013763428,2050.409423828125,0.0004340278101153672,relative,magnetic,0.01,1.0,1.0,0.25,1.0
7,9,0.296875,0.00390625,22.83168601989746,nan,nan,22.83168601989746,1.0,2055.214111328125,8.028180122375488,2055.238037109375,0.00390625,relative,magnetic,0.01,1.0,1.0,0.25,1.0
7,10,0.328125,0.010850694444444446,22.11522102355957,nan,nan,22.11522102355957,1.0,2054.7509765625,22.295475006103516,2054.897216796875,0.0108506940305233,relative,magnetic,0.01,1.0,1.0,0.25,1.0
7,11,0.359375,0.021267361111111115,20.36081886291504,nan,nan,20.36081886291504,1.0,2055.988525390625,43.7254524230957,2056.5078125,0.0212673619389534,relative,magnetic,0.01,1.0,1.0,0.25,1.0
7,12,0.390625,0.03515625,17.22233772277832,nan,nan,17.22233772277832,1.0,2040.187744140625,71.72534942626953,2041.5462646484375,0.03515625,relative,magnetic,0.01,1.0,1.0,0.25,1.0
7,13,0.421875,0.052517361111111105,12.993203163146973,nan,nan,12.993203163146973,1.0,2050.05810546875,107.66365051269531,2053.037109375,0.0525173656642437,relative,magnetic,0.01,1.0,1.0,0.25,1.0
7,14,0.453125,0.07335069444444443,9.088603973388672,nan,nan,9.088603973388672,0.9999999403953552,2044.50341796875,149.96575927734375,2050.235595703125,0.0733506977558136,relative,magnetic,0.01,1.0,1.0,0.25,1.0
7,15,0.484375,0.09765625,7.634807109832764,nan,nan,7.634807109832764,1.0,2049.6162109375,200.1578369140625,2059.567626953125,0.09765625,relative,magnetic,0.01,1.0,1.0,0.25,1.0
7,16,0.515625,0.1254340277777778,8.003860473632812,nan,nan,8.003860473632812,1.0,2032.4830322265625,254.9425506591797,2048.94873046875,0.1254340410232544,relative,magnetic,0.01,1.0,1.0,0.25,1.0
7,17,0.546875,0.15668402777777776,10.955705642700195,nan,nan,10.955705642700195,1.0,2039.0792236328125,319.49114990234375,2064.72802734375,0.1566840261220932,relative,magnetic,0.01,1.0,1.0,0.25,1.0
7,18,0.578125,0.19140625,9.772764205932617,nan,nan,9.772764205932617,1.0,2041.921142578125,390.83648681640625,2080.621826171875,0.1914062649011612,relative,magnetic,0.01,1.0,1.0,0.25,1.0
7,19,0.609375,0.22960069444444448,10.563591957092285,nan,nan,10.563591957092285,1.0,2046.6646728515625,469.9156494140625,2101.998291015625,0.2296006977558136,relative,magnetic,0.01,1.0,1.0,0.25,1.0
7,20,0.640625,0.27126736111111116,9.225234031677246,nan,nan,9.225234031677246,1.0,2045.0301513671875,554.7499389648438,2122.125,0.2712673544883728,relative,magnetic,0.01,1.0,1.0,0.25,1.0
7,21,0.671875,0.31640625,7.667811870574951,nan,nan,7.667811870574951,0.9999999403953552,2044.6016845703125,646.9248046875,2147.203857421875,0.3164062798023224,relative,magnetic,0.01,1.0,1.0,0.25,1.0
7,22,0.703125,0.36501736111111105,5.897313117980957,nan,nan,5.897313117980957,1.0,2045.3985595703125,746.60595703125,2182.18310546875,0.3650173544883728,relative,magnetic,0.01,1.0,1.0,0.25,1.0
7,23,0.734375,0.4171006944444445,6.436129093170166,nan,nan,6.436129093170166,1.0,2042.5889892578125,851.96533203125,2218.8447265625,0.417100727558136,relative,magnetic,0.01,1.0,1.0,0.25,1.0
7,24,0.765625,0.47265625,4.046848297119141,nan,nan,4.046848297119141,1.0,2047.29541015625,967.6669921875,2266.32080078125,0.47265625,relative,magnetic,0.01,1.0,1.0,0.25,1.0
7,25,0.796875,0.5316840277777777,3.2151479721069336,nan,nan,3.2151479721069336,0.9999998807907104,2048.96923828125,1089.404296875,2321.759765625,0.5316840410232544,relative,magnetic,0.01,1.0,1.0,0.25,1.0
7,26,0.828125,0.5941840277777778,4.158009052276611,nan,nan,4.158009052276611,1.0,2056.315185546875,1221.82958984375,2396.55322265625,0.5941839814186096,relative,magnetic,0.01,1.0,1.0,0.25,1.0
7,27,0.859375,0.66015625,3.9515230655670166,nan,nan,3.9515230655670166,1.0,2065.355712890625,1363.45751953125,2477.534912109375,0.66015625,relative,magnetic,0.01,1.0,1.0,0.25,1.0
7,28,0.890625,0.7296006944444444,2.802414894104004,nan,nan,2.802414894104004,1.0,2086.69140625,1522.451416015625,2586.781494140625,0.7296006679534912,relative,magnetic,0.01,1.0,1.0,0.25,1.0
7,29,0.921875,0.8025173611111112,2.8023252487182617,nan,nan,2.8023252487182617,0.5629148483276367,2133.337646484375,1712.0404052734375,2732.17138671875,0.802517294883728,relative,magnetic,0.01,1.0,1.0,0.25,1.0
7,30,0.953125,0.87890625,2.489349603652954,nan,nan,2.489349603652954,0.16242484748363495,2207.36865234375,1940.0699462890625,2943.0595703125,0.8789061903953552,relative,magnetic,0.01,1.0,1.0,0.25,1.0
7,31,0.984375,0.958767361111111,5.017223834991455,nan,nan,5.017223834991455,0.4795772433280945,2347.68701171875,2250.8857421875,3259.968505859375,0.9587674140930176,relative,magnetic,0.01,1.0,1.0,0.25,1.0
8,0,0.015625,0.0,24.36800765991211,nan,nan,24.36800765991211,1.0,2068.720703125,0.0,2068.720703125,0.0,relative,magnetic,0.01,1.0,1.0,0.25,1.0
8,1,0.046875,0.0,24.307796478271484,nan,nan,24.307796478271484,1.0,2060.67138671875,0.0,2060.67138671875,0.0,relative,magnetic,0.01,1.0,1.0,0.25,1.0
8,2,0.078125,0.0,24.24066925048828,nan,nan,24.24066925048828,1.0000001192092896,2058.03466796875,0.0,2058.03466796875,0.0,relative,magnetic,0.01,1.0,1.0,0.25,1.0
8,3,0.109375,0.0,24.16400718688965,nan,nan,24.16400718688965,1.0,2057.216796875,0.0,2057.216796875,0.0,relative,magnetic,0.01,1.0,1.0,0.25,1.0
8,4,0.140625,0.0,24.075973510742188,nan,nan,24.075973510742188,1.0,2056.0263671875,0.0,2056.0263671875,0.0,relative,magnetic,0.01,1.0,1.0,0.25,1.0
8,5,0.171875,0.0,23.97603988647461,nan,nan,23.97603988647461,0.9999999403953552,2052.537353515625,0.0,2052.537353515625,0.0,relative,magnetic,0.01,1.0,1.0,0.25,1.0
8,6,0.203125,0.0,23.86132049560547,nan,nan,23.86132049560547,0.9999999403953552,2057.098876953125,0.0,2057.098876953125,0.0,relative,magnetic,0.01,1.0,1.0,0.25,1.0
8,7,0.234375,0.0,23.727277755737305,nan,nan,23.727277755737305,1.0,2052.625732421875,0.0,2052.625732421875,0.0,relative,magnetic,0.01,1.0,1.0,0.25,1.0
8,8,0.265625,0.00043402777777777775,23.572505950927734,nan,nan,23.572505950927734,1.0,2050.620849609375,0.8900264501571655,2050.6220703125,0.0004340278101153672,relative,magnetic,0.01,1.0,1.0,0.25,1.0
8,9,0.296875,0.00390625,23.3321475982666,nan,nan,23.3321475982666,0.9999999403953552,2055.296142578125,8.028501510620117,2055.322021484375,0.003906250465661287,relative,magnetic,0.01,1.0,1.0,0.25,1.0
8,10,0.328125,0.010850694444444446,22.537799835205078,nan,nan,22.537799835205078,1.0,2054.632568359375,22.294189453125,2054.78466796875,0.0108506940305233,relative,magnetic,0.01,1.0,1.0,0.25,1.0
8,11,0.359375,0.021267361111111115,20.661081314086914,nan,nan,20.661081314086914,1.0,2055.59326171875,43.717044830322266,2056.125732421875,0.0212673619389534,relative,magnetic,0.01,1.0,1.0,0.25,1.0
8,12,0.390625,0.03515625,17.424970626831055,nan,nan,17.424970626831055,1.0,2039.3173828125,71.69474792480469,2040.69970703125,0.0351562462747097,relative,magnetic,0.01,1.0,1.0,0.25,1.0
8,13,0.421875,0.052517361111111105,13.160568237304688,nan,nan,13.160568237304688,1.0,2048.875244140625,107.60153198242188,2051.899658203125,0.0525173656642437,relative,magnetic,0.01,1.0,1.0,0.25,1.0
8,14,0.453125,0.07335069444444443,8.857254028320312,nan,nan,8.857254028320312,1.0,2042.9036865234375,149.84841918945312,2048.73388671875,0.0733507052063942,relative,magnetic,0.01,1.0,1.0,0.25,1.0
8,15,0.484375,0.09765625,7.142951488494873,nan,nan,7.142951488494873,0.9999999403953552,2047.6671142578125,199.96749877929688,2057.695068359375,0.09765625,relative,magnetic,0.01,1.0,1.0,0.25,1.0
8,16,0.515625,0.1254340277777778,9.228681564331055,nan,nan,9.228681564331055,0.9999999403953552,2030.410400390625,254.6825714111328,2046.8685302734375,0.1254340410232544,relative,magnetic,0.01,1.0,1.0,0.25,1.0
8,17,0.546875,0.15668402777777776,9.104312896728516,nan,nan,9.104312896728516,1.0,2036.8541259765625,319.14251708984375,2062.488525390625,0.1566840261220932,relative,magnetic,0.01,1.0,1.0,0.25,1.0
8,18,0.578125,0.19140625,11.8508939743042,nan,nan,11.8508939743042,1.0,2039.7490234375,390.42071533203125,2078.18212890625,0.19140625,relative,magnetic,0.01,1.0,1.0,0.25,1.0
8,19,0.609375,0.22960069444444448,9.302823066711426,nan,nan,9.302823066711426,1.0,2044.5450439453125,469.42901611328125,2100.057373046875,0.229600727558136,relative,magnetic,0.01,1.0,1.0,0.25,1.0
8,20,0.640625,0.27126736111111116,9.601027488708496,nan,nan,9.601027488708496,0.9999999403953552,2042.885498046875,554.168212890625,2119.823486328125,0.2712673842906952,relative,magnetic,0.01,1.0,1.0,0.25,1.0
8,21,0.671875,0.31640625,8.71071720123291,nan,nan,8.71071720123291,1.0,2042.458740234375,646.2467041015625,2145.5166015625,0.31640625,relative,magnetic,0.01,1.0,1.0,0.25,1.0
8,22,0.703125,0.36501736111111105,4.721463203430176,nan,nan,4.721463203430176,0.9989288449287415,2043.3018798828125,745.8406372070312,2177.487060546875,0.3650173544883728,relative,magnetic,0.01,1.0,1.0,0.25,1.0
8,23,0.734375,0.4171006944444445,8.853808403015137,nan,nan,8.853808403015137,0.9999998807907104,2040.7041015625,851.1791381835938,2219.8662109375,0.417100727558136,relative,magnetic,0.01,1.0,1.0,0.25,1.0
8,24,0.765625,0.47265625,4.373955249786377,nan,nan,4.373955249786377,1.0,2045.6507568359375,966.8896484375,2265.042724609375,0.4726562798023224,relative,magnetic,0.01,1.0,1.0,0.25,1.0
8,25,0.796875,0.5316840277777777,5.888473033905029,nan,nan,5.888473033905029,1.0,2047.0865478515625,1088.4033203125,2322.779541015625,0.5316841006278992,relative,magnetic,0.01,1.0,1.0,0.25,1.0
8,26,0.828125,0.5941840277777778,3.9137990474700928,nan,nan,3.9137990474700928,0.43571552634239197,2053.7880859375,1220.328125,2384.75439453125,0.5941840410232544,relative,magnetic,0.01,1.0,1.0,0.25,1.0
8,27,0.859375,0.66015625,8.957289695739746,nan,nan,8.957289695739746,1.0,2064.09326171875,1362.6240234375,2484.4833984375,0.66015625,relative,magnetic,0.01,1.0,1.0,0.25,1.0
8,28,0.890625,0.7296006944444444,4.725891590118408,nan,nan,4.725891590118408,1.0000001192092896,2086.75,1522.494140625,2588.011962890625,0.7296006679534912,relative,magnetic,0.01,1.0,1.0,0.25,1.0
8,29,0.921875,0.8025173611111112,3.508556604385376,nan,nan,3.508556604385376,0.2415943294763565,2133.258056640625,1711.976318359375,2740.01611328125,0.8025172352790833,relative,magnetic,0.01,1.0,1.0,0.25,1.0
8,30,0.953125,0.87890625,5.020468711853027,nan,nan,5.020468711853027,1.0000001192092896,2210.00146484375,1942.3841552734375,2948.104248046875,0.87890625,relative,magnetic,0.01,1.0,1.0,0.25,1.0
8,31,0.984375,0.958767361111111,4.120475769042969,nan,nan,4.120475769042969,0.9999999403953552,2349.755859375,2252.869384765625,3263.5791015625,0.9587674140930176,relative,magnetic,0.01,1.0,1.0,0.25,1.0
9,0,0.015625,0.0,24.48335075378418,nan,nan,24.48335075378418,1.0,2069.475341796875,0.0,2069.475341796875,0.0,relative,magnetic,0.01,1.0,1.0,0.25,1.0
9,1,0.046875,0.0,24.429615020751953,nan,nan,24.429615020751953,0.9999998807907104,2060.74267578125,0.0,2060.74267578125,0.0,relative,magnetic,0.01,1.0,1.0,0.25,1.0
9,2,0.078125,0.0,24.367431640625,nan,nan,24.367431640625,1.0,2058.172607421875,0.0,2058.172607421875,0.0,relative,magnetic,0.01,1.0,1.0,0.25,1.0
9,3,0.109375,0.0,24.293941497802734,nan,nan,24.293941497802734,1.0000001192092896,2057.57958984375,0.0,2057.57958984375,0.0,relative,magnetic,0.01,1.0,1.0,0.25,1.0
9,4,0.140625,0.0,24.20799446105957,nan,nan,24.20799446105957,0.9999999403953552,2056.09423828125,0.0,2056.09423828125,0.0,relative,magnetic,0.01,1.0,1.0,0.25,1.0
9,5,0.171875,0.0,24.109302520751953,nan,nan,24.109302520751953,0.9999998807907104,2052.328857421875,0.0,2052.328857421875,0.0,relative,magnetic,0.01,1.0,1.0,0.25,1.0
9,6,0.203125,0.0,23.994922637939453,nan,nan,23.994922637939453,0.9999999403953552,2056.843505859375,0.0,2056.843505859375,0.0,relative,magnetic,0.01,1.0,1.0,0.25,1.0
9,7,0.234375,0.0,23.861249923706055,nan,nan,23.861249923706055,0.9999999403953552,2052.199462890625,0.0,2052.199462890625,0.0,relative,magnetic,0.01,1.0,1.0,0.25,1.0
9,8,0.265625,0.00043402777777777775,23.706928253173828,nan,nan,23.706928253173828,1.0,2050.61279296875,0.890022873878479,2050.614013671875,0.00043402775190770626,relative,magnetic,0.01,1.0,1.0,0.25,1.0
9,9,0.296875,0.00390625,23.467012405395508,nan,nan,23.467012405395508,1.0,2055.69091796875,8.030043601989746,2055.716552734375,0.003906250465661287,relative,magnetic,0.01,1.0,1.0,0.25,1.0
9,10,0.328125,0.010850694444444446,22.6641902923584,nan,nan,22.6641902923584,0.9999999403953552,2055.357421875,22.30205535888672,2055.509765625,0.0108506940305233,relative,magnetic,0.01,1.0,1.0,0.25,1.0
9,11,0.359375,0.021267361111111115,20.761377334594727,nan,nan,20.761377334594727,0.9999999403953552,2056.690185546875,43.74037551879883,2057.225830078125,0.0212673619389534,relative,magnetic,0.01,1.0,1.0,0.25,1.0
9,12,0.390625,0.03515625,17.433326721191406,nan,nan,17.433326721191406,1.0,2040.9305419921875,71.75146484375,2042.3240966796875,0.03515625,relative,magnetic,0.01,1.0,1.0,0.25,1.0
9,13,0.421875,0.052517361111111105,13.168844223022461,nan,nan,13.168844223022461,1.0,2050.854736328125,107.70548248291016,2053.904541015625,0.0525173619389534,relative,magnetic,0.01,1.0,1.0,0.25,1.0
9,14,0.453125,0.07335069444444443,9.086740493774414,nan,nan,9.086740493774414,1.0,2045.3726806640625,150.02952575683594,2051.1435546875,0.0733507052063942,relative,magnetic,0.01,1.0,1.0,0.25,1.0
9,15,0.484375,0.09765625,7.685428142547607,nan,nan,7.685428142547607,1.0,2050.65625,200.25941467285156,2060.721923828125,0.0976562574505806,relative,magnetic,0.01,1.0,1.0,0.25,1.0
9,16,0.515625,0.1254340277777778,8.844616889953613,nan,nan,8.844616889953613,0.9999999403953552,2033.7471923828125,255.10110473632812,2050.029052734375,0.1254340261220932,relative,magnetic,0.01,1.0,1.0,0.25,1.0
9,17,0.546875,0.15668402777777776,9.196675300598145,nan,nan,9.196675300598145,1.0,2040.6265869140625,319.73358154296875,2066.43505859375,0.1566840261220932,relative,magnetic,0.01,1.0,1.0,0.25,1.0
9,18,0.578125,0.19140625,11.76423168182373,nan,nan,11.76423168182373,1.0,2043.61083984375,391.1598815917969,2082.081298828125,0.19140625,relative,magnetic,0.01,1.0,1.0,0.25,1.0
9,19,0.609375,0.22960069444444448,9.345063209533691,nan,nan,9.345063209533691,0.9999999403953552,2048.503173828125,470.3377685546875,2104.29296875,0.2296006977558136,relative,magnetic,0.01,1.0,1.0,0.25,1.0
9,20,0.640625,0.27126736111111116,11.414566040039062,nan,nan,11.414566040039062,1.0,2047.1937255859375,555.3368530273438,2124.010498046875,0.2712673544883728,relative,magnetic,0.01,1.0,1.0,0.25,1.0
9,21,0.671875,0.31640625,6.082836151123047,nan,nan,6.082836151123047,0.9999998807907104,2046.9669189453125,647.6731567382812,2151.184814453125,0.31640625,relative,magnetic,0.01,1.0,1.0,0.25,1.0
9,22,0.703125,0.36501736111111105,8.978007316589355,nan,nan,8.978007316589355,1.0,2047.6685791015625,747.4345703125,2184.643798828125,0.3650173544883728,relative,magnetic,0.01,1.0,1.0,0.25,1.0
9,23,0.734375,0.4171006944444445,4.873815536499023,nan,nan,4.873815536499023,1.0,2045.3277587890625,853.1076049804688,2220.07666015625,0.4171006977558136,relative,magnetic,0.01,1.0,1.0,0.25,1.0
9,24,0.765625,0.47265625,6.091587066650391,nan,nan,6.091587066650391,0.9999999403953552,2050.172119140625,969.026611328125,2273.684326171875,0.4726562201976776,relative,magnetic,0.01,1.0,1.0,0.25,1.0
9,25,0.796875,0.5316840277777777,3.9413533210754395,nan,nan,3.9413533210754395,1.0,2051.934326171875,1090.980712890625,2326.7353515625,0.5316840410232544,relative,magnetic,0.01,1.0,1.0,0.25,1.0
9,26,0.828125,0.5941840277777778,3.5469582080841064,nan,nan,3.5469582080841064,1.0,2058.836669921875,1223.327880859375,2398.6279296875,0.5941840410232544,relative,magnetic,0.01,1.0,1.0,0.25,1.0
9,27,0.859375,0.66015625,3.113891124725342,nan,nan,3.113891124725342,0.4747903347015381,2066.507080078125,1364.217529296875,2471.493896484375,0.66015625,relative,magnetic,0.01,1.0,1.0,0.25,1.0
9,28,0.890625,0.7296006944444444,4.6260786056518555,nan,nan,4.6260786056518555,0.47788724303245544,2089.4619140625,1524.472900390625,2591.375244140625,0.729600727558136,relative,magnetic,0.01,1.0,1.0,0.25,1.0
9,29,0.921875,0.8025173611111112,5.586397171020508,nan,nan,5.586397171020508,1.0000001192092896,2134.980224609375,1713.3585205078125,2743.751708984375,0.802517294883728,relative,magnetic,0.01,1.0,1.0,0.25,1.0
9,30,0.953125,0.87890625,4.028030872344971,nan,nan,4.028030872344971,0.084473617374897,2202.666015625,1935.9368896484375,2920.2685546875,0.87890625,relative,magnetic,0.01,1.0,1.0,0.25,1.0
9,31,0.984375,0.958767361111111,3.8450822830200195,nan,nan,3.8450822830200195,0.5773012042045593,2339.80615234375,2243.329833984375,3239.513427734375,0.9587674140930176,relative,magnetic,0.01,1.0,1.0,0.25,1.0
10,0,0.015625,0.0,24.789901733398438,nan,nan,24.789901733398438,0.9999999403953552,2070.84619140625,0.0,2070.84619140625,0.0,relative,magnetic,0.01,1.0,1.0,0.25,1.0
10,1,0.046875,0.0,24.738433837890625,nan,nan,24.738433837890625,1.0,2063.99462890625,0.0,2063.99462890625,0.0,relative,magnetic,0.01,1.0,1.0,0.25,1.0
10,2,0.078125,0.0,24.680587768554688,nan,nan,24.680587768554688,0.9999999403953552,2061.886962890625,0.0,2061.886962890625,0.0,relative,magnetic,0.01,1.0,1.0,0.25,1.0
10,3,0.109375,0.0,24.61341094970703,nan,nan,24.61341094970703,1.0,2061.19384765625,0.0,2061.19384765625,0.0,relative,magnetic,0.01,1.0,1.0,0.25,1.0
10,4,0.140625,0.0,24.535476684570312,nan,nan,24.535476684570312,1.0,2059.5869140625,0.0,2059.5869140625,0.0,relative,magnetic,0.01,1.0,1.0,0.25,1.0
10,5,0.171875,0.0,24.446853637695312,nan,nan,24.446853637695312,1.0,2055.543701171875,0.0,2055.543701171875,0.0,relative,magnetic,0.01,1.0,1.0,0.25,1.0
10,6,0.203125,0.0,24.345003128051758,nan,nan,24.345003128051758,0.9999999403953552,2059.616943359375,0.0,2059.616943359375,0.0,relative,magnetic,0.01,1.0,1.0,0.25,1.0
10,7,0.234375,0.0,24.22551155090332,nan,nan,24.22551155090332,1.0,2054.736572265625,0.0,2054.736572265625,0.0,relative,magnetic,0.01,1.0,1.0,0.25,1.0
10,8,0.265625,0.00043402777777777775,24.086654663085938,nan,nan,24.086654663085938,0.9999999403953552,2053.158935546875,0.8911280035972595,2053.16015625,0.0004340277810115367,relative,magnetic,0.01,1.0,1.0,0.25,1.0
10,9,0.296875,0.00390625,23.863876342773438,nan,nan,23.863876342773438,0.9999999403953552,2058.30419921875,8.040250778198242,2058.3291015625,0.00390625,relative,magnetic,0.01,1.0,1.0,0.25,1.0
10,10,0.328125,0.010850694444444446,23.083274841308594,nan,nan,23.083274841308594,0.9999999403953552,2057.843994140625,22.329036712646484,2057.993408203125,0.010850694961845875,relative,magnetic,0.01,1.0,1.0,0.25,1.0
10,11,0.359375,0.021267361111111115,21.200456619262695,nan,nan,21.200456619262695,0.9999999403953552,2059.06787109375,43.79094314575195,2059.596923828125,0.0212673619389534,relative,magnetic,0.01,1.0,1.0,0.25,1.0
10,12,0.390625,0.03515625,17.877178192138672,nan,nan,17.877178192138672,1.0,2043.5257568359375,71.84270477294922,2044.9041748046875,0.03515625,relative,magnetic,0.01,1.0,1.0,0.25,1.0
10,13,0.421875,0.052517361111111105,13.303110122680664,nan,nan,13.303110122680664,1.0,2053.55908203125,107.8475112915039,2056.5849609375,0.0525173656642437,relative,magnetic,0.01,1.0,1.0,0.25,1.0
10,14,0.453125,0.07335069444444443,8.96045207977295,nan,nan,8.96045207977295,1.0,2048.028564453125,150.2243194580078,2053.82080078125,0.0733506977558136,relative,magnetic,0.01,1.0,1.0,0.25,1.0
10,15,0.484375,0.09765625,7.4712018966674805,nan,nan,7.4712018966674805,0.9999999403953552,2053.18310546875,200.50616455078125,2063.12158203125,0.09765625,relative,magnetic,0.01,1.0,1.0,0.25,1.0
10,16,0.515625,0.1254340277777778,7.481154441833496,nan,nan,7.481154441833496,1.0,2035.9163818359375,255.37319946289062,2052.371337890625,0.1254340261220932,relative,magnetic,0.01,1.0,1.0,0.25,1.0
10,17,0.546875,0.15668402777777776,10.352324485778809,nan,nan,10.352324485778809,1.0,2042.32666015625,319.9999694824219,2068.063720703125,0.1566840261220932,relative,magnetic,0.01,1.0,1.0,0.25,1.0
10,18,0.578125,0.19140625,9.757184028625488,nan,nan,9.757184028625488,0.9999999403953552,2045.02880859375,391.4313049316406,2083.708740234375,0.19140625,relative,magnetic,0.01,1.0,1.0,0.25,1.0
10,19,0.609375,0.22960069444444448,10.9237699508667,nan,nan,10.9237699508667,1.0,2049.53662109375,470.5750427246094,2105.32763671875,0.2296006977558136,relative,magnetic,0.01,1.0,1.0,0.25,1.0
10,20,0.640625,0.27126736111111116,8.987948417663574,nan,nan,8.987948417663574,1.0,2047.8154296875,555.5054931640625,2125.016845703125,0.2712673544883728,relative,magnetic,0.01,1.0,1.0,0.25,1.0
10,21,0.671875,0.31640625,8.477208137512207,nan,nan,8.477208137512207,0.9999999403953552,2047.0389404296875,647.6959228515625,2150.696044921875,0.31640625,relative,magnetic,0.01,1.0,1.0,0.25,1.0
10,22,0.703125,0.36501736111111105,5.562773704528809,nan,nan,5.562773704528809,0.9999999403953552,2047.629150390625,747.4202270507812,2181.543212890625,0.3650173842906952,relative,magnetic,0.01,1.0,1.0,0.25,1.0
10,23,0.734375,0.4171006944444445,6.670765399932861,nan,nan,6.670765399932861,1.0,2044.7073974609375,852.848876953125,2219.860595703125,0.4171006977558136,relative,magnetic,0.01,1.0,1.0,0.25,1.0
10,24,0.765625,0.47265625,3.6043922901153564,nan,nan,3.6043922901153564,0.7100486755371094,2049.2197265625,968.576416015625,2268.739013671875,0.4726561903953552,relative,magnetic,0.01,1.0,1.0,0.25,1.0
10,25,0.796875,0.5316840277777777,9.065339088439941,nan,nan,9.065339088439941,1.0,2051.017578125,1090.493408203125,2333.114013671875,0.5316841006278992,relative,magnetic,0.01,1.0,1.0,0.25,1.0
10,26,0.828125,0.5941840277777778,4.3088765144348145,nan,nan,4.3088765144348145,1.0,2058.389892578125,1223.0625,2399.221923828125,0.5941841006278992,relative,magnetic,0.01,1.0,1.0,0.25,1.0
10,27,0.859375,0.66015625,3.6795358657836914,nan,nan,3.6795358657836914,0.7277921438217163,2066.718994140625,1364.357421875,2476.67626953125,0.66015625,relative,magnetic,0.01,1.0,1.0,0.25,1.0
10,28,0.890625,0.7296006944444444,4.880405902862549,nan,nan,4.880405902862549,0.9999999403953552,2089.03125,1524.1585693359375,2591.75,0.7296006679534912,relative,magnetic,0.01,1.0,1.0,0.25,1.0
10,29,0.921875,0.8025173611111112,3.1506714820861816,nan,nan,3.1506714820861816,0.18061761558055878,2134.56005859375,1713.0213623046875,2729.6689453125,0.802517294883728,relative,magnetic,0.01,1.0,1.0,0.25,1.0
10,30,0.953125,0.87890625,3.981160879135132,nan,nan,3.981160879135132,1.0,2206.839599609375,1939.605224609375,2942.493408203125,0.8789063096046448,relative,magnetic,0.01,1.0,1.0,0.25,1.0
10,31,0.984375,0.958767361111111,3.684767723083496,nan,nan,3.684767723083496,0.17344269156455994,2336.302978515625,2239.970703125,3230.522705078125,0.9587672352790833,relative,magnetic,0.01,1.0,1.0,0.25,1.0
11,0,0.015625,0.0,24.486318588256836,nan,nan,24.486318588256836,0.9999999403953552,2069.03662109375,0.0,2069.03662109375,0.0,relative,magnetic,0.01,1.0,1.0,0.25,1.0
11,1,0.046875,0.0,24.43731117248535,nan,nan,24.43731117248535,1.0,2060.8974609375,0.0,2060.8974609375,0.0,relative,magnetic,0.01,1.0,1.0,0.25,1.0
11,2,0.078125,0.0,24.382183074951172,nan,nan,24.382183074951172,1.0,2058.63671875,0.0,2058.63671875,0.0,relative,magnetic,0.01,1.0,1.0,0.25,1.0
11,3,0.109375,0.0,24.318363189697266,nan,nan,24.318363189697266,0.9999999403953552,2058.10302734375,0.0,2058.10302734375,0.0,relative,magnetic,0.01,1.0,1.0,0.25,1.0
11,4,0.140625,0.0,24.2442569732666,nan,nan,24.2442569732666,1.0,2056.506591796875,0.0,2056.506591796875,0.0,relative,magnetic,0.01,1.0,1.0,0.25,1.0
11,5,0.171875,0.0,24.159408569335938,nan,nan,24.159408569335938,0.9999999403953552,2052.57763671875,0.0,2052.57763671875,0.0,relative,magnetic,0.01,1.0,1.0,0.25,1.0
11,6,0.203125,0.0,24.061155319213867,nan,nan,24.061155319213867,1.0,2057.130126953125,0.0,2057.130126953125,0.0,relative,magnetic,0.01,1.0,1.0,0.25,1.0
11,7,0.234375,0.0,23.944942474365234,nan,nan,23.944942474365234,1.0,2052.54541015625,0.0,2052.54541015625,0.0,relative,magnetic,0.01,1.0,1.0,0.25,1.0
11,8,0.265625,0.00043402777777777775,23.80880355834961,nan,nan,23.80880355834961,0.9999999403953552,2051.02685546875,0.8902027010917664,2051.02783203125,0.0004340278101153672,relative,magnetic,0.01,1.0,1.0,0.25,1.0
11,9,0.296875,0.00390625,23.588947296142578,nan,nan,23.588947296142578,1.0,2056.273193359375,8.032318115234375,2056.298095703125,0.003906250465661287,relative,magnetic,0.01,1.0,1.0,0.25,1.0
11,10,0.328125,0.010850694444444446,22.820640563964844,nan,nan,22.820640563964844,1.0,2056.00537109375,22.309085845947266,2056.15478515625,0.0108506940305233,relative,magnetic,0.01,1.0,1.0,0.25,1.0
11,11,0.359375,0.021267361111111115,20.98543930053711,nan,nan,20.98543930053711,1.0,2057.343505859375,43.754268646240234,2057.87109375,0.0212673619389534,relative,magnetic,0.01,1.0,1.0,0.25,1.0
11,12,0.390625,0.03515625,17.781787872314453,nan,nan,17.781787872314453,0.9999998807907104,2041.641845703125,71.77647399902344,2043.0145263671875,0.03515625,relative,magnetic,0.01,1.0,1.0,0.25,1.0
11,13,0.421875,0.052517361111111105,13.388338088989258,nan,nan,13.388338088989258,1.0,2051.7158203125,107.75070190429688,2054.710693359375,0.0525173619389534,relative,magnetic,0.01,1.0,1.0,0.25,1.0
11,14,0.453125,0.07335069444444443,9.20844554901123,nan,nan,9.20844554901123,0.9999999403953552,2046.280029296875,150.0960693359375,2052.039306640625,0.0733506977558136,relative,magnetic,0.01,1.0,1.0,0.25,1.0
11,15,0.484375,0.09765625,7.701462268829346,nan,nan,7.701462268829346,1.0,2051.538818359375,200.34559631347656,2061.576171875,0.0976562574505806,relative,magnetic,0.01,1.0,1.0,0.25,1.0
11,16,0.515625,0.1254340277777778,8.75811767578125,nan,nan,8.75811767578125,1.0,2034.446044921875,255.1887664794922,2050.77783203125,0.1254340261220932,relative,magnetic,0.01,1.0,1.0,0.25,1.0
11,17,0.546875,0.15668402777777776,9.58293342590332,nan,nan,9.58293342590332,1.0,2041.0841064453125,319.8052978515625,2066.760498046875,0.1566840410232544,relative,magnetic,0.01,1.0,1.0,0.25,1.0
11,18,0.578125,0.19140625,10.63266372680664,nan,nan,10.63266372680664,1.0,2043.8740234375,391.2102966308594,2082.3486328125,0.1914062649011612,relative,magnetic,0.01,1.0,1.0,0.25,1.0
11,19,0.609375,0.22960069444444448,11.24333381652832,nan,nan,11.24333381652832,0.9999999403953552,2048.5029296875,470.33770751953125,2104.167724609375,0.2296006977558136,relative,magnetic,0.01,1.0,1.0,0.25,1.0
11,20,0.640625,0.27126736111111116,9.33931827545166,nan,nan,9.33931827545166,0.9999999403953552,2046.9364013671875,555.2670288085938,2124.167724609375,0.2712673544883728,relative,magnetic,0.01,1.0,1.0,0.25,1.0
11,21,0.671875,0.31640625,7.800421237945557,nan,nan,7.800421237945557,1.0,2046.2835693359375,647.4569702148438,2150.481689453125,0.3164062798023224,relative,magnetic,0.01,1.0,1.0,0.25,1.0
11,22,0.703125,0.36501736111111105,8.754589080810547,nan,nan,8.754589080810547,0.9999999403953552,2047.026611328125,747.2002563476562,2184.810302734375,0.3650173544883728,relative,magnetic,0.01,1.0,1.0,0.25,1.0
11,23,0.734375,0.4171006944444445,5.088284015655518,nan,nan,5.088284015655518,0.9999999403953552,2044.2864990234375,852.6734008789062,2217.235595703125,0.417100727558136,relative,magnetic,0.01,1.0,1.0,0.25,1.0
11,24,0.765625,0.47265625,4.831991672515869,nan,nan,4.831991672515869,0.9999999403953552,2048.945068359375,968.44677734375,2269.129150390625,0.4726562798023224,relative,magnetic,0.01,1.0,1.0,0.25,1.0
11,25,0.796875,0.5316840277777777,4.885130405426025,nan,nan,4.885130405426025,1.0,2050.7666015625,1090.35986328125,2324.2998046875,0.5316840410232544,relative,magnetic,0.01,1.0,1.0,0.25,1.0
11,26,0.828125,0.5941840277777778,4.601982116699219,nan,nan,4.601982116699219,0.7864100337028503,2058.095703125,1222.8875732421875,2395.720703125,0.5941840410232544,relative,magnetic,0.01,1.0,1.0,0.25,1.0
11,27,0.859375,0.66015625,6.884653091430664,nan,nan,6.884653091430664,1.0,2067.6728515625,1364.9871826171875,2484.088623046875,0.66015625,relative,magnetic,0.01,1.0,1.0,0.25,1.0
11,28,0.890625,0.7296006944444444,5.690678596496582,nan,nan,5.690678596496582,1.0,2090.561279296875,1525.27490234375,2592.80517578125,0.7296006679534912,relative,magnetic,0.01,1.0,1.0,0.25,1.0
11,29,0.921875,0.8025173611111112,4.491063594818115,nan,nan,4.491063594818115,0.5208251476287842,2136.017333984375,1714.19091796875,2740.612060546875,0.8025173544883728,relative,magnetic,0.01,1.0,1.0,0.25,1.0
11,30,0.953125,0.87890625,3.7353386878967285,nan,nan,3.7353386878967285,0.1809101402759552,2205.593505859375,1938.509765625,2934.984619140625,0.8789061903953552,relative,magnetic,0.01,1.0,1.0,0.25,1.0
11,31,0.984375,0.958767361111111,3.7353572845458984,nan,nan,3.7353572845458984,0.18362128734588623,2341.09814453125,2244.568115234375,3251.217529296875,0.9587671756744385,relative,magnetic,0.01,1.0,1.0,0.25,1.0
12,0,0.015625,0.0,24.391298294067383,nan,nan,24.391298294067383,0.9999998807907104,2069.380615234375,0.0,2069.380615234375,0.0,relative,magnetic,0.01,1.0,1.0,0.25,1.0
12,1,0.046875,0.0,24.324331283569336,nan,nan,24.324331283569336,1.0,2061.890869140625,0.0,2061.890869140625,0.0,relative,magnetic,0.01,1.0,1.0,0.25,1.0
12,2,0.078125,0.0,24.248809814453125,nan,nan,24.248809814453125,1.0,2059.6201171875,0.0,2059.6201171875,0.0,relative,magnetic,0.01,1.0,1.0,0.25,1.0
12,3,0.109375,0.0,24.16164207458496,nan,nan,24.16164207458496,1.0,2059.22998046875,0.0,2059.22998046875,0.0,relative,magnetic,0.01,1.0,1.0,0.25,1.0
12,4,0.140625,0.0,24.06126594543457,nan,nan,24.06126594543457,1.0,2058.133544921875,0.0,2058.133544921875,0.0,relative,magnetic,0.01,1.0,1.0,0.25,1.0
12,5,0.171875,0.0,23.947431564331055,nan,nan,23.947431564331055,1.0,2054.428955078125,0.0,2054.428955078125,0.0,relative,magnetic,0.01,1.0,1.0,0.25,1.0
12,6,0.203125,0.0,23.817224502563477,nan,nan,23.817224502563477,1.0,2058.941162109375,0.0,2058.941162109375,0.0,relative,magnetic,0.01,1.0,1.0,0.25,1.0
12,7,0.234375,0.0,23.665952682495117,nan,nan,23.665952682495117,1.0,2054.183349609375,0.0,2054.183349609375,0.0,relative,magnetic,0.01,1.0,1.0,0.25,1.0
12,8,0.265625,0.00043402777777777775,23.49114990234375,nan,nan,23.49114990234375,1.0,2052.50048828125,0.8908422589302063,2052.501708984375,0.0004340277810115367,relative,magnetic,0.01,1.0,1.0,0.25,1.0
12,9,0.296875,0.00390625,23.230985641479492,nan,nan,23.230985641479492,0.9999999403953552,2057.64501953125,8.037675857543945,2057.672607421875,0.00390625,relative,magnetic,0.01,1.0,1.0,0.25,1.0
12,10,0.328125,0.010850694444444446,22.430871963500977,nan,nan,22.430871963500977,0.9999999403953552,2057.28662109375,22.322988510131836,2057.44384765625,0.0108506940305233,relative,magnetic,0.01,1.0,1.0,0.25,1.0
12,11,0.359375,0.021267361111111115,20.58045196533203,nan,nan,20.58045196533203,1.0,2058.542236328125,43.77976608276367,2059.0859375,0.02126736380159855,relative,magnetic,0.01,1.0,1.0,0.25,1.0
12,12,0.390625,0.03515625,17.38172721862793,nan,nan,17.38172721862793,1.0,2043.0147705078125,71.82473754882812,2044.4168701171875,0.03515625,relative,magnetic,0.01,1.0,1.0,0.25,1.0
12,13,0.421875,0.052517361111111105,13.236166000366211,nan,nan,13.236166000366211,1.0,2053.00927734375,107.81863403320312,2056.06201171875,0.0525173619389534,relative,magnetic,0.01,1.0,1.0,0.25,1.0
12,14,0.453125,0.07335069444444443,8.941088676452637,nan,nan,8.941088676452637,1.0,2047.793212890625,150.20706176757812,2053.61669921875,0.0733506977558136,relative,magnetic,0.01,1.0,1.0,0.25,1.0
12,15,0.484375,0.09765625,6.886819839477539,nan,nan,6.886819839477539,0.9999999403953552,2053.122314453125,200.50022888183594,2063.182861328125,0.09765625,relative,magnetic,0.01,1.0,1.0,0.25,1.0
12,16,0.515625,0.1254340277777778,8.229619026184082,nan,nan,8.229619026184082,1.0,2036.1375732421875,255.4009246826172,2052.62255859375,0.1254340261220932,relative,magnetic,0.01,1.0,1.0,0.25,1.0
12,17,0.546875,0.15668402777777776,9.475668907165527,nan,nan,9.475668907165527,1.0,2042.781982421875,320.0713195800781,2068.498779296875,0.1566840261220932,relative,magnetic,0.01,1.0,1.0,0.25,1.0
12,18,0.578125,0.19140625,9.829447746276855,nan,nan,9.829447746276855,1.0,2045.531982421875,391.527587890625,2084.1044921875,0.1914062350988388,relative,magnetic,0.01,1.0,1.0,0.25,1.0
12,19,0.609375,0.22960069444444448,10.21733570098877,nan,nan,10.21733570098877,1.0,2050.0498046875,470.6928405761719,2105.4658203125,0.2296006828546524,relative,magnetic,0.01,1.0,1.0,0.25,1.0
12,20,0.640625,0.27126736111111116,9.116447448730469,nan,nan,9.116447448730469,1.0,2048.61279296875,555.7218017578125,2125.78955078125,0.2712673544883728,relative,magnetic,0.01,1.0,1.0,0.25,1.0
12,21,0.671875,0.31640625,7.9742255210876465,nan,nan,7.9742255210876465,1.0,2047.7503662109375,647.9210205078125,2151.64697265625,0.31640625,relative,magnetic,0.01,1.0,1.0,0.25,1.0
12,22,0.703125,0.36501736111111105,6.963063716888428,nan,nan,6.963063716888428,0.9999999403953552,2048.0458984375,747.5723266601562,2184.6875,0.3650173842906952,relative,magnetic,0.01,1.0,1.0,0.25,1.0
12,23,0.734375,0.4171006944444445,4.4754533767700195,nan,nan,4.4754533767700195,0.9999999403953552,2045.22412109375,853.0643920898438,2218.60986328125,0.4171006977558136,relative,magnetic,0.01,1.0,1.0,0.25,1.0
12,24,0.765625,0.47265625,5.067975044250488,nan,nan,5.067975044250488,1.0000001192092896,2049.6513671875,968.780517578125,2272.255859375,0.47265625,relative,magnetic,0.01,1.0,1.0,0.25,1.0
12,25,0.796875,0.5316840277777777,3.87528920173645,nan,nan,3.87528920173645,1.0,2050.81689453125,1090.3865966796875,2324.602783203125,0.5316840410232544,relative,magnetic,0.01,1.0,1.0,0.25,1.0
12,26,0.828125,0.5941840277777778,4.517420768737793,nan,nan,4.517420768737793,1.0,2056.97021484375,1222.218994140625,2396.766845703125,0.5941841006278992,relative,magnetic,0.01,1.0,1.0,0.25,1.0
12,27,0.859375,0.66015625,2.6230664253234863,nan,nan,2.6230664253234863,0.3567730486392975,2064.00341796875,1362.564697265625,2469.875732421875,0.66015625,relative,magnetic,0.01,1.0,1.0,0.25,1.0
12,28,0.890625,0.7296006944444444,5.540794372558594,nan,nan,5.540794372558594,0.9999999403953552,2086.6337890625,1522.409423828125,2589.415771484375,0.7296006679534912,relative,magnetic,0.01,1.0,1.0,0.25,1.0
12,29,0.921875,0.8025173611111112,3.429269313812256,nan,nan,3.429269313812256,0.4579148292541504,2130.62548828125,1709.86376953125,2734.863037109375,0.802517294883728,relative,magnetic,0.01,1.0,1.0,0.25,1.0
12,30,0.953125,0.87890625,3.12221360206604,nan,nan,3.12221360206604,1.0,2198.736572265625,1932.4835205078125,2929.64599609375,0.8789063692092896,relative,magnetic,0.01,1.0,1.0,0.25,1.0
12,31,0.984375,0.958767361111111,2.589082956314087,nan,nan,2.589082956314087,0.17046555876731873,2327.90576171875,2231.919921875,3206.489990234375,0.958767294883728,relative,magnetic,0.01,1.0,1.0,0.25,1.0
13,0,0.015625,0.0,24.592365264892578,nan,nan,24.592365264892578,1.0,2070.48193359375,0.0,2070.48193359375,0.0,relative,magnetic,0.01,1.0,1.0,0.25,1.0
13,1,0.046875,0.0,24.53713035583496,nan,nan,24.53713035583496,0.9999999403953552,2062.65087890625,0.0,2062.65087890625,0.0,relative,magnetic,0.01,1.0,1.0,0.25,1.0
13,2,0.078125,0.0,24.47494125366211,nan,nan,24.47494125366211,0.9999999403953552,2059.814697265625,0.0,2059.814697265625,0.0,relative,magnetic,0.01,1.0,1.0,0.25,1.0
13,3,0.109375,0.0,24.403154373168945,nan,nan,24.403154373168945,0.9999999403953552,2058.9736328125,0.0,2058.9736328125,0.0,relative,magnetic,0.01,1.0,1.0,0.25,1.0
13,4,0.140625,0.0,24.320158004760742,nan,nan,24.320158004760742,0.9999998807907104,2057.40625,0.0,2057.40625,0.0,relative,magnetic,0.01,1.0,1.0,0.25,1.0
13,5,0.171875,0.0,24.225481033325195,nan,nan,24.225481033325195,1.0,2053.59423828125,0.0,2053.59423828125,0.0,relative,magnetic,0.01,1.0,1.0,0.25,1.0
13,6,0.203125,0.0,24.116647720336914,nan,nan,24.116647720336914,1.0,2058.36328125,0.0,2058.36328125,0.0,relative,magnetic,0.01,1.0,1.0,0.25,1.0
13,7,0.234375,0.0,23.989992141723633,nan,nan,23.989992141723633,1.0,2053.808349609375,0.0,2053.808349609375,0.0,relative,magnetic,0.01,1.0,1.0,0.25,1.0
13,8,0.265625,0.00043402777777777775,23.8433780670166,nan,nan,23.8433780670166,1.0,2052.068603515625,0.8906548023223877,2052.06982421875,0.0004340277810115367,relative,magnetic,0.01,1.0,1.0,0.25,1.0
13,9,0.296875,0.00390625,23.6148624420166,nan,nan,23.6148624420166,1.0,2056.956787109375,8.034987449645996,2056.982421875,0.00390625,relative,magnetic,0.01,1.0,1.0,0.25,1.0
13,10,0.328125,0.010850694444444446,22.854286193847656,nan,nan,22.854286193847656,1.0,2056.350830078125,22.312833786010742,2056.503173828125,0.0108506940305233,relative,magnetic,0.01,1.0,1.0,0.25,1.0
13,11,0.359375,0.021267361111111115,21.04629135131836,nan,nan,21.04629135131836,1.0,2057.359130859375,43.754600524902344,2057.892578125,0.0212673619389534,relative,magnetic,0.01,1.0,1.0,0.25,1.0
13,12,0.390625,0.03515625,17.862533569335938,nan,nan,17.862533569335938,1.0,2041.260498046875,71.7630615234375,2042.6436767578125,0.03515625,relative,magnetic,0.01,1.0,1.0,0.25,1.0
13,13,0.421875,0.052517361111111105,13.422980308532715,nan,nan,13.422980308532715,1.0,2050.92138671875,107.70899200439453,2053.945068359375,0.0525173656642437,relative,magnetic,0.01,1.0,1.0,0.25,1.0
13,14,0.453125,0.07335069444444443,8.913477897644043,nan,nan,8.913477897644043,0.9999999403953552,2045.0455322265625,150.00552368164062,2050.851318359375,0.0733506977558136,relative,magnetic,0.01,1.0,1.0,0.25,1.0
13,15,0.484375,0.09765625,6.946923732757568,nan,nan,6.946923732757568,0.9999999403953552,2049.8271484375,200.17845153808594,2059.8701171875,0.0976562574505806,relative,magnetic,0.01,1.0,1.0,0.25,1.0
13,16,0.515625,0.1254340277777778,7.708065509796143,nan,nan,7.708065509796143,1.0,2032.4984130859375,254.94447326660156,2048.881103515625,0.1254340261220932,relative,magnetic,0.01,1.0,1.0,0.25,1.0
13,17,0.546875,0.15668402777777776,9.838157653808594,nan,nan,9.838157653808594,0.9999999403953552,2038.8936767578125,319.46209716796875,2064.65234375,0.1566840410232544,relative,magnetic,0.01,1.0,1.0,0.25,1.0
13,18,0.578125,0.19140625,10.677384376525879,nan,nan,10.677384376525879,1.0,2041.57177734375,390.7696228027344,2080.152587890625,0.1914062649011612,relative,magnetic,0.01,1.0,1.0,0.25,1.0
13,19,0.609375,0.22960069444444448,9.568120002746582,nan,nan,9.568120002746582,1.0,2046.2091064453125,469.8110656738281,2101.89453125,0.2296007126569748,relative,magnetic,0.01,1.0,1.0,0.25,1.0
13,20,0.640625,0.27126736111111116,9.921436309814453,nan,nan,9.921436309814453,1.0,2044.5693359375,554.6249389648438,2121.5751953125,0.2712673544883728,relative,magnetic,0.01,1.0,1.0,0.25,1.0
13,21,0.671875,0.31640625,7.78752326965332,nan,nan,7.78752326965332,0.9999999403953552,2043.905029296875,646.704345703125,2147.9287109375,0.31640625,relative,magnetic,0.01,1.0,1.0,0.25,1.0
13,22,0.703125,0.36501736111111105,5.978237628936768,nan,nan,5.978237628936768,0.9999999403953552,2044.5999755859375,746.3145141601562,2179.74560546875,0.3650173842906952,relative,magnetic,0.01,1.0,1.0,0.25,1.0
13,23,0.734375,0.4171006944444445,5.552914619445801,nan,nan,5.552914619445801,1.0,2041.9808349609375,851.7116088867188,2217.83251953125,0.4171006977558136,relative,magnetic,0.01,1.0,1.0,0.25,1.0
13,24,0.765625,0.47265625,5.3548407554626465,nan,nan,5.3548407554626465,1.0,2046.7783203125,967.422607421875,2267.4140625,0.4726562798023224,relative,magnetic,0.01,1.0,1.0,0.25,1.0
13,25,0.796875,0.5316840277777777,5.025853157043457,nan,nan,5.025853157043457,1.0,2048.31396484375,1089.055908203125,2323.509765625,0.5316841006278992,relative,magnetic,0.01,1.0,1.0,0.25,1.0
13,26,0.828125,0.5941840277777778,3.0226306915283203,nan,nan,3.0226306915283203,0.4534546732902527,2055.153076171875,1221.1392822265625,2385.5830078125,0.5941841006278992,relative,magnetic,0.01,1.0,1.0,0.25,1.0
13,27,0.859375,0.66015625,6.814182758331299,nan,nan,6.814182758331299,1.0,2065.740966796875,1363.7117919921875,2482.8701171875,0.66015625,relative,magnetic,0.01,1.0,1.0,0.25,1.0
13,28,0.890625,0.7296006944444444,3.8467323780059814,nan,nan,3.8467323780059814,0.6351001858711243,2089.03125,1524.15869140625,2587.826904296875,0.729600727558136,relative,magnetic,0.01,1.0,1.0,0.25,1.0
13,29,0.921875,0.8025173611111112,3.177391529083252,nan,nan,3.177391529083252,0.2143917828798294,2136.594970703125,1714.6544189453125,2738.391357421875,0.802517294883728,relative,magnetic,0.01,1.0,1.0,0.25,1.0
13,30,0.953125,0.87890625,3.9997620582580566,nan,nan,3.9997620582580566,0.9999999403953552,2211.422119140625,1943.6329345703125,2951.961669921875,0.8789063692092896,relative,magnetic,0.01,1.0,1.0,0.25,1.0
13,31,0.984375,0.958767361111111,3.7651069164276123,nan,nan,3.7651069164276123,0.10576960444450378,2347.364501953125,2250.576416015625,3232.493408203125,0.9587673544883728,relative,magnetic,0.01,1.0,1.0,0.25,1.0
14,0,0.015625,0.0,24.58294105529785,nan,nan,24.58294105529785,1.0,2071.261474609375,0.0,2071.261474609375,0.0,relative,magnetic,0.01,1.0,1.0,0.25,1.0
14,1,0.046875,0.0,24.53847885131836,nan,nan,24.53847885131836,1.0,2063.4775390625,0.0,2063.4775390625,0.0,relative,magnetic,0.01,1.0,1.0,0.25,1.0
14,2,0.078125,0.0,24.48948097229004,nan,nan,24.48948097229004,1.0,2062.03662109375,0.0,2062.03662109375,0.0,relative,magnetic,0.01,1.0,1.0,0.25,1.0
14,3,0.109375,0.0,24.43223762512207,nan,nan,24.43223762512207,1.0,2061.360595703125,0.0,2061.360595703125,0.0,relative,magnetic,0.01,1.0,1.0,0.25,1.0
14,4,0.140625,0.0,24.365339279174805,nan,nan,24.365339279174805,0.9999999403953552,2059.597900390625,0.0,2059.597900390625,0.0,relative,magnetic,0.01,1.0,1.0,0.25,1.0
14,5,0.171875,0.0,24.287967681884766,nan,nan,24.287967681884766,1.0,2055.738037109375,0.0,2055.738037109375,0.0,relative,magnetic,0.01,1.0,1.0,0.25,1.0
14,6,0.203125,0.0,24.197145462036133,nan,nan,24.197145462036133,0.9999999403953552,2060.104736328125,0.0,2060.104736328125,0.0,relative,magnetic,0.01,1.0,1.0,0.25,1.0
14,7,0.234375,0.0,24.08831214904785,nan,nan,24.08831214904785,1.0,2055.47607421875,0.0,2055.47607421875,0.0,relative,magnetic,0.01,1.0,1.0,0.25,1.0
14,8,0.265625,0.00043402777777777775,23.95966339111328,nan,nan,23.95966339111328,1.0,2053.809326171875,0.8914103507995605,2053.810546875,0.0004340278101153672,relative,magnetic,0.01,1.0,1.0,0.25,1.0
14,9,0.296875,0.00390625,23.74725914001465,nan,nan,23.74725914001465,1.0,2058.94140625,8.042739868164062,2058.966064453125,0.00390625,relative,magnetic,0.01,1.0,1.0,0.25,1.0
14,10,0.328125,0.010850694444444446,22.982826232910156,nan,nan,22.982826232910156,0.9999999403953552,2058.639892578125,22.33767318725586,2058.7880859375,0.010850694961845875,relative,magnetic,0.01,1.0,1.0,0.25,1.0
14,11,0.359375,0.021267361111111115,21.11012840270996,nan,nan,21.11012840270996,0.9999999403953552,2059.97412109375,43.81021499633789,2060.501220703125,0.0212673619389534,relative,magnetic,0.01,1.0,1.0,0.25,1.0
14,12,0.390625,0.03515625,17.837095260620117,nan,nan,17.837095260620117,0.9999999403953552,2044.38427734375,71.87288665771484,2045.7677001953125,0.03515625,relative,magnetic,0.01,1.0,1.0,0.25,1.0
14,13,0.421875,0.052517361111111105,13.501474380493164,nan,nan,13.501474380493164,1.0,2054.448974609375,107.89424133300781,2057.488037109375,0.0525173619389534,relative,magnetic,0.01,1.0,1.0,0.25,1.0
14,14,0.453125,0.07335069444444443,9.277860641479492,nan,nan,9.277860641479492,0.9999999403953552,2049.113037109375,150.3038787841797,2054.899658203125,0.0733507052063942,relative,magnetic,0.01,1.0,1.0,0.25,1.0
14,15,0.484375,0.09765625,7.2212066650390625,nan,nan,7.2212066650390625,1.0,2054.497314453125,200.63450622558594,2064.529541015625,0.09765625,relative,magnetic,0.01,1.0,1.0,0.25,1.0
14,16,0.515625,0.1254340277777778,8.026273727416992,nan,nan,8.026273727416992,0.9999999403953552,2037.5260009765625,255.57510375976562,2053.806396484375,0.1254340261220932,relative,magnetic,0.01,1.0,1.0,0.25,1.0
14,17,0.546875,0.15668402777777776,8.356534004211426,nan,nan,8.356534004211426,1.0,2044.40380859375,320.325439453125,2070.226318359375,0.1566840410232544,relative,magnetic,0.01,1.0,1.0,0.25,1.0
14,18,0.578125,0.19140625,11.254874229431152,nan,nan,11.254874229431152,1.0,2047.3062744140625,391.8672180175781,2085.925537109375,0.19140625,relative,magnetic,0.01,1.0,1.0,0.25,1.0
14,19,0.609375,0.22960069444444448,10.004838943481445,nan,nan,10.004838943481445,1.0,2052.1455078125,471.1740417480469,2107.926025390625,0.2296006977558136,relative,magnetic,0.01,1.0,1.0,0.25,1.0
14,20,0.640625,0.27126736111111116,9.563529968261719,nan,nan,9.563529968261719,1.0,2050.806884765625,556.3169555664062,2127.51123046875,0.2712673544883728,relative,magnetic,0.01,1.0,1.0,0.25,1.0
14,21,0.671875,0.31640625,6.7285542488098145,nan,nan,6.7285542488098145,0.9999998807907104,2050.41162109375,648.7630615234375,2153.763916015625,0.31640625,relative,magnetic,0.01,1.0,1.0,0.25,1.0
14,22,0.703125,0.36501736111111105,7.087279319763184,nan,nan,7.087279319763184,0.9999998807907104,2050.760009765625,748.5630493164062,2187.251953125,0.3650173842906952,relative,magnetic,0.01,1.0,1.0,0.25,1.0
14,23,0.734375,0.4171006944444445,7.345142364501953,nan,nan,7.345142364501953,1.0,2048.240478515625,854.322509765625,2225.9609375,0.4171006977558136,relative,magnetic,0.01,1.0,1.0,0.25,1.0
14,24,0.765625,0.47265625,4.402980327606201,nan,nan,4.402980327606201,0.9999998807907104,2052.523193359375,970.1380004882812,2273.445556640625,0.4726562798023224,relative,magnetic,0.01,1.0,1.0,0.25,1.0
14,25,0.796875,0.5316840277777777,4.824379920959473,nan,nan,4.824379920959473,0.9665848016738892,2053.581298828125,1091.8564453125,2330.7548828125,0.5316840410232544,relative,magnetic,0.01,1.0,1.0,0.25,1.0
14,26,0.828125,0.5941840277777778,4.694563865661621,nan,nan,4.694563865661621,0.9999999403953552,2060.09619140625,1224.0762939453125,2400.68408203125,0.5941840410232544,relative,magnetic,0.01,1.0,1.0,0.25,1.0
14,27,0.859375,0.66015625,3.4899868965148926,nan,nan,3.4899868965148926,1.0,2067.717041015625,1365.016357421875,2480.61572265625,0.66015625,relative,magnetic,0.01,1.0,1.0,0.25,1.0
14,28,0.890625,0.7296006944444444,2.995908737182617,nan,nan,2.995908737182617,1.0,2087.9306640625,1523.355712890625,2588.935546875,0.729600727558136,relative,magnetic,0.01,1.0,1.0,0.25,1.0
14,29,0.921875,0.8025173611111112,3.4844343662261963,nan,nan,3.4844343662261963,1.0,2130.7119140625,1709.933349609375,2738.388427734375,0.8025173544883728,relative,magnetic,0.01,1.0,1.0,0.25,1.0
14,30,0.953125,0.87890625,2.6396796703338623,nan,nan,2.6396796703338623,0.2420779913663864,2196.90771484375,1930.875732421875,2919.333251953125,0.8789061903953552,relative,magnetic,0.01,1.0,1.0,0.25,1.0
14,31,0.984375,0.958767361111111,2.4258527755737305,nan,nan,2.4258527755737305,0.11376714706420898,2332.927978515625,2236.7353515625,3229.060302734375,0.9587674140930176,relative,magnetic,0.01,1.0,1.0,0.25,1.0
15,0,0.015625,0.0,27.430843353271484,nan,nan,27.430843353271484,1.0,2069.416259765625,0.0,2069.416259765625,0.0,relative,magnetic,0.01,1.0,1.0,0.25,1.0
15,1,0.046875,0.0,27.377826690673828,nan,nan,27.377826690673828,1.0,2062.257568359375,0.0,2062.257568359375,0.0,relative,magnetic,0.01,1.0,1.0,0.25,1.0
15,2,0.078125,0.0,27.317392349243164,nan,nan,27.317392349243164,0.9999999403953552,2060.8095703125,0.0,2060.8095703125,0.0,relative,magnetic,0.01,1.0,1.0,0.25,1.0
15,3,0.109375,0.0,27.24752426147461,nan,nan,27.24752426147461,0.9999999403953552,2060.741943359375,0.0,2060.741943359375,0.0,relative,magnetic,0.01,1.0,1.0,0.25,1.0
15,4,0.140625,0.0,27.16661834716797,nan,nan,27.16661834716797,0.9999999403953552,2059.605224609375,0.0,2059.605224609375,0.0,relative,magnetic,0.01,1.0,1.0,0.25,1.0
15,5,0.171875,0.0,27.073978424072266,nan,nan,27.073978424072266,1.0,2055.9169921875,0.0,2055.9169921875,0.0,relative,magnetic,0.01,1.0,1.0,0.25,1.0
15,6,0.203125,0.0,26.966520309448242,nan,nan,26.966520309448242,0.9999999403953552,2060.36181640625,0.0,2060.36181640625,0.0,relative,magnetic,0.01,1.0,1.0,0.25,1.0
15,7,0.234375,0.0,26.839786529541016,nan,nan,26.839786529541016,1.0,2055.478271484375,0.0,2055.478271484375,0.0,relative,magnetic,0.01,1.0,1.0,0.25,1.0
15,8,0.265625,0.00043402777777777775,26.69159507751465,nan,nan,26.69159507751465,1.0000001192092896,2053.9833984375,0.8914858102798462,2053.984619140625,0.00043402775190770626,relative,magnetic,0.01,1.0,1.0,0.25,1.0
15,9,0.296875,0.00390625,26.45477294921875,nan,nan,26.45477294921875,0.9999999403953552,2059.32861328125,8.0442533493042,2059.354248046875,0.003906250465661287,relative,magnetic,0.01,1.0,1.0,0.25,1.0
15,10,0.328125,0.010850694444444446,25.644800186157227,nan,nan,25.644800186157227,0.9999999403953552,2059.205078125,22.34380531311035,2059.357421875,0.010850694961845875,relative,magnetic,0.01,1.0,1.0,0.25,1.0
15,11,0.359375,0.021267361111111115,23.690881729125977,nan,nan,23.690881729125977,1.0,2060.86083984375,43.82907485961914,2061.39794921875,0.0212673619389534,relative,magnetic,0.01,1.0,1.0,0.25,1.0
15,12,0.390625,0.03515625,20.215116500854492,nan,nan,20.215116500854492,1.0,2045.7393798828125,71.9205322265625,2047.1409912109375,0.0351562537252903,relative,magnetic,0.01,1.0,1.0,0.25,1.0
15,13,0.421875,0.052517361111111105,15.385536193847656,nan,nan,15.385536193847656,1.0,2056.1416015625,107.98312377929688,2059.207275390625,0.0525173582136631,relative,magnetic,0.01,1.0,1.0,0.25,1.0
15,14,0.453125,0.07335069444444443,10.517465591430664,nan,nan,10.517465591430664,1.0,2051.189453125,150.45619201660156,2057.030029296875,0.0733507052063942,relative,magnetic,0.01,1.0,1.0,0.25,1.0
15,15,0.484375,0.09765625,7.634197235107422,nan,nan,7.634197235107422,1.0000001192092896,2056.9599609375,200.87498474121094,2067.168701171875,0.0976562425494194,relative,magnetic,0.01,1.0,1.0,0.25,1.0
15,16,0.515625,0.1254340277777778,9.124726295471191,nan,nan,9.124726295471191,0.9999999403953552,2040.1295166015625,255.90167236328125,2056.458984375,0.1254340261220932,relative,magnetic,0.01,1.0,1.0,0.25,1.0
15,17,0.546875,0.15668402777777776,8.485833168029785,nan,nan,8.485833168029785,1.0,2047.2427978515625,320.770263671875,2073.006591796875,0.1566840410232544,relative,magnetic,0.01,1.0,1.0,0.25,1.0
15,18,0.578125,0.19140625,12.319125175476074,nan,nan,12.319125175476074,1.0,2050.223876953125,392.4256591796875,2089.195556640625,0.19140625,relative,magnetic,0.01,1.0,1.0,0.25,1.0
15,19,0.609375,0.22960069444444448,8.837064743041992,nan,nan,8.837064743041992,0.9999999403953552,2055.003173828125,471.8301696777344,2110.318359375,0.2296006977558136,relative,magnetic,0.01,1.0,1.0,0.25,1.0
15,20,0.640625,0.27126736111111116,9.296466827392578,nan,nan,9.296466827392578,1.0,2053.831298828125,557.1373901367188,2131.6318359375,0.2712673544883728,relative,magnetic,0.01,1.0,1.0,0.25,1.0
15,21,0.671875,0.31640625,8.009503364562988,nan,nan,8.009503364562988,0.9999999403953552,2053.3583984375,649.6954345703125,2158.072998046875,0.31640625,relative,magnetic,0.01,1.0,1.0,0.25,1.0
15,22,0.703125,0.36501736111111105,7.598414897918701,nan,nan,7.598414897918701,0.9999999403953552,2053.573486328125,749.5899658203125,2190.998779296875,0.3650173544883728,relative,magnetic,0.01,1.0,1.0,0.25,1.0
15,23,0.734375,0.4171006944444445,4.639736175537109,nan,nan,4.639736175537109,0.733020007610321,2050.689208984375,855.3438720703125,2225.014892578125,0.4171006977558136,relative,magnetic,0.01,1.0,1.0,0.25,1.0
15,24,0.765625,0.47265625,9.835334777832031,nan,nan,9.835334777832031,1.0,2055.199462890625,971.4028930664062,2281.626708984375,0.47265625,relative,magnetic,0.01,1.0,1.0,0.25,1.0
15,25,0.796875,0.5316840277777777,4.670375823974609,nan,nan,4.670375823974609,0.7291340231895447,2056.338134765625,1093.322265625,2334.279296875,0.5316841006278992,relative,magnetic,0.01,1.0,1.0,0.25,1.0
15,26,0.828125,0.5941840277777778,5.019527912139893,nan,nan,5.019527912139893,1.0,2062.909423828125,1225.747802734375,2405.36279296875,0.5941840410232544,relative,magnetic,0.01,1.0,1.0,0.25,1.0
15,27,0.859375,0.66015625,3.5640664100646973,nan,nan,3.5640664100646973,0.9999999403953552,2069.99169921875,1366.51806640625,2484.811767578125,0.6601563096046448,relative,magnetic,0.01,1.0,1.0,0.25,1.0
15,28,0.890625,0.7296006944444444,3.4799771308898926,nan,nan,3.4799771308898926,0.5385462045669556,2089.759033203125,1524.6895751953125,2588.699462890625,0.7296006679534912,relative,magnetic,0.01,1.0,1.0,0.25,1.0
15,29,0.921875,0.8025173611111112,3.292874336242676,nan,nan,3.292874336242676,1.0,2130.8134765625,1710.014892578125,2736.238037109375,0.8025174140930176,relative,magnetic,0.01,1.0,1.0,0.25,1.0
15,30,0.953125,0.87890625,2.4455325603485107,nan,nan,2.4455325603485107,0.1947636753320694,2188.033935546875,1923.0765380859375,2907.04931640625,0.8789061903953552,relative,magnetic,0.01,1.0,1.0,0.25,1.0
15,31,0.984375,0.958767361111111,2.3529229164123535,nan,nan,2.3529229164123535,0.14507976174354553,2313.52978515625,2218.13671875,3205.869873046875,0.958767294883728,relative,magnetic,0.01,1.0,1.0,0.25,1.0
