sample_id,class_id,truth_present,truth_volume,predicted_volume,volume_error,absolute_volume_error_fraction,iou,precision,recall,candidate_id,seed,local_sample_id
0,0,False,0,291,291,nan,0.0,0.0,nan,seed42_sample0,42,0
0,1,True,45273,36154,-9119,0.20142248139067434,0.41760097493036213,0.6634673895004702,0.5298301415854925,seed42_sample0,42,0
0,2,True,24520,22811,-1709,0.06969820554649266,0.7116045275376993,0.8626539827276314,0.8025285481239804,seed42_sample0,42,0
0,3,True,14533,5425,-9108,0.6267116218261887,0.15250909510885258,0.4868202764976958,0.18172435147595128,seed42_sample0,42,0
0,4,True,73801,93148,19347,0.26215091936423623,0.5393530897892194,0.6279791299866878,0.7926044362542513,seed42_sample0,42,0
0,5,True,18902,32984,14082,0.7450005290445455,0.25817793835932007,0.32279286926994905,0.563273727647868,seed42_sample0,42,0
0,6,True,11543,280,-11263,0.9757428744693754,0.014153371075656201,0.5892857142857143,0.014294377544832365,seed42_sample0,42,0
0,7,False,0,0,0,nan,nan,nan,nan,seed42_sample0,42,0
0,8,False,0,0,0,nan,nan,nan,nan,seed42_sample0,42,0
0,9,True,8968,6283,-2685,0.2993978590544157,0.02859647939569704,0.0674836861371956,0.04727921498661909,seed42_sample0,42,0
0,10,False,0,161,161,nan,0.0,0.0,nan,seed42_sample0,42,0
0,11,False,0,18,18,nan,0.0,0.0,nan,seed42_sample0,42,0
0,12,False,0,0,0,nan,nan,nan,nan,seed42_sample0,42,0
0,13,True,15,0,-15,1.0,0.0,nan,0.0,seed42_sample0,42,0
1,0,False,0,75,75,nan,0.0,0.0,nan,seed42_sample1,42,1
1,1,True,45273,34462,-10811,0.23879575022640426,0.4230515250486338,0.68783007370437,0.5235791752258521,seed42_sample1,42,1
1,2,True,24520,22982,-1538,0.06272430668841762,0.6775082106155313,0.8347837437994953,0.7824225122349103,seed42_sample1,42,1
1,3,True,14533,10497,-4036,0.2777127915777885,0.2148716206377712,0.4217395446317996,0.30461707837335716,seed42_sample1,42,1
1,4,True,73801,98549,24748,0.33533420956355603,0.5739438549067597,0.6377335132776588,0.8515873768648121,seed42_sample1,42,1
1,5,True,18902,27495,8593,0.4546079779917469,0.29066985645933013,0.3800327332242226,0.5527986456459634,seed42_sample1,42,1
1,6,True,11543,28,-11515,0.9975742874469375,0.002338877338877339,0.9642857142857143,0.00233907996188166,seed42_sample1,42,1
1,7,False,0,0,0,nan,nan,nan,nan,seed42_sample1,42,1
1,8,False,0,1,1,nan,0.0,0.0,nan,seed42_sample1,42,1
1,9,True,8968,3367,-5601,0.6245539696699376,0.024501661129568107,0.08761508761508761,0.03289473684210526,seed42_sample1,42,1
1,10,False,0,89,89,nan,0.0,0.0,nan,seed42_sample1,42,1
1,11,False,0,9,9,nan,0.0,0.0,nan,seed42_sample1,42,1
1,12,False,0,0,0,nan,nan,nan,nan,seed42_sample1,42,1
1,13,True,15,0,-15,1.0,0.0,nan,0.0,seed42_sample1,42,1
2,0,False,0,97,97,nan,0.0,0.0,nan,seed42_sample2,42,2
2,1,True,45273,35865,-9408,0.20780597707242726,0.45042097924599134,0.7025512337933919,0.5565568882115168,seed42_sample2,42,2
2,2,True,24520,21062,-3458,0.14102773246329528,0.7191023948708278,0.9052796505555027,0.7776101141924959,seed42_sample2,42,2
2,3,True,14533,6054,-8479,0.5834308126333173,0.1747888609906414,0.5059464816650149,0.2107617147182275,seed42_sample2,42,2
2,4,True,73801,93815,20014,0.27118873727998266,0.5432406802132341,0.6289292757021798,0.799487811818268,seed42_sample2,42,2
2,5,True,18902,35068,16166,0.8552534123373188,0.25374590563802357,0.3114805520702635,0.5778753571050682,seed42_sample2,42,2
2,6,True,11543,79,-11464,0.9931560252967166,0.005189413596263622,0.759493670886076,0.005197955470848133,seed42_sample2,42,2
2,7,False,0,2,2,nan,0.0,0.0,nan,seed42_sample2,42,2
2,8,False,0,2,2,nan,0.0,0.0,nan,seed42_sample2,42,2
2,9,True,8968,5238,-3730,0.41592328278322926,0.018205275229357797,0.048491790759831996,0.028322925958965208,seed42_sample2,42,2
2,10,False,0,200,200,nan,0.0,0.0,nan,seed42_sample2,42,2
2,11,False,0,71,71,nan,0.0,0.0,nan,seed42_sample2,42,2
2,12,False,0,0,0,nan,nan,nan,nan,seed42_sample2,42,2
2,13,True,15,0,-15,1.0,0.0,nan,0.0,seed42_sample2,42,2
3,0,False,0,17,17,nan,0.0,0.0,nan,seed42_sample3,42,3
3,1,True,45273,31901,-13372,0.2953636825480971,0.37300740108169655,0.6572207767781574,0.46310162790183995,seed42_sample3,42,3
3,2,True,24520,21269,-3251,0.13258564437194129,0.7130190796857464,0.8960929051671447,0.7772838499184339,seed42_sample3,42,3
3,3,True,14533,6897,-7636,0.5254248950664006,0.20889039318553618,0.536900101493403,0.25479942200509187,seed42_sample3,42,3
3,4,True,73801,94600,20799,0.2818254495196542,0.5207155628600841,0.6095454545454545,0.7813308762753892,seed42_sample3,42,3
3,5,True,18902,34373,15471,0.8184848164215427,0.2762618882207795,0.33549588339685216,0.610094169929108,seed42_sample3,42,3
3,6,True,11543,136,-11407,0.9882179675994109,0.005163955589981926,0.4411764705882353,0.005197955470848133,seed42_sample3,42,3
3,7,False,0,6,6,nan,0.0,0.0,nan,seed42_sample3,42,3
3,8,False,0,11,11,nan,0.0,0.0,nan,seed42_sample3,42,3
3,9,True,8968,7963,-1005,0.11206512042818911,0.03941310086561483,0.08062288082381013,0.0715878679750223,seed42_sample3,42,3
3,10,False,0,171,171,nan,0.0,0.0,nan,seed42_sample3,42,3
3,11,False,0,209,209,nan,0.0,0.0,nan,seed42_sample3,42,3
3,12,False,0,0,0,nan,nan,nan,nan,seed42_sample3,42,3
3,13,True,15,0,-15,1.0,0.0,nan,0.0,seed42_sample3,42,3
4,0,False,0,383,383,nan,0.0,0.0,nan,seed142_sample0,142,0
4,1,True,45273,34748,-10525,0.23247851920570758,0.44254759157773293,0.7064867042707494,0.542243721423365,seed142_sample0,142,0
4,2,True,24520,19815,-4705,0.191884176182708,0.7067677856482907,0.9265203128942721,0.7487357259380097,seed142_sample0,142,0
4,3,True,14533,9097,-5436,0.3740452762678043,0.2551790077552321,0.5280861822578872,0.33055804032202574,seed142_sample0,142,0
4,4,True,73801,95208,21407,0.290063820273438,0.5286769959930897,0.6139189984034955,0.7919946884188561,seed142_sample0,142,0
4,5,True,18902,34832,15930,0.8427679610623214,0.30415999223338674,0.3597841065686725,0.6629986244841816,seed142_sample0,142,0
4,6,True,11543,340,-11203,0.9705449189985272,0.012611844908393694,0.43529411764705883,0.012821623494758728,seed142_sample0,142,0
4,7,False,0,1,1,nan,0.0,0.0,nan,seed142_sample0,142,0
4,8,False,0,4,4,nan,0.0,0.0,nan,seed142_sample0,142,0
4,9,True,8968,3068,-5900,0.6578947368421053,0.018963765662038605,0.07301173402868318,0.024977698483496878,seed142_sample0,142,0
4,10,False,0,26,26,nan,0.0,0.0,nan,seed142_sample0,142,0
4,11,False,0,31,31,nan,0.0,0.0,nan,seed142_sample0,142,0
4,12,False,0,0,0,nan,nan,nan,nan,seed142_sample0,142,0
4,13,True,15,0,-15,1.0,0.0,nan,0.0,seed142_sample0,142,0
5,0,False,0,12,12,nan,0.0,0.0,nan,seed142_sample1,142,1
5,1,True,45273,35006,-10267,0.22677975835486935,0.4544878066456499,0.716591441467177,0.5540830075320832,seed142_sample1,142,1
5,2,True,24520,21640,-2880,0.11745513866231648,0.7254784688995215,0.8968576709796673,0.7915171288743883,seed142_sample1,142,1
5,3,True,14533,10822,-3711,0.2553498933461777,0.280814305920388,0.5136758454999076,0.38250877313699855,seed142_sample1,142,1
5,4,True,73801,91814,18013,0.24407528353274346,0.5486576710522625,0.639052867754373,0.7950298776439344,seed142_sample1,142,1
5,5,True,18902,28733,9831,0.5201036927309279,0.3198581363774902,0.40176800194897855,0.6107290233837689,seed142_sample1,142,1
5,6,True,11543,137,-11406,0.9881313350082301,0.006202618883528601,0.5255474452554745,0.00623754656501776,seed142_sample1,142,1
5,7,False,0,1,1,nan,0.0,0.0,nan,seed142_sample1,142,1
5,8,False,0,0,0,nan,nan,nan,nan,seed142_sample1,142,1
5,9,True,8968,9054,86,0.00958965209634255,0.04772978315214232,0.09067815330240778,0.09154772524531668,seed142_sample1,142,1
5,10,False,0,220,220,nan,0.0,0.0,nan,seed142_sample1,142,1
5,11,False,0,112,112,nan,0.0,0.0,nan,seed142_sample1,142,1
5,12,False,0,0,0,nan,nan,nan,nan,seed142_sample1,142,1
5,13,True,15,0,-15,1.0,0.0,nan,0.0,seed142_sample1,142,1
6,0,False,0,141,141,nan,0.0,0.0,nan,seed142_sample2,142,2
6,1,True,45273,37290,-7983,0.1763302630707044,0.4645061728395062,0.7022526146419952,0.5784242263600822,seed142_sample2,142,2
6,2,True,24520,21210,-3310,0.13499184339314846,0.7121569508405406,0.8967939651107968,0.7757340946166394,seed142_sample2,142,2
6,3,True,14533,7334,-7199,0.4953553980595885,0.23976641342555846,0.5766293973275157,0.29099291268148353,seed142_sample2,142,2
6,4,True,73801,92705,18904,0.2561482906735681,0.5199780911953992,0.6144328784855185,0.7718188100432244,seed142_sample2,142,2
6,5,True,18902,29367,10465,0.5536451169188445,0.2326412829745397,0.3102121428814656,0.4819595809967199,seed142_sample2,142,2
6,6,True,11543,291,-11252,0.9747899159663865,0.011107313738892685,0.44673539518900346,0.011262236853504288,seed142_sample2,142,2
6,7,False,0,13,13,nan,0.0,0.0,nan,seed142_sample2,142,2
6,8,False,0,5,5,nan,0.0,0.0,nan,seed142_sample2,142,2
6,9,True,8968,8975,7,0.0007805530776092774,0.03848825095497164,0.07409470752089137,0.07415254237288135,seed142_sample2,142,2
6,10,False,0,58,58,nan,0.0,0.0,nan,seed142_sample2,142,2
6,11,False,0,163,163,nan,0.0,0.0,nan,seed142_sample2,142,2
6,12,False,0,0,0,nan,nan,nan,nan,seed142_sample2,142,2
6,13,True,15,0,-15,1.0,0.0,nan,0.0,seed142_sample2,142,2
7,0,False,0,38,38,nan,0.0,0.0,nan,seed142_sample3,142,3
7,1,True,45273,33679,-11594,0.2560908267620878,0.44083509745236876,0.7172421984025654,0.533563050824995,seed142_sample3,142,3
7,2,True,24520,21623,-2897,0.11814845024469821,0.6806162587412588,0.8642186560606762,0.7621125611745514,seed142_sample3,142,3
7,3,True,14533,6308,-8225,0.565953347553843,0.18928326866012327,0.5258402029169309,0.22823917979770178,seed142_sample3,142,3
7,4,True,73801,95155,21354,0.2893456728228615,0.5417522151350069,0.6239188692133887,0.8044470942128156,seed142_sample3,142,3
7,5,True,18902,34667,15765,0.8340387260607343,0.2862631161908421,0.3439005394178902,0.6307269072055867,seed142_sample3,142,3
7,6,True,11543,16,-11527,0.9986138785411072,0.001212646167171936,0.875,0.001212856276531231,seed142_sample3,142,3
7,7,False,0,4,4,nan,0.0,0.0,nan,seed142_sample3,142,3
7,8,False,0,3,3,nan,0.0,0.0,nan,seed142_sample3,142,3
7,9,True,8968,5324,-3644,0.4063336306868867,0.017224199288256227,0.045454545454545456,0.026984834968777877,seed142_sample3,142,3
7,10,False,0,25,25,nan,0.0,0.0,nan,seed142_sample3,142,3
7,11,False,0,711,711,nan,0.0,0.0,nan,seed142_sample3,142,3
7,12,False,0,0,0,nan,nan,nan,nan,seed142_sample3,142,3
7,13,True,15,0,-15,1.0,0.0,nan,0.0,seed142_sample3,142,3
8,0,False,0,586,586,nan,0.0,0.0,nan,seed242_sample0,242,0
8,1,True,45273,30715,-14558,0.32156031188567136,0.42909802151508314,0.742829236529383,0.5039648355531995,seed242_sample0,242,0
8,2,True,24520,21482,-3038,0.12389885807504078,0.7104930467762326,0.8894888744064798,0.7792822185970636,seed242_sample0,242,0
8,3,True,14533,8623,-5910,0.4066607032271382,0.24863844702076032,0.5347326916386408,0.3172779192183307,seed242_sample0,242,0
8,4,True,73801,99892,26091,0.3535317949621279,0.5336182311027133,0.6050134144876467,0.8189048928876302,seed242_sample0,242,0
8,5,True,18902,31170,12268,0.6490318484816422,0.2543400385781207,0.32572986846326596,0.5371389270976616,seed242_sample0,242,0
8,6,True,11543,78,-11465,0.9932426578878975,0.0057988575385148,0.8589743589743589,0.005804383609113749,seed242_sample0,242,0
8,7,False,0,2,2,nan,0.0,0.0,nan,seed242_sample0,242,0
8,8,False,0,1,1,nan,0.0,0.0,nan,seed242_sample0,242,0
8,9,True,8968,4698,-4270,0.47613737734165923,0.06715602061533656,0.18305661983822905,0.09589652096342552,seed242_sample0,242,0
8,10,False,0,153,153,nan,0.0,0.0,nan,seed242_sample0,242,0
8,11,False,0,153,153,nan,0.0,0.0,nan,seed242_sample0,242,0
8,12,False,0,0,0,nan,nan,nan,nan,seed242_sample0,242,0
8,13,True,15,0,-15,1.0,0.0,nan,0.0,seed242_sample0,242,0
9,0,False,0,0,0,nan,nan,nan,nan,seed242_sample1,242,1
9,1,True,45273,32643,-12630,0.2789742230468491,0.4545250896057348,0.7458873265324878,0.5378039891325956,seed242_sample1,242,1
9,2,True,24520,22036,-2484,0.10130505709624796,0.7352864437735287,0.8952169177709203,0.8045269168026101,seed242_sample1,242,1
9,3,True,14533,10411,-4122,0.2836303584944609,0.256561382298121,0.4891941216021516,0.3504438175187504,seed242_sample1,242,1
9,4,True,73801,92452,18651,0.2527201528434574,0.5779368077372082,0.6586336693635616,0.8250836709529681,seed242_sample1,242,1
9,5,True,18902,36913,18011,0.9528621309914295,0.23651387935045082,0.28922059978869236,0.5648079568299651,seed242_sample1,242,1
9,6,True,11543,66,-11477,0.9942822489820671,0.003717793532768459,0.6515151515151515,0.0037252014207744956,seed242_sample1,242,1
9,7,False,0,1,1,nan,0.0,0.0,nan,seed242_sample1,242,1
9,8,False,0,2,2,nan,0.0,0.0,nan,seed242_sample1,242,1
9,9,True,8968,2837,-6131,0.6836529884032114,0.015047291487532245,0.06168487839266831,0.019513826940231935,seed242_sample1,242,1
9,10,False,0,184,184,nan,0.0,0.0,nan,seed242_sample1,242,1
9,11,False,0,9,9,nan,0.0,0.0,nan,seed242_sample1,242,1
9,12,False,0,0,0,nan,nan,nan,nan,seed242_sample1,242,1
9,13,True,15,0,-15,1.0,0.0,nan,0.0,seed242_sample1,242,1
10,0,False,0,2,2,nan,0.0,0.0,nan,seed242_sample2,242,2
10,1,True,45273,32317,-12956,0.28617498288162924,0.43395738232087083,0.726583531887242,0.5186535020873368,seed242_sample2,242,2
10,2,True,24520,21702,-2818,0.11492659053833605,0.6957845691015152,0.8738825914662243,0.7734502446982056,seed242_sample2,242,2
10,3,True,14533,8213,-6320,0.43487235945778574,0.21318470318416982,0.48666747838792157,0.27502924378999516,seed242_sample2,242,2
10,4,True,73801,97572,23771,0.3220959065595317,0.5257975195206425,0.6052556061165089,0.8002059592688446,seed242_sample2,242,2
10,5,True,18902,28789,9887,0.5230663421860121,0.30097113863276775,0.3832366528882559,0.5836948471061263,seed242_sample2,242,2
10,6,True,11543,16,-11527,0.9986138785411072,0.0011259310583751948,0.8125,0.0011262236853504287,seed242_sample2,242,2
10,7,False,0,3,3,nan,0.0,0.0,nan,seed242_sample2,242,2
10,8,False,0,0,0,nan,nan,nan,nan,seed242_sample2,242,2
10,9,True,8968,8405,-563,0.06277876895628903,0.03122217605508399,0.06258179654967282,0.05865298840321142,seed242_sample2,242,2
10,10,False,0,211,211,nan,0.0,0.0,nan,seed242_sample2,242,2
10,11,False,0,324,324,nan,0.0,0.0,nan,seed242_sample2,242,2
10,12,False,0,0,0,nan,nan,nan,nan,seed242_sample2,242,2
10,13,True,15,0,-15,1.0,0.0,nan,0.0,seed242_sample2,242,2
11,0,False,0,7,7,nan,0.0,0.0,nan,seed242_sample3,242,3
11,1,True,45273,31605,-13668,0.30190179577231463,0.4197754303021349,0.7191900015820282,0.50206524860292,seed242_sample3,242,3
11,2,True,24520,21814,-2706,0.11035889070146819,0.7422071818010905,0.9048776015402952,0.8050163132137031,seed242_sample3,242,3
11,3,True,14533,7531,-7002,0.4818000412853506,0.21994913192524604,0.5282167042889391,0.2737218743549164,seed242_sample3,242,3
11,4,True,73801,96549,22748,0.30823430576821453,0.541908037653874,0.6200996385255155,0.8112356201135486,seed242_sample3,242,3
11,5,True,18902,33000,14098,0.7458470003174267,0.2507711586658955,0.31533333333333335,0.5505237541000952,seed242_sample3,242,3
11,6,True,11543,232,-11311,0.9799012388460538,0.009949395316922549,0.5,0.010049380576973058,seed242_sample3,242,3
11,7,False,0,0,0,nan,nan,nan,nan,seed242_sample3,242,3
11,8,False,0,0,0,nan,nan,nan,nan,seed242_sample3,242,3
11,9,True,8968,6566,-2402,0.26784121320249776,0.030789648307896482,0.07066707279926897,0.05173951828724353,seed242_sample3,242,3
11,10,False,0,98,98,nan,0.0,0.0,nan,seed242_sample3,242,3
11,11,False,0,153,153,nan,0.0,0.0,nan,seed242_sample3,242,3
11,12,False,0,0,0,nan,nan,nan,nan,seed242_sample3,242,3
11,13,True,15,0,-15,1.0,0.0,nan,0.0,seed242_sample3,242,3
