step,t,w_t,geo_loss,grad_norm,prior_velocity_norm,guided_velocity_norm
0,0.0,0.0,4.777985572814941,0.04874247685074806,2050.7119140625,2050.7119140625
1,0.03125,0.0,4.761505603790283,0.0506826750934124,2034.6685791015625,2034.6685791015625
2,0.0625,0.0,4.74320125579834,0.05276651307940483,2033.5118408203125,2033.5118408203125
3,0.09375,0.0,4.722719669342041,0.0550227127969265,2030.9710693359375,2030.9710693359375
4,0.125,0.0,4.699845314025879,0.05747012421488762,2031.9091796875,2031.9091796875
5,0.15625,0.0,4.674088954925537,0.06013498827815056,2034.08642578125,2034.08642578125
6,0.1875,0.0,4.644975662231445,0.06304780393838882,2030.2430419921875,2030.2430419921875
7,0.21875,0.0,4.611994743347168,0.06623581796884537,2031.322021484375,2031.322021484375
8,0.25,0.0,4.574440002441406,0.06974446028470993,2031.695068359375,2031.695068359375
9,0.28125,0.0,4.5314621925354,0.07362128049135208,2030.043701171875,2030.043701171875
10,0.3125,0.0,4.481912136077881,0.0779227539896965,2035.4183349609375,2035.4183349609375
11,0.34375,0.0,4.424107074737549,0.08273185044527054,2032.7567138671875,2032.7567138671875
12,0.375,0.0,4.356480598449707,0.08809947222471237,2028.431640625,2028.431640625
13,0.40625,0.0,4.276696681976318,0.09409134089946747,2025.7078857421875,2025.7078857421875
14,0.4375,0.0,4.182187080383301,0.10080220550298691,2025.2127685546875,2025.2127685546875
15,0.46875,0.0,4.069180011749268,0.10836631804704666,2016.7884521484375,2016.7884521484375
16,0.5,0.0,3.933711051940918,0.11690525710582733,2025.5904541015625,2025.5904541015625
17,0.53125,0.00390625,3.768831253051758,0.12657000124454498,2022.6767578125,2022.6768798828125
18,0.5625,0.015625,3.5678815841674805,0.13706684112548828,2031.4591064453125,2031.4591064453125
19,0.59375,0.03515625,3.3205182552337646,0.14800162613391876,2022.1424560546875,2022.142578125
20,0.625,0.0625,3.018585681915283,0.15914934873580933,2017.9849853515625,2017.9853515625
21,0.65625,0.09765625,2.652165651321411,0.1705075204372406,2035.209228515625,2035.2098388671875
22,0.6875,0.140625,2.2112064361572266,0.1803741306066513,2026.2884521484375,2026.28955078125
23,0.71875,0.19140625,1.706039547920227,0.18318848311901093,2032.6805419921875,2032.68212890625
24,0.75,0.25,1.1728371381759644,0.1732141375541687,2031.6702880859375,2031.67236328125
25,0.78125,0.31640625,0.6876112818717957,0.15413963794708252,2023.6533203125,2023.655517578125
26,0.8125,0.390625,0.3496547341346741,0.12667076289653778,2042.8380126953125,2042.8394775390625
27,0.84375,0.47265625,0.22111405432224274,0.08227857947349548,2036.632080078125,2036.63232421875
28,0.875,0.5625,0.21079875528812408,0.020066499710083008,2055.7939453125,2055.793701171875
29,0.90625,0.66015625,0.21263529360294342,0.003959863446652889,2074.2451171875,2074.2451171875
30,0.9375,0.765625,0.2125784307718277,0.001862357254140079,2089.5009765625,2089.5009765625
31,0.96875,0.87890625,0.21213535964488983,0.0013483380898833275,2162.798095703125,2162.798095703125
0,0.0,0.0,4.776943206787109,0.04748067259788513,2051.37255859375,2051.37255859375
1,0.03125,0.0,4.758986473083496,0.0493449941277504,2035.485595703125,2035.485595703125
2,0.0625,0.0,4.739086151123047,0.05134505406022072,2034.3712158203125,2034.3712158203125
3,0.09375,0.0,4.716856956481934,0.05350745469331741,2031.908935546875,2031.908935546875
4,0.125,0.0,4.692083835601807,0.055847883224487305,2032.6441650390625,2032.6441650390625
5,0.15625,0.0,4.664270877838135,0.05838995426893234,2034.473876953125,2034.473876953125
6,0.1875,0.0,4.632899761199951,0.06115955114364624,2030.5257568359375,2030.5257568359375
7,0.21875,0.0,4.597419738769531,0.06417971849441528,2031.692626953125,2031.692626953125
8,0.25,0.0,4.557084560394287,0.06749239563941956,2032.05078125,2032.05078125
9,0.28125,0.0,4.511003017425537,0.07114443928003311,2030.38525390625,2030.38525390625
10,0.3125,0.0,4.4580206871032715,0.07519987970590591,2035.742431640625,2035.742431640625
11,0.34375,0.0,4.396348476409912,0.07975896447896957,2033.144287109375,2033.144287109375
12,0.375,0.0,4.3244242668151855,0.08490671962499619,2028.822021484375,2028.822021484375
13,0.40625,0.0,4.239850044250488,0.09074550867080688,2026.191162109375,2026.191162109375
14,0.4375,0.0,4.140035152435303,0.09738288074731827,2025.818603515625,2025.818603515625
15,0.46875,0.0,4.021170139312744,0.10488966107368469,2017.51611328125,2017.51611328125
16,0.5,0.0,3.879310131072998,0.11323965340852737,2026.4456787109375,2026.4456787109375
17,0.53125,0.00390625,3.707550287246704,0.12245017290115356,2023.6334228515625,2023.6334228515625
18,0.5625,0.015625,3.4996607303619385,0.13226675987243652,2032.5072021484375,2032.5072021484375
19,0.59375,0.03515625,3.2461671829223633,0.1423998922109604,2023.2275390625,2023.2276611328125
20,0.625,0.0625,2.9407999515533447,0.15260536968708038,2019.0594482421875,2019.059814453125
21,0.65625,0.09765625,2.577505111694336,0.16310548782348633,2036.1998291015625,2036.200439453125
22,0.6875,0.140625,2.1521196365356445,0.17339463531970978,2027.1455078125,2027.146484375
23,0.71875,0.19140625,1.675310492515564,0.18139266967773438,2033.4427490234375,2033.4442138671875
24,0.75,0.25,1.1693923473358154,0.18159186840057373,2032.30859375,2032.3106689453125
25,0.78125,0.31640625,0.6920340061187744,0.1662524789571762,2024.089111328125,2024.09130859375
26,0.8125,0.390625,0.35268908739089966,0.13180764019489288,2043.1788330078125,2043.18017578125
27,0.84375,0.47265625,0.22457611560821533,0.07794483006000519,2036.78515625,2036.7855224609375
28,0.875,0.5625,0.20980480313301086,0.020244408398866653,2055.7734375,2055.7734375
29,0.90625,0.66015625,0.2104904055595398,0.003578844014555216,2073.671630859375,2073.671630859375
30,0.9375,0.765625,0.2109411507844925,0.0018135199788957834,2088.194091796875,2088.194091796875
31,0.96875,0.87890625,0.21085767447948456,0.0014670935925096273,2160.6376953125,2160.6376953125
0,0.0,0.0,4.751416206359863,0.047757793217897415,2051.489990234375,2051.489990234375
1,0.03125,0.0,4.73529577255249,0.04966669902205467,2035.24560546875,2035.24560546875
2,0.0625,0.0,4.717261791229248,0.05171297863125801,2034.2567138671875,2034.2567138671875
3,0.09375,0.0,4.69694185256958,0.0539231114089489,2032.04541015625,2032.04541015625
4,0.125,0.0,4.674093723297119,0.056312862783670425,2032.7843017578125,2032.7843017578125
5,0.15625,0.0,4.648231029510498,0.058906204998493195,2034.5751953125,2034.5751953125
6,0.1875,0.0,4.618856906890869,0.06173066794872284,2030.5030517578125,2030.5030517578125
7,0.21875,0.0,4.585414409637451,0.06481167674064636,2031.54296875,2031.54296875
8,0.25,0.0,4.547157287597656,0.0681912750005722,2031.8955078125,2031.8955078125
9,0.28125,0.0,4.503232002258301,0.07191326469182968,2030.3338623046875,2030.3338623046875
10,0.3125,0.0,4.45248556137085,0.07602957636117935,2035.7415771484375,2035.7415771484375
11,0.34375,0.0,4.393174648284912,0.0806233286857605,2033.164794921875,2033.164794921875
12,0.375,0.0,4.323735237121582,0.0857633426785469,2028.7833251953125,2028.7833251953125
13,0.40625,0.0,4.241845607757568,0.09154864400625229,2025.9407958984375,2025.9407958984375
14,0.4375,0.0,4.144973278045654,0.09810347110033035,2025.3514404296875,2025.3514404296875
15,0.46875,0.0,4.029490947723389,0.10553798079490662,2016.822265625,2016.822265625
16,0.5,0.0,3.8917930126190186,0.1139015480875969,2025.4420166015625,2025.4420166015625
17,0.53125,0.00390625,3.7255964279174805,0.12332284450531006,2022.3973388671875,2022.3973388671875
18,0.5625,0.015625,3.5253279209136963,0.13368090987205505,2031.0911865234375,2031.0911865234375
19,0.59375,0.03515625,3.281735897064209,0.14500127732753754,2021.916748046875,2021.9168701171875
20,0.625,0.0625,2.9866886138916016,0.15715739130973816,2017.9405517578125,2017.94091796875
21,0.65625,0.09765625,2.629779815673828,0.16908088326454163,2035.3980712890625,2035.398681640625
22,0.6875,0.140625,2.20170259475708,0.17909376323223114,2026.437744140625,2026.438720703125
23,0.71875,0.19140625,1.71476411819458,0.18563829362392426,2032.884033203125,2032.885498046875
24,0.75,0.25,1.198920726776123,0.18426145613193512,2031.84814453125,2031.8502197265625
25,0.78125,0.31640625,0.7121637463569641,0.16951589286327362,2023.85009765625,2023.852294921875
26,0.8125,0.390625,0.3542783260345459,0.138356015086174,2043.0570068359375,2043.0587158203125
27,0.84375,0.47265625,0.20131105184555054,0.08013442903757095,2036.990234375,2036.99072265625
28,0.875,0.5625,0.1783687025308609,0.02146354503929615,2056.237548828125,2056.237548828125
29,0.90625,0.66015625,0.174460306763649,0.00447100680321455,2074.996337890625,2074.996337890625
30,0.9375,0.765625,0.17422015964984894,0.0018792496994137764,2090.248291015625,2090.248046875
31,0.96875,0.87890625,0.17393125593662262,0.0018078020075336099,2162.978271484375,2162.978271484375
0,0.0,0.0,4.754700660705566,0.04737940430641174,2049.826904296875,2049.826904296875
1,0.03125,0.0,4.738144397735596,0.04923935979604721,2033.2830810546875,2033.2830810546875
2,0.0625,0.0,4.719758987426758,0.051243316382169724,2031.236328125,2031.236328125
3,0.09375,0.0,4.699244499206543,0.0534231960773468,2028.4254150390625,2028.4254150390625
4,0.125,0.0,4.676385402679443,0.05580116808414459,2029.14111328125,2029.14111328125
5,0.15625,0.0,4.65073299407959,0.058406900614500046,2031.35888671875,2031.35888671875
6,0.1875,0.0,4.621788024902344,0.06127304211258888,2027.467041015625,2027.467041015625
7,0.21875,0.0,4.589028835296631,0.0644279345870018,2028.4700927734375,2028.4700927734375
8,0.25,0.0,4.551755905151367,0.06791342794895172,2028.6290283203125,2028.6290283203125
9,0.28125,0.0,4.5091400146484375,0.07177188247442245,2026.671875,2026.671875
10,0.3125,0.0,4.460073471069336,0.07605233043432236,2031.8660888671875,2031.8660888671875
11,0.34375,0.0,4.402883529663086,0.08083323389291763,2028.927734375,2028.927734375
12,0.375,0.0,4.336050033569336,0.08617092669010162,2024.2205810546875,2024.2205810546875
13,0.40625,0.0,4.2572808265686035,0.09214453399181366,2020.767822265625,2020.767822265625
14,0.4375,0.0,4.164098262786865,0.0988585352897644,2019.698486328125,2019.698486328125
15,0.46875,0.0,4.052818298339844,0.10642681270837784,2010.821044921875,2010.821044921875
16,0.5,0.0,3.9195358753204346,0.11493179202079773,2019.0791015625,2019.0791015625
17,0.53125,0.00390625,3.757368564605713,0.12456489354372025,2015.922607421875,2015.922607421875
18,0.5625,0.015625,3.559617042541504,0.13529394567012787,2024.4442138671875,2024.4443359375
19,0.59375,0.03515625,3.3162150382995605,0.1472197026014328,2014.9189453125,2014.9190673828125
20,0.625,0.0625,3.0194694995880127,0.16021591424942017,2010.9837646484375,2010.984130859375
21,0.65625,0.09765625,2.660231828689575,0.1736299693584442,2028.2703857421875,2028.27099609375
22,0.6875,0.140625,2.229748249053955,0.18520952761173248,2019.27392578125,2019.27490234375
23,0.71875,0.19140625,1.737310528755188,0.19093871116638184,2026.117919921875,2026.1195068359375
24,0.75,0.25,1.2119910717010498,0.18752767145633698,2025.640380859375,2025.6424560546875
25,0.78125,0.31640625,0.7228065729141235,0.1691487431526184,2018.4163818359375,2018.4185791015625
26,0.8125,0.390625,0.3802949786186218,0.13457448780536652,2038.201416015625,2038.202880859375
27,0.84375,0.47265625,0.2518557906150818,0.07601790130138397,2033.034912109375,2033.0352783203125
28,0.875,0.5625,0.2359655201435089,0.01827307790517807,2052.89208984375,2052.892333984375
29,0.90625,0.66015625,0.2363332211971283,0.0038612696807831526,2074.998046875,2074.998046875
30,0.9375,0.765625,0.2367173582315445,0.0024560363963246346,2097.610595703125,2097.610595703125
31,0.96875,0.87890625,0.2366613894701004,0.0021232410799711943,2186.8994140625,2186.8994140625
0,0.0,0.0,4.711933612823486,0.04786037281155586,2050.32275390625,2050.32275390625
1,0.03125,0.0,4.695209503173828,0.04972311854362488,2034.3482666015625,2034.3482666015625
2,0.0625,0.0,4.676645755767822,0.05172205716371536,2033.556396484375,2033.556396484375
3,0.09375,0.0,4.655909061431885,0.05388681963086128,2031.51123046875,2031.51123046875
4,0.125,0.0,4.632760047912598,0.05623655393719673,2032.0947265625,2032.0947265625
5,0.15625,0.0,4.606738090515137,0.05879935622215271,2033.935302734375,2033.935302734375
6,0.1875,0.0,4.577333450317383,0.06160872057080269,2029.940673828125,2029.940673828125
7,0.21875,0.0,4.544027805328369,0.06469809263944626,2030.802734375,2030.802734375
8,0.25,0.0,4.5060906410217285,0.06812174618244171,2030.8302001953125,2030.8302001953125
9,0.28125,0.0,4.462681293487549,0.0719393864274025,2028.8946533203125,2028.8946533203125
10,0.3125,0.0,4.412637710571289,0.07622242718935013,2034.0548095703125,2034.0548095703125
11,0.34375,0.0,4.354198455810547,0.08106411248445511,2031.2501220703125,2031.2501220703125
12,0.375,0.0,4.285728931427002,0.08650878816843033,2026.75634765625,2026.75634765625
13,0.40625,0.0,4.2047929763793945,0.09258627891540527,2023.91259765625,2023.91259765625
14,0.4375,0.0,4.108719348907471,0.09934784471988678,2023.194091796875,2023.194091796875
15,0.46875,0.0,3.9936983585357666,0.10694251954555511,2014.6036376953125,2014.6036376953125
16,0.5,0.0,3.8559348583221436,0.11558778584003448,2023.192626953125,2023.192626953125
17,0.53125,0.00390625,3.688986301422119,0.1255386769771576,2020.0537109375,2020.0537109375
18,0.5625,0.015625,3.4872543811798096,0.13662227988243103,2028.68505859375,2028.68505859375
19,0.59375,0.03515625,3.241887331008911,0.14876772463321686,2019.0631103515625,2019.063232421875
20,0.625,0.0625,2.9459404945373535,0.16176818311214447,2014.7301025390625,2014.7303466796875
21,0.65625,0.09765625,2.5905017852783203,0.17496412992477417,2031.740234375,2031.7408447265625
22,0.6875,0.140625,2.168233633041382,0.1875617653131485,2022.4962158203125,2022.497314453125
23,0.71875,0.19140625,1.6903434991836548,0.19702772796154022,2028.872802734375,2028.874267578125
24,0.75,0.25,1.186604380607605,0.19357384741306305,2027.853271484375,2027.855224609375
25,0.78125,0.31640625,0.7181660532951355,0.17318522930145264,2019.7900390625,2019.7921142578125
26,0.8125,0.390625,0.37792932987213135,0.1423875093460083,2039.060791015625,2039.062255859375
27,0.84375,0.47265625,0.2291194200515747,0.08260202407836914,2033.169189453125,2033.169677734375
28,0.875,0.5625,0.1982896625995636,0.020390182733535767,2052.653076171875,2052.653076171875
29,0.90625,0.66015625,0.19604845345020294,0.003828291082754731,2072.8525390625,2072.8525390625
30,0.9375,0.765625,0.1958484649658203,0.002426157472655177,2090.377685546875,2090.377685546875
31,0.96875,0.87890625,0.19568057358264923,0.0017258742591366172,2166.735107421875,2166.735107421875
0,0.0,0.0,4.776096343994141,0.04743945598602295,2049.41650390625,2049.41650390625
1,0.03125,0.0,4.758611679077148,0.04929892346262932,2033.4378662109375,2033.4378662109375
2,0.0625,0.0,4.7391133308410645,0.05129999294877052,2031.82958984375,2031.82958984375
3,0.09375,0.0,4.717243194580078,0.053472355008125305,2028.97119140625,2028.97119140625
4,0.125,0.0,4.692786693572998,0.05583581700921059,2029.37158203125,2029.37158203125
5,0.15625,0.0,4.665267467498779,0.058417823165655136,2031.170166015625,2031.170166015625
6,0.1875,0.0,4.6341681480407715,0.06124960631132126,2027.30224609375,2027.30224609375
7,0.21875,0.0,4.598938941955566,0.06435905396938324,2028.511474609375,2028.511474609375
8,0.25,0.0,4.558842658996582,0.06778805702924728,2028.93408203125,2028.93408203125
9,0.28125,0.0,4.513010501861572,0.07157768309116364,2027.3406982421875,2027.3406982421875
10,0.3125,0.0,4.460293292999268,0.07577230781316757,2032.6597900390625,2032.6597900390625
11,0.34375,0.0,4.398983955383301,0.08044544607400894,2029.97900390625,2029.97900390625
12,0.375,0.0,4.327566623687744,0.08565766364336014,2025.5650634765625,2025.5650634765625
13,0.40625,0.0,4.2438154220581055,0.09151094406843185,2022.66259765625,2022.66259765625
14,0.4375,0.0,4.145389080047607,0.09815822541713715,2022.0474853515625,2022.0474853515625
15,0.46875,0.0,4.028900623321533,0.10579129308462143,2013.5869140625,2013.5869140625
16,0.5,0.0,3.891029119491577,0.11458480358123779,2022.1712646484375,2022.1712646484375
17,0.53125,0.00390625,3.725637435913086,0.12475070357322693,2019.2001953125,2019.2001953125
18,0.5625,0.015625,3.526954174041748,0.13602714240550995,2027.97998046875,2027.97998046875
19,0.59375,0.03515625,3.2850961685180664,0.1479257047176361,2018.5885009765625,2018.588623046875
20,0.625,0.0625,2.9911365509033203,0.16014689207077026,2014.43798828125,2014.438232421875
21,0.65625,0.09765625,2.634580135345459,0.1724497526884079,2031.511962890625,2031.5125732421875
22,0.6875,0.140625,2.2071640491485596,0.18373394012451172,2022.3487548828125,2022.349853515625
23,0.71875,0.19140625,1.7196893692016602,0.19038327038288116,2028.7864990234375,2028.7880859375
24,0.75,0.25,1.1980713605880737,0.18563105165958405,2027.9677734375,2027.9698486328125
25,0.78125,0.31640625,0.7071041464805603,0.16555431485176086,2020.216796875,2020.218994140625
26,0.8125,0.390625,0.3511562943458557,0.1272716522216797,2039.901611328125,2039.903076171875
27,0.84375,0.47265625,0.21308176219463348,0.07210899144411087,2034.1805419921875,2034.180908203125
28,0.875,0.5625,0.2005719244480133,0.018625743687152863,2053.46826171875,2053.46826171875
29,0.90625,0.66015625,0.2024203985929489,0.00359581527300179,2073.3955078125,2073.3955078125
30,0.9375,0.765625,0.2029111385345459,0.002102904487401247,2091.589111328125,2091.589111328125
31,0.96875,0.87890625,0.20295579731464386,0.001695855869911611,2171.171142578125,2171.171142578125
0,0.0,0.0,4.752335548400879,0.047166015952825546,2050.755615234375,2050.755615234375
1,0.03125,0.0,4.734472751617432,0.04900815710425377,2034.955322265625,2034.955322265625
2,0.0625,0.0,4.714636325836182,0.050986398011446,2033.6370849609375,2033.6370849609375
3,0.09375,0.0,4.692453384399414,0.05312921106815338,2030.6939697265625,2030.6939697265625
4,0.125,0.0,4.667708396911621,0.055456582456827164,2030.970703125,2030.970703125
5,0.15625,0.0,4.639914512634277,0.05799749866127968,2032.60400390625,2032.60400390625
6,0.1875,0.0,4.608565807342529,0.06078549474477768,2028.51513671875,2028.51513671875
7,0.21875,0.0,4.573105335235596,0.06385200470685959,2029.5479736328125,2029.5479736328125
8,0.25,0.0,4.53281307220459,0.06724447011947632,2029.8529052734375,2029.8529052734375
9,0.28125,0.0,4.486810207366943,0.07101016491651535,2028.1806640625,2028.1806640625
10,0.3125,0.0,4.433949947357178,0.07520043104887009,2033.3265380859375,2033.3265380859375
11,0.34375,0.0,4.372509479522705,0.07989626377820969,2030.6248779296875,2030.6248779296875
12,0.375,0.0,4.300900459289551,0.08515821397304535,2026.18603515625,2026.18603515625
13,0.40625,0.0,4.216777324676514,0.09107188880443573,2023.3642578125,2023.3642578125
14,0.4375,0.0,4.117546081542969,0.0977318286895752,2022.7554931640625,2022.7554931640625
15,0.46875,0.0,3.9994056224823,0.10519582033157349,2014.257080078125,2014.257080078125
16,0.5,0.0,3.858431100845337,0.11345420032739639,2022.93359375,2022.93359375
17,0.53125,0.00390625,3.687715768814087,0.12265165150165558,2019.8372802734375,2019.8372802734375
18,0.5625,0.015625,3.480942487716675,0.13273932039737701,2028.4715576171875,2028.4716796875
19,0.59375,0.03515625,3.2283215522766113,0.14357876777648926,2018.892578125,2018.8927001953125
20,0.625,0.0625,2.922431468963623,0.15467031300067902,2014.6318359375,2014.6322021484375
21,0.65625,0.09765625,2.5553290843963623,0.16552406549453735,2031.74658203125,2031.7470703125
22,0.6875,0.140625,2.122526168823242,0.17538490891456604,2022.606201171875,2022.6072998046875
23,0.71875,0.19140625,1.6391494274139404,0.17982377111911774,2029.15673828125,2029.158203125
24,0.75,0.25,1.1330164670944214,0.17370229959487915,2028.323974609375,2028.325927734375
25,0.78125,0.31640625,0.666120707988739,0.15497711300849915,2020.498046875,2020.500244140625
26,0.8125,0.390625,0.3292585611343384,0.12735824286937714,2039.6083984375,2039.60986328125
27,0.84375,0.47265625,0.19420644640922546,0.0692845806479454,2033.4493408203125,2033.44970703125
28,0.875,0.5625,0.18547043204307556,0.01896033063530922,2052.591552734375,2052.591552734375
29,0.90625,0.66015625,0.1892787367105484,0.003858417272567749,2072.980224609375,2072.980224609375
30,0.9375,0.765625,0.1901930272579193,0.002364557469263673,2092.025634765625,2092.025634765625
31,0.96875,0.87890625,0.19035962224006653,0.0018951912643387914,2172.806640625,2172.806640625
0,0.0,0.0,4.730291843414307,0.04768862575292587,2050.403564453125,2050.403564453125
1,0.03125,0.0,4.71341609954834,0.049563564360141754,2034.30859375,2034.30859375
2,0.0625,0.0,4.694711685180664,0.05158144608139992,2033.31201171875,2033.31201171875
3,0.09375,0.0,4.673830509185791,0.05377207696437836,2030.9686279296875,2030.9686279296875
4,0.125,0.0,4.650567054748535,0.05615585297346115,2031.735107421875,2031.735107421875
5,0.15625,0.0,4.624471664428711,0.058761902153491974,2033.5777587890625,2033.5777587890625
6,0.1875,0.0,4.595071315765381,0.06162317842245102,2029.6156005859375,2029.6156005859375
7,0.21875,0.0,4.561847686767578,0.06477028876543045,2030.6767578125,2030.6767578125
8,0.25,0.0,4.5241193771362305,0.06825128197669983,2030.9766845703125,2030.9766845703125
9,0.28125,0.0,4.481096267700195,0.07211872935295105,2029.3455810546875,2029.3455810546875
10,0.3125,0.0,4.431700229644775,0.07643746584653854,2034.64306640625,2034.64306640625
11,0.34375,0.0,4.374246597290039,0.08131345361471176,2031.988525390625,2031.988525390625
12,0.375,0.0,4.307229518890381,0.08683577179908752,2027.58837890625,2027.58837890625
13,0.40625,0.0,4.228336811065674,0.09307733178138733,2024.83154296875,2024.83154296875
14,0.4375,0.0,4.134930610656738,0.09999963641166687,2024.2855224609375,2024.2855224609375
15,0.46875,0.0,4.0229878425598145,0.10752960294485092,2015.9034423828125,2015.9034423828125
16,0.5,0.0,3.8881518840789795,0.11573665589094162,2024.6585693359375,2024.6585693359375
17,0.53125,0.00390625,3.7230963706970215,0.1247604563832283,2021.7266845703125,2021.7266845703125
18,0.5625,0.015625,3.5211269855499268,0.1344539374113083,2030.4947509765625,2030.4947509765625
19,0.59375,0.03515625,3.272648334503174,0.14497505128383636,2021.17041015625,2021.1705322265625
20,0.625,0.0625,2.971240997314453,0.15647873282432556,2017.0057373046875,2017.0059814453125
21,0.65625,0.09765625,2.609900951385498,0.168071910738945,2034.1904296875,2034.1910400390625
22,0.6875,0.140625,2.1821820735931396,0.17786039412021637,2025.1092529296875,2025.1102294921875
23,0.71875,0.19140625,1.6979069709777832,0.1844346523284912,2031.4122314453125,2031.4136962890625
24,0.75,0.25,1.1857194900512695,0.18309609591960907,2030.293701171875,2030.2957763671875
25,0.78125,0.31640625,0.7091252207756042,0.16605186462402344,2022.2930908203125,2022.295166015625
26,0.8125,0.390625,0.357123464345932,0.12990930676460266,2041.36083984375,2041.3623046875
27,0.84375,0.47265625,0.20365633070468903,0.06829144060611725,2035.0997314453125,2035.10009765625
28,0.875,0.5625,0.1906319260597229,0.016761906445026398,2053.747802734375,2053.747802734375
29,0.90625,0.66015625,0.1921500414609909,0.0034307530149817467,2072.40478515625,2072.40478515625
30,0.9375,0.765625,0.19240127503871918,0.0020536731462925673,2088.27783203125,2088.27783203125
31,0.96875,0.87890625,0.19223514199256897,0.0017555513186380267,2163.80615234375,2163.80615234375
0,0.0,0.0,4.798515319824219,0.0479581318795681,2050.03173828125,2050.03173828125
1,0.03125,0.0,4.782192230224609,0.04983996972441673,2034.33544921875,2034.33544921875
2,0.0625,0.0,4.764037132263184,0.05185907706618309,2033.3289794921875,2033.3289794921875
3,0.09375,0.0,4.743687152862549,0.054042667150497437,2030.561767578125,2030.561767578125
4,0.125,0.0,4.7209343910217285,0.05640752986073494,2031.108154296875,2031.108154296875
5,0.15625,0.0,4.6953020095825195,0.058977678418159485,2033.055908203125,2033.055908203125
6,0.1875,0.0,4.666288375854492,0.06178147718310356,2029.091796875,2029.091796875
7,0.21875,0.0,4.6333537101745605,0.06484489142894745,2030.180419921875,2030.180419921875
8,0.25,0.0,4.595772743225098,0.06821206212043762,2030.5093994140625,2030.5093994140625
9,0.28125,0.0,4.552692890167236,0.07193224132061005,2028.818359375,2028.818359375
10,0.3125,0.0,4.502954483032227,0.07606804370880127,2034.1666259765625,2034.1666259765625
11,0.34375,0.0,4.444822788238525,0.08071830123662949,2031.458984375,2031.458984375
12,0.375,0.0,4.376703262329102,0.08596910536289215,2026.9801025390625,2026.9801025390625
13,0.40625,0.0,4.2961955070495605,0.09194659441709518,2023.87451171875,2023.87451171875
14,0.4375,0.0,4.2006731033325195,0.09882824122905731,2023.0281982421875,2023.0281982421875
15,0.46875,0.0,4.086306095123291,0.10682839900255203,2014.25830078125,2014.25830078125
16,0.5,0.0,3.949164390563965,0.11609260737895966,2022.5367431640625,2022.5367431640625
17,0.53125,0.00390625,3.7824959754943848,0.12672455608844757,2019.36474609375,2019.36474609375
18,0.5625,0.015625,3.5799410343170166,0.13837552070617676,2027.873046875,2027.8731689453125
19,0.59375,0.03515625,3.331268072128296,0.15065352618694305,2018.536376953125,2018.53662109375
20,0.625,0.0625,3.0279335975646973,0.1631591022014618,2014.54931640625,2014.549560546875
21,0.65625,0.09765625,2.6602017879486084,0.1760614514350891,2031.929931640625,2031.9306640625
22,0.6875,0.140625,2.220813274383545,0.18735279142856598,2022.998046875,2022.9990234375
23,0.71875,0.19140625,1.7212353944778442,0.1911112368106842,2029.654296875,2029.6558837890625
24,0.75,0.25,1.1935820579528809,0.1848219335079193,2029.008544921875,2029.0106201171875
25,0.78125,0.31640625,0.7156809568405151,0.16565795242786407,2021.4342041015625,2021.436279296875
26,0.8125,0.390625,0.3797230124473572,0.1345590353012085,2040.7391357421875,2040.7406005859375
27,0.84375,0.47265625,0.24441654980182648,0.07824023813009262,2034.6573486328125,2034.65771484375
28,0.875,0.5625,0.2279730886220932,0.01993674412369728,2053.903564453125,2053.903564453125
29,0.90625,0.66015625,0.22924377024173737,0.004498112015426159,2073.997314453125,2073.997314453125
30,0.9375,0.765625,0.22958333790302277,0.0027865013107657433,2092.210693359375,2092.210693359375
31,0.96875,0.87890625,0.22935882210731506,0.0023483452387154102,2171.160400390625,2171.160400390625
0,0.0,0.0,4.731301307678223,0.04778578504920006,2051.180419921875,2051.180419921875
1,0.03125,0.0,4.714557647705078,0.049640584737062454,2035.6041259765625,2035.6041259765625
2,0.0625,0.0,4.695993900299072,0.05163457989692688,2035.0428466796875,2035.0428466796875
3,0.09375,0.0,4.675258159637451,0.053796686232089996,2032.64697265625,2032.64697265625
4,0.125,0.0,4.652143955230713,0.05614588037133217,2033.399658203125,2033.399658203125
5,0.15625,0.0,4.626165866851807,0.05870747193694115,2035.249755859375,2035.249755859375
6,0.1875,0.0,4.596850872039795,0.06150959059596062,2031.1898193359375,2031.1898193359375
7,0.21875,0.0,4.563684940338135,0.0645749419927597,2032.1746826171875,2032.1746826171875
8,0.25,0.0,4.525978088378906,0.06794065237045288,2032.3045654296875,2032.3045654296875
9,0.28125,0.0,4.482897758483887,0.07164303213357925,2030.548828125,2030.548828125
10,0.3125,0.0,4.433311462402344,0.07572914659976959,2036.0697021484375,2036.0697021484375
11,0.34375,0.0,4.3755202293396,0.08027984201908112,2033.5706787109375,2033.5706787109375
12,0.375,0.0,4.307972431182861,0.08536740392446518,2029.2940673828125,2029.2940673828125
13,0.40625,0.0,4.2283477783203125,0.09109843522310257,2026.606201171875,2026.606201171875
14,0.4375,0.0,4.134130001068115,0.09761542081832886,2026.12158203125,2026.12158203125
15,0.46875,0.0,4.021579265594482,0.10507659614086151,2017.7427978515625,2017.7427978515625
16,0.5,0.0,3.88680362701416,0.11361051350831985,2026.5255126953125,2026.5255126953125
17,0.53125,0.00390625,3.722959280014038,0.12345089763402939,2023.5802001953125,2023.5802001953125
18,0.5625,0.015625,3.5236198902130127,0.13450929522514343,2032.3695068359375,2032.36962890625
19,0.59375,0.03515625,3.2786195278167725,0.14644333720207214,2022.807373046875,2022.8074951171875
20,0.625,0.0625,2.979261875152588,0.1583373099565506,2018.3946533203125,2018.39501953125
21,0.65625,0.09765625,2.615117073059082,0.16890910267829895,2035.324951171875,2035.325439453125
22,0.6875,0.140625,2.1792078018188477,0.1766965091228485,2026.2330322265625,2026.2340087890625
23,0.71875,0.19140625,1.6874107122421265,0.17847834527492523,2032.3486328125,2032.35009765625
24,0.75,0.25,1.174638271331787,0.17120353877544403,2030.9488525390625,2030.9508056640625
25,0.78125,0.31640625,0.7045575976371765,0.1513165980577469,2022.4176025390625,2022.419677734375
26,0.8125,0.390625,0.3571733832359314,0.12551330029964447,2040.9754638671875,2040.97705078125
27,0.84375,0.47265625,0.2115943729877472,0.08084817975759506,2033.9825439453125,2033.9827880859375
28,0.875,0.5625,0.19951920211315155,0.02097204700112343,2052.38134765625,2052.38134765625
29,0.90625,0.66015625,0.20197488367557526,0.0035496253985911608,2070.378662109375,2070.378662109375
30,0.9375,0.765625,0.2030758410692215,0.0018103760667145252,2084.427490234375,2084.427490234375
31,0.96875,0.87890625,0.2035863846540451,0.0015728804282844067,2155.25927734375,2155.25927734375
0,0.0,0.0,4.747734546661377,0.046612512320280075,2050.837646484375,2050.837646484375
1,0.03125,0.0,4.730632781982422,0.048387788236141205,2034.65380859375,2034.65380859375
2,0.0625,0.0,4.711617946624756,0.05029277130961418,2033.239501953125,2033.239501953125
3,0.09375,0.0,4.690347671508789,0.05235712230205536,2030.69482421875,2030.69482421875
4,0.125,0.0,4.666593551635742,0.054601602256298065,2031.313232421875,2031.313232421875
5,0.15625,0.0,4.639870643615723,0.05705638229846954,2033.2569580078125,2033.2569580078125
6,0.1875,0.0,4.609652042388916,0.059757065027952194,2029.385498046875,2029.385498046875
7,0.21875,0.0,4.575368404388428,0.0627388209104538,2030.5570068359375,2030.5570068359375
8,0.25,0.0,4.536279678344727,0.0660548210144043,2030.7813720703125,2030.7813720703125
9,0.28125,0.0,4.491508960723877,0.0697576105594635,2028.8682861328125,2028.8682861328125
10,0.3125,0.0,4.439880847930908,0.07389620691537857,2034.097900390625,2034.097900390625
11,0.34375,0.0,4.379655361175537,0.07852978259325027,2031.38720703125,2031.38720703125
12,0.375,0.0,4.309240341186523,0.08369139581918716,2026.850830078125,2026.850830078125
13,0.40625,0.0,4.22625732421875,0.0894625261425972,2023.732666015625,2023.732666015625
14,0.4375,0.0,4.128110408782959,0.09597134590148926,2022.9251708984375,2022.9251708984375
15,0.46875,0.0,4.011078357696533,0.10333170741796494,2014.15576171875,2014.15576171875
16,0.5,0.0,3.871387243270874,0.11162185668945312,2022.662841796875,2022.662841796875
17,0.53125,0.00390625,3.702653646469116,0.12109864503145218,2019.6146240234375,2019.6146240234375
18,0.5625,0.015625,3.499404191970825,0.1318037211894989,2028.251708984375,2028.251708984375
19,0.59375,0.03515625,3.2530782222747803,0.14354170858860016,2019.1405029296875,2019.140625
20,0.625,0.0625,2.9571402072906494,0.15571056306362152,2015.2259521484375,2015.226318359375
21,0.65625,0.09765625,2.602351665496826,0.16789494454860687,2032.7259521484375,2032.7265625
22,0.6875,0.140625,2.180677890777588,0.17827607691287994,2023.984130859375,2023.9852294921875
23,0.71875,0.19140625,1.7025411128997803,0.18367239832878113,2030.6826171875,2030.68408203125
24,0.75,0.25,1.1947978734970093,0.17799112200737,2029.99755859375,2029.9996337890625
25,0.78125,0.31640625,0.7133626341819763,0.1588335931301117,2022.4970703125,2022.499267578125
26,0.8125,0.390625,0.34821462631225586,0.12496573477983475,2041.9512939453125,2041.9530029296875
27,0.84375,0.47265625,0.18449555337429047,0.06947286427021027,2036.1553955078125,2036.1558837890625
28,0.875,0.5625,0.16627345979213715,0.02048877440392971,2055.4638671875,2055.4638671875
29,0.90625,0.66015625,0.16743506491184235,0.0038823308423161507,2075.75830078125,2075.75830078125
30,0.9375,0.765625,0.16847427189350128,0.002338297897949815,2094.857421875,2094.857421875
31,0.96875,0.87890625,0.16897983849048615,0.0021254129242151976,2176.9970703125,2176.9970703125
0,0.0,0.0,4.744621276855469,0.047626860439777374,2049.610595703125,2049.610595703125
1,0.03125,0.0,4.7268385887146,0.0494997538626194,2033.6534423828125,2033.6534423828125
2,0.0625,0.0,4.707106590270996,0.05151020362973213,2032.0074462890625,2032.0074462890625
3,0.09375,0.0,4.685078144073486,0.05368734523653984,2029.0103759765625,2029.0103759765625
4,0.125,0.0,4.66054105758667,0.056049976497888565,2029.396240234375,2029.396240234375
5,0.15625,0.0,4.633002281188965,0.058624424040317535,2031.19580078125,2031.19580078125
6,0.1875,0.0,4.601970195770264,0.061441339552402496,2027.217529296875,2027.217529296875
7,0.21875,0.0,4.566928386688232,0.06452842801809311,2028.3089599609375,2028.3089599609375
8,0.25,0.0,4.527165412902832,0.06793142110109329,2028.7257080078125,2028.7257080078125
9,0.28125,0.0,4.481876850128174,0.07169994711875916,2026.9925537109375,2026.9925537109375
10,0.3125,0.0,4.429996490478516,0.07589491456747055,2032.1363525390625,2032.1363525390625
11,0.34375,0.0,4.369862079620361,0.08060606569051743,2029.2623291015625,2029.2623291015625
12,0.375,0.0,4.300004482269287,0.08589651435613632,2024.697265625,2024.697265625
13,0.40625,0.0,4.218192100524902,0.09183891862630844,2021.6474609375,2021.6474609375
14,0.4375,0.0,4.121945381164551,0.09851274639368057,2020.929443359375,2020.929443359375
15,0.46875,0.0,4.007532119750977,0.10596808046102524,2012.319580078125,2012.319580078125
16,0.5,0.0,3.8709771633148193,0.11419709026813507,2020.842041015625,2020.842041015625
17,0.53125,0.00390625,3.7052714824676514,0.12339641153812408,2017.733154296875,2017.7332763671875
18,0.5625,0.015625,3.5039310455322266,0.1336822807788849,2026.3016357421875,2026.3018798828125
19,0.59375,0.03515625,3.25752329826355,0.14516349136829376,2016.792724609375,2016.792724609375
20,0.625,0.0625,2.959383726119995,0.1572948694229126,2012.7603759765625,2012.7607421875
21,0.65625,0.09765625,2.6023786067962646,0.16901512444019318,2029.9014892578125,2029.9022216796875
22,0.6875,0.140625,2.181493043899536,0.17913159728050232,2020.7279052734375,2020.72900390625
23,0.71875,0.19140625,1.7083213329315186,0.1838359236717224,2027.3897705078125,2027.391357421875
24,0.75,0.25,1.210292935371399,0.18080194294452667,2026.6966552734375,2026.6986083984375
25,0.78125,0.31640625,0.7436452507972717,0.1663953810930252,2019.103271484375,2019.10546875
26,0.8125,0.390625,0.38424253463745117,0.13542747497558594,2038.7010498046875,2038.7027587890625
27,0.84375,0.47265625,0.21555913984775543,0.07258805632591248,2033.3056640625,2033.30615234375
28,0.875,0.5625,0.19709253311157227,0.017210518941283226,2053.064453125,2053.064453125
29,0.90625,0.66015625,0.1980607807636261,0.003852535504847765,2074.184814453125,2074.184814453125
30,0.9375,0.765625,0.19826015830039978,0.0024950667284429073,2094.363037109375,2094.363037109375
31,0.96875,0.87890625,0.19812381267547607,0.0020427554845809937,2178.072265625,2178.072265625
0,0.0,0.0,4.749022483825684,0.04783608391880989,2050.156494140625,2050.156494140625
1,0.03125,0.0,4.732882499694824,0.049763273447752,2033.9114990234375,2033.9114990234375
2,0.0625,0.0,4.714932918548584,0.051828619092702866,2032.8082275390625,2032.8082275390625
3,0.09375,0.0,4.694827556610107,0.05405902490019798,2030.558349609375,2030.558349609375
4,0.125,0.0,4.672363758087158,0.056470002979040146,2031.4300537109375,2031.4300537109375
5,0.15625,0.0,4.647072792053223,0.059084050357341766,2033.3758544921875,2033.3758544921875
6,0.1875,0.0,4.618479251861572,0.061926599591970444,2029.4498291015625,2029.4498291015625
7,0.21875,0.0,4.586076259613037,0.06501959264278412,2030.6162109375,2030.6162109375
8,0.25,0.0,4.549170970916748,0.06840280443429947,2030.9456787109375,2030.9456787109375
9,0.28125,0.0,4.506946563720703,0.07212025672197342,2029.201904296875,2029.201904296875
10,0.3125,0.0,4.458232402801514,0.07622957974672318,2034.5162353515625,2034.5162353515625
11,0.34375,0.0,4.401283264160156,0.08082552999258041,2031.8428955078125,2031.8428955078125
12,0.375,0.0,4.334446430206299,0.0859876275062561,2027.4376220703125,2027.4376220703125
13,0.40625,0.0,4.255244731903076,0.09181699901819229,2024.6317138671875,2024.6317138671875
14,0.4375,0.0,4.160815715789795,0.09842406958341599,2024.0330810546875,2024.0330810546875
15,0.46875,0.0,4.046930313110352,0.10590319335460663,2015.5552978515625,2015.5552978515625
16,0.5,0.0,3.9089314937591553,0.11428369581699371,2024.20458984375,2024.20458984375
17,0.53125,0.00390625,3.7390122413635254,0.12367312610149384,2021.276123046875,2021.2762451171875
18,0.5625,0.015625,3.529758930206299,0.1339709609746933,2030.0712890625,2030.0712890625
19,0.59375,0.03515625,3.2704904079437256,0.14507059752941132,2020.7900390625,2020.7901611328125
20,0.625,0.0625,2.95408296585083,0.15634708106517792,2016.73974609375,2016.7401123046875
21,0.65625,0.09765625,2.5745272636413574,0.16759894788265228,2034.0604248046875,2034.06103515625
22,0.6875,0.140625,2.1301777362823486,0.1791945993900299,2025.1510009765625,2025.152099609375
23,0.71875,0.19140625,1.6399120092391968,0.18782250583171844,2031.743896484375,2031.74560546875
24,0.75,0.25,1.1355534791946411,0.18767574429512024,2030.90185546875,2030.90380859375
25,0.78125,0.31640625,0.6806766390800476,0.16948232054710388,2023.0677490234375,2023.0697021484375
26,0.8125,0.390625,0.3682783544063568,0.13275843858718872,2042.3114013671875,2042.312744140625
27,0.84375,0.47265625,0.23390792310237885,0.08178500831127167,2036.2205810546875,2036.22119140625
28,0.875,0.5625,0.20729847252368927,0.021237576380372047,2055.151611328125,2055.15185546875
29,0.90625,0.66015625,0.2061590552330017,0.005602939985692501,2073.7607421875,2073.7607421875
30,0.9375,0.765625,0.20599453151226044,0.0037232048343867064,2090.1083984375,2090.108642578125
31,0.96875,0.87890625,0.20562444627285004,0.0031348466873168945,2167.68310546875,2167.68310546875
0,0.0,0.0,4.76561164855957,0.047532156109809875,2051.74462890625,2051.74462890625
1,0.03125,0.0,4.74832010269165,0.0494559183716774,2035.45849609375,2035.45849609375
2,0.0625,0.0,4.729137420654297,0.051527682691812515,2033.887939453125,2033.887939453125
3,0.09375,0.0,4.707719802856445,0.053776904940605164,2031.001953125,2031.001953125
4,0.125,0.0,4.683838367462158,0.05622207000851631,2031.191162109375,2031.191162109375
5,0.15625,0.0,4.657006740570068,0.058889277279376984,2032.78857421875,2032.78857421875
6,0.1875,0.0,4.626724720001221,0.0618063323199749,2028.6976318359375,2028.6976318359375
7,0.21875,0.0,4.5924458503723145,0.06499472260475159,2029.8062744140625,2029.8062744140625
8,0.25,0.0,4.5534234046936035,0.06848900765180588,2030.033203125,2030.033203125
9,0.28125,0.0,4.508776664733887,0.07232167571783066,2028.1402587890625,2028.1402587890625
10,0.3125,0.0,4.457324028015137,0.07653237134218216,2033.165283203125,2033.165283203125
11,0.34375,0.0,4.39727783203125,0.0811954140663147,2030.265869140625,2030.265869140625
12,0.375,0.0,4.326981067657471,0.0863720253109932,2025.609375,2025.609375
13,0.40625,0.0,4.243946552276611,0.09215497970581055,2022.37060546875,2022.37060546875
14,0.4375,0.0,4.145427227020264,0.09866728633642197,2021.4495849609375,2021.4495849609375
15,0.46875,0.0,4.027480602264404,0.10605746507644653,2012.5880126953125,2012.5880126953125
16,0.5,0.0,3.8860507011413574,0.11446967720985413,2020.9967041015625,2020.9967041015625
17,0.53125,0.00390625,3.7142863273620605,0.12419624626636505,2017.8623046875,2017.8623046875
18,0.5625,0.015625,3.506197214126587,0.13533282279968262,2026.4879150390625,2026.488037109375
19,0.59375,0.03515625,3.2526814937591553,0.1478378027677536,2017.16748046875,2017.1676025390625
20,0.625,0.0625,2.9472601413726807,0.16098734736442566,2013.230712890625,2013.2310791015625
21,0.65625,0.09765625,2.5822973251342773,0.1738090217113495,2030.63818359375,2030.638671875
22,0.6875,0.140625,2.152088165283203,0.18477630615234375,2021.7393798828125,2021.7403564453125
23,0.71875,0.19140625,1.6706777811050415,0.19029706716537476,2028.6373291015625,2028.638671875
24,0.75,0.25,1.173516035079956,0.18788307905197144,2028.243408203125,2028.245361328125
25,0.78125,0.31640625,0.7251368761062622,0.17217549681663513,2020.942626953125,2020.944580078125
26,0.8125,0.390625,0.39862796664237976,0.14549103379249573,2040.8212890625,2040.8228759765625
27,0.84375,0.47265625,0.24932965636253357,0.08616163581609726,2035.6146240234375,2035.6151123046875
28,0.875,0.5625,0.22488518059253693,0.020474618300795555,2055.72998046875,2055.72998046875
29,0.90625,0.66015625,0.22254112362861633,0.004954210948199034,2077.82275390625,2077.82275390625
30,0.9375,0.765625,0.22147002816200256,0.003545136423781514,2099.10400390625,2099.10400390625
31,0.96875,0.87890625,0.22038286924362183,0.0029349480755627155,2183.740234375,2183.740234375
0,0.0,0.0,4.7951531410217285,0.04785452410578728,2052.713134765625,2052.713134765625
1,0.03125,0.0,4.779145240783691,0.04982666298747063,2036.9764404296875,2036.9764404296875
2,0.0625,0.0,4.761340618133545,0.051960475742816925,2036.2767333984375,2036.2767333984375
3,0.09375,0.0,4.74138879776001,0.05428706854581833,2033.8060302734375,2033.8060302734375
4,0.125,0.0,4.719074726104736,0.05682606250047684,2034.2227783203125,2034.2227783203125
5,0.15625,0.0,4.6939287185668945,0.059601012617349625,2035.997314453125,2035.997314453125
6,0.1875,0.0,4.665482044219971,0.0626363605260849,2031.999267578125,2031.999267578125
7,0.21875,0.0,4.633199691772461,0.06594691425561905,2032.9530029296875,2032.9530029296875
8,0.25,0.0,4.5963826179504395,0.06956129521131516,2033.247314453125,2033.247314453125
9,0.28125,0.0,4.554172515869141,0.07351139187812805,2031.598388671875,2031.598388671875
10,0.3125,0.0,4.505394458770752,0.07784378528594971,2037.0179443359375,2037.0179443359375
11,0.34375,0.0,4.448338508605957,0.08265198022127151,2034.4437255859375,2034.4437255859375
12,0.375,0.0,4.381394386291504,0.08801935613155365,2030.094482421875,2030.094482421875
13,0.40625,0.0,4.302163600921631,0.09405849128961563,2027.2725830078125,2027.2725830078125
14,0.4375,0.0,4.208049774169922,0.10089605301618576,2026.716796875,2026.716796875
15,0.46875,0.0,4.095232009887695,0.10865813493728638,2018.2822265625,2018.2822265625
16,0.5,0.0,3.9597649574279785,0.11743653565645218,2027.0592041015625,2027.0592041015625
17,0.53125,0.00390625,3.7947635650634766,0.12744617462158203,2024.1800537109375,2024.1800537109375
18,0.5625,0.015625,3.59375,0.13864374160766602,2033.0013427734375,2033.0013427734375
19,0.59375,0.03515625,3.3468358516693115,0.15087196230888367,2023.69970703125,2023.6998291015625
20,0.625,0.0625,3.0460941791534424,0.1636059731245041,2019.5975341796875,2019.597900390625
21,0.65625,0.09765625,2.681901216506958,0.17648319900035858,2036.8941650390625,2036.8946533203125
22,0.6875,0.140625,2.245795249938965,0.18770350515842438,2027.9630126953125,2027.9639892578125
23,0.71875,0.19140625,1.749701738357544,0.19283343851566315,2034.36376953125,2034.365234375
24,0.75,0.25,1.2244099378585815,0.18821531534194946,2033.382568359375,2033.3846435546875
25,0.78125,0.31640625,0.7316966652870178,0.16974672675132751,2025.263916015625,2025.26611328125
26,0.8125,0.390625,0.3678416311740875,0.13249242305755615,2044.402099609375,2044.40380859375
27,0.84375,0.47265625,0.19168539345264435,0.07190534472465515,2038.3984375,2038.3990478515625
28,0.875,0.5625,0.16800780594348907,0.01970336027443409,2057.749755859375,2057.749755859375
29,0.90625,0.66015625,0.16941818594932556,0.003724259790033102,2076.4677734375,2076.4677734375
30,0.9375,0.765625,0.16986632347106934,0.0021258266642689705,2091.4833984375,2091.4833984375
31,0.96875,0.87890625,0.16986048221588135,0.0014893735060468316,2163.589111328125,2163.589111328125
0,0.0,0.0,4.825028896331787,0.04843495041131973,2050.42236328125,2050.42236328125
1,0.03125,0.0,4.8091349601745605,0.050294406712055206,2034.807861328125,2034.807861328125
2,0.0625,0.0,4.791383266448975,0.05228239670395851,2033.857421875,2033.857421875
3,0.09375,0.0,4.771402359008789,0.05442742258310318,2031.2138671875,2031.2138671875
4,0.125,0.0,4.74896764755249,0.056749071925878525,2031.93701171875,2031.93701171875
5,0.15625,0.0,4.723589897155762,0.059275563806295395,2033.8582763671875,2033.8582763671875
6,0.1875,0.0,4.694772720336914,0.062041401863098145,2029.973876953125,2029.973876953125
7,0.21875,0.0,4.661949634552002,0.06508073210716248,2031.0968017578125,2031.0968017578125
8,0.25,0.0,4.624388217926025,0.06844797730445862,2031.572021484375,2031.572021484375
9,0.28125,0.0,4.581212043762207,0.07220509648323059,2029.99609375,2029.99609375
10,0.3125,0.0,4.531248569488525,0.07642566412687302,2035.36328125,2035.36328125
11,0.34375,0.0,4.472769260406494,0.08121228963136673,2032.725341796875,2032.725341796875
12,0.375,0.0,4.404199123382568,0.08663801103830338,2028.4014892578125,2028.4014892578125
13,0.40625,0.0,4.323176383972168,0.09278944879770279,2025.7998046875,2025.7998046875
14,0.4375,0.0,4.227139949798584,0.09976540505886078,2025.3511962890625,2025.3511962890625
15,0.46875,0.0,4.112285614013672,0.10764637589454651,2016.997314453125,2016.997314453125
16,0.5,0.0,3.9746885299682617,0.11642199009656906,2025.7825927734375,2025.7825927734375
17,0.53125,0.00390625,3.807615280151367,0.1261630356311798,2022.87841796875,2022.87841796875
18,0.5625,0.015625,3.6049273014068604,0.1368180811405182,2031.7886962890625,2031.788818359375
19,0.59375,0.03515625,3.356860637664795,0.1486143171787262,2022.65283203125,2022.6529541015625
20,0.625,0.0625,3.055675983428955,0.1616164892911911,2018.6932373046875,2018.693603515625
21,0.65625,0.09765625,2.6926157474517822,0.17532986402511597,2036.0343017578125,2036.034912109375
22,0.6875,0.140625,2.2602627277374268,0.18777179718017578,2027.136474609375,2027.1375732421875
23,0.71875,0.19140625,1.7674496173858643,0.1955854743719101,2033.587890625,2033.5894775390625
24,0.75,0.25,1.2377175092697144,0.1931987702846527,2032.602783203125,2032.6048583984375
25,0.78125,0.31640625,0.7386530041694641,0.17306719720363617,2024.578369140625,2024.5806884765625
26,0.8125,0.390625,0.3745574653148651,0.13263992965221405,2043.703125,2043.7047119140625
27,0.84375,0.47265625,0.22177386283874512,0.07486918568611145,2037.3497314453125,2037.35009765625
28,0.875,0.5625,0.20045821368694305,0.0198040883988142,2056.21630859375,2056.21630859375
29,0.90625,0.66015625,0.19981200993061066,0.003480701707303524,2074.196044921875,2074.196044921875
30,0.9375,0.765625,0.19974569976329803,0.001834011753089726,2088.659912109375,2088.659912109375
31,0.96875,0.87890625,0.1996138095855713,0.0013422527117654681,2159.9345703125,2159.9345703125
