state,step,level,left,right,cosine,left_norm,right_norm,norm_ratio_left_over_right
base_step_08,8,reflectivity,correct,zero,0.9040590677006058,33.14586961124129,30.042877610367018,1.1032854455927188
base_step_08,8,reflectivity,correct,shuffled_xy,0.8210300541081531,33.14586961124129,33.19885329873041,0.9984040506757156
base_step_08,8,reflectivity,zero,shuffled_xy,0.9043784305563386,30.042877610367018,33.19885329873041,0.9049372079220555
base_step_08,8,twt,correct,zero,-0.992739734800312,193859.5678242137,412894.21790596924,0.4695138837433719
base_step_08,8,twt,correct,shuffled_xy,0.9876953726014092,193859.5678242137,193839.96328348646,1.000101137765377
base_step_08,8,twt,zero,shuffled_xy,-0.992887621462656,412894.21790596924,193839.96328348646,2.1300778792561004
base_step_08,8,spikes,correct,zero,0.9038673493527987,30.031944923774606,27.206567559703146,1.1038490929762215
base_step_08,8,spikes,correct,shuffled_xy,0.8208621307906896,30.031944923774606,30.10825241914989,0.9974655621218737
base_step_08,8,spikes,zero,shuffled_xy,0.9043777445502866,27.206567559703146,30.10825241914989,0.9036249324918915
base_step_08,8,seismic,correct,zero,0.9133298824203027,39.499160332337766,36.15610884398323,1.0924615948795844
base_step_08,8,seismic,correct,shuffled_xy,0.8377374086599404,39.499160332337766,39.61034901056733,0.9971929386888284
base_step_08,8,seismic,zero,shuffled_xy,0.9138370324786159,36.15610884398323,39.61034901056733,0.9127945031319322
base_step_12,12,reflectivity,correct,zero,0.9201785348693865,36.18551110129243,33.40526394467058,1.083227815868385
base_step_12,12,reflectivity,correct,shuffled_xy,0.849908393196749,36.18551110129243,36.260878298094205,0.9979215286463224
base_step_12,12,reflectivity,zero,shuffled_xy,0.9205197726706518,33.40526394467058,36.260878298094205,0.9212480643753819
base_step_12,12,twt,correct,zero,-0.9923711009050433,190735.52364312756,416058.2609071424,0.45843465102041725
base_step_12,12,twt,correct,shuffled_xy,0.9872893063969423,190735.52364312756,190720.892440205,1.0000767152603753
base_step_12,12,twt,zero,shuffled_xy,-0.9924823984971629,416058.2609071424,190720.892440205,2.181503324485467
base_step_12,12,spikes,correct,zero,0.9172479435895444,32.2558580241444,29.64905115427794,1.087922100990754
base_step_12,12,spikes,correct,shuffled_xy,0.8446030679359123,32.2558580241444,32.31531834311145,0.9981599958776293
base_step_12,12,spikes,zero,shuffled_xy,0.9175638294541647,29.64905115427794,32.31531834311145,0.917492157727672
base_step_12,12,seismic,correct,zero,0.9275251478805074,43.03527604610972,39.99043985120799,1.0761391024012394
base_step_12,12,seismic,correct,shuffled_xy,0.8631438616660628,43.03527604610972,43.105474110240536,0.9983714814514907
base_step_12,12,seismic,zero,shuffled_xy,0.9277685976449528,39.99043985120799,43.105474110240536,0.9277346016177441
base_step_16,16,reflectivity,correct,zero,0.943154264664328,42.622974422753764,40.371148293455796,1.055778104524785
base_step_16,16,reflectivity,correct,shuffled_xy,0.8919084735681159,42.622974422753764,42.74486184739498,0.9971484894470739
base_step_16,16,reflectivity,zero,shuffled_xy,0.9434797176141284,40.371148293455796,42.74486184739498,0.9444678623032245
base_step_16,16,twt,correct,zero,-0.9912180189983157,182811.26693814367,424106.88497250946,0.43104998625521834
base_step_16,16,twt,correct,shuffled_xy,0.9861643371022347,182811.26693814367,182808.45262357307,1.0000153948820758
base_step_16,16,twt,zero,shuffled_xy,-0.9912399145954576,424106.88497250946,182808.45262357307,2.319952271823021
base_step_16,16,spikes,correct,zero,0.9380609628511629,37.082860815964644,34.83446134176556,1.064545263155923
base_step_16,16,spikes,correct,shuffled_xy,0.8823733151728658,37.082860815964644,37.13483577065509,0.9986003720331109
base_step_16,16,spikes,zero,shuffled_xy,0.9382390381410698,34.83446134176556,37.13483577065509,0.9380534643239935
base_step_16,16,seismic,correct,zero,0.9476025534073989,50.351935208842136,47.75596950049825,1.0543589782700735
base_step_16,16,seismic,correct,shuffled_xy,0.8999546229044302,50.351935208842136,50.39767864039865,0.9990923504258419
base_step_16,16,seismic,zero,shuffled_xy,0.9476998853379501,47.75596950049825,50.39767864039865,0.9475827218402315
base_step_20,20,reflectivity,correct,zero,0.9683466111376707,56.743937351292395,55.248197914239235,1.0270730900467553
base_step_20,20,reflectivity,correct,shuffled_xy,0.939088465946521,56.743937351292395,56.97173897989022,0.996001497713134
base_step_20,20,reflectivity,zero,shuffled_xy,0.9685896726031412,55.248197914239235,56.97173897989022,0.9697474380015089
base_step_20,20,twt,correct,zero,-0.9853400566238099,158408.02321002592,449106.38772959757,0.3527182590540257
base_step_20,20,twt,correct,shuffled_xy,0.9815779873688801,158408.02321002592,158447.08007147233,0.9997535021697541
base_step_20,20,twt,zero,shuffled_xy,-0.9850102174338223,449106.38772959757,158447.08007147233,2.8344251438840944
base_step_20,20,spikes,correct,zero,0.9633442514095063,47.89298293779934,46.16637583789994,1.0373996673674772
base_step_20,20,spikes,correct,shuffled_xy,0.9294265192377897,47.89298293779934,47.92361098141358,0.9993608986679631
base_step_20,20,spikes,zero,shuffled_xy,0.9633917922062722,46.16637583789994,47.92361098141358,0.9633325805896564
base_step_20,20,seismic,correct,zero,0.9693740491445106,65.49524842349415,63.5602355809058,1.030443764484247
base_step_20,20,seismic,correct,shuffled_xy,0.9408891059550458,65.49524842349415,65.57565892103607,0.9987737752259761
base_step_20,20,seismic,zero,shuffled_xy,0.9694497099674747,63.5602355809058,65.57565892103607,0.9692656791667595
base_step_24,24,reflectivity,correct,zero,0.978095366679415,67.99027582303445,67.1380810822422,1.0126931649974973
base_step_24,24,reflectivity,correct,shuffled_xy,0.9577690569510487,67.99027582303445,68.53744102765761,0.9920165504223837
base_step_24,24,reflectivity,zero,shuffled_xy,0.9784041082719681,67.1380810822422,68.53744102765761,0.9795825475180681
base_step_24,24,twt,correct,zero,-0.9139720962112625,89192.79612278355,523193.42291393725,0.17047767081249285
base_step_24,24,twt,correct,shuffled_xy,0.9420322609618984,89192.79612278355,89424.76253067164,0.9974060159476685
base_step_24,24,twt,zero,shuffled_xy,-0.9111584757673047,523193.42291393725,89424.76253067164,5.850654875762047
base_step_24,24,spikes,correct,zero,0.9738111040362964,56.51059874870721,55.0577570219401,1.0263875937806215
base_step_24,24,spikes,correct,shuffled_xy,0.9492993593111009,56.51059874870721,56.53534423928626,0.9995623005234687
base_step_24,24,spikes,zero,shuffled_xy,0.9738342151351689,55.0577570219401,56.53534423928626,0.9738643633070976
base_step_24,24,seismic,correct,zero,0.9774648788648945,76.19701001965362,74.5073786378503,1.0226773698483733
base_step_24,24,seismic,correct,shuffled_xy,0.9562838866472614,76.19701001965362,76.21592688674505,0.9997517990285738
base_step_24,24,seismic,zero,shuffled_xy,0.9774761321045222,74.5073786378503,76.21592688674505,0.977582792485964
base_step_28,28,reflectivity,correct,zero,0.9446902384382011,42.92140024379954,42.14470866514243,1.0184291599884638
base_step_28,28,reflectivity,correct,shuffled_xy,0.8971179248909662,42.92140024379954,44.36328436911154,0.9674982556901055
base_step_28,28,reflectivity,zero,shuffled_xy,0.9476428680985725,42.14470866514243,44.36328436911154,0.9499907246381917
base_step_28,28,twt,correct,zero,-0.4793857216860035,48809.381133794435,580880.4032528987,0.08402655841110244
base_step_28,28,twt,correct,shuffled_xy,0.808135168608005,48809.381133794435,49358.17203074106,0.988881458239482
base_step_28,28,twt,zero,shuffled_xy,-0.4731161465606081,580880.4032528987,49358.17203074106,11.768677391276102
base_step_28,28,spikes,correct,zero,0.9311424327807348,35.092634272478776,33.82513612869591,1.03747207813031
base_step_28,28,spikes,correct,shuffled_xy,0.8726240174796904,35.092634272478776,36.11970925462456,0.9715646940869469
base_step_28,28,spikes,zero,shuffled_xy,0.9345976570661956,33.82513612869591,36.11970925462456,0.9364731008836992
base_step_28,28,seismic,correct,zero,0.9376879064044832,46.13982256910695,44.562864785074844,1.0353872622785298
base_step_28,28,seismic,correct,shuffled_xy,0.8840734514051344,46.13982256910695,47.33150736929793,0.9748225892978007
base_step_28,28,seismic,zero,shuffled_xy,0.9404843659345642,44.562864785074844,47.33150736929793,0.941505294504544
base_step_32,32,reflectivity,correct,zero,0.9442622232417108,42.74382741989935,42.00769134514651,1.0175238403059226
base_step_32,32,reflectivity,correct,shuffled_xy,0.8964300617268846,42.74382741989935,44.23529387844418,0.9662833378558919
base_step_32,32,reflectivity,zero,shuffled_xy,0.9473309087156501,42.00769134514651,44.23529387844418,0.9496419637355867
base_step_32,32,twt,correct,zero,-0.44601580179413863,47924.8725298169,582899.5135677411,0.08221806917711101
base_step_32,32,twt,correct,shuffled_xy,0.8013939617002955,47924.8725298169,48557.655015219985,0.9869684298962801
base_step_32,32,twt,zero,shuffled_xy,-0.4391250116850144,582899.5135677411,48557.655015219985,12.004276429432934
base_step_32,32,spikes,correct,zero,0.9415838650719458,37.926338330634785,37.10091414193163,1.0222480822317597
base_step_32,32,spikes,correct,shuffled_xy,0.8914266049319167,37.926338330634785,39.153901803938666,0.9686477358131292
base_step_32,32,spikes,zero,shuffled_xy,0.9446315494100821,37.10091414193163,39.153901803938666,0.9475662049650307
base_step_32,32,seismic,correct,zero,0.9438077635743606,48.420960438757575,47.32401420189535,1.0231794841448232
base_step_32,32,seismic,correct,shuffled_xy,0.8953719721600857,48.420960438757575,49.89719141966955,0.970414547614597
base_step_32,32,seismic,zero,shuffled_xy,0.946617457976971,47.32401420189535,49.89719141966955,0.9484304197378163
common_base_endpoint,32,reflectivity,correct,zero,0.9442622232417108,42.74382741989935,42.00769134514651,1.0175238403059226
common_base_endpoint,32,reflectivity,correct,shuffled_xy,0.8964300617268846,42.74382741989935,44.23529387844418,0.9662833378558919
common_base_endpoint,32,reflectivity,zero,shuffled_xy,0.9473309087156501,42.00769134514651,44.23529387844418,0.9496419637355867
common_base_endpoint,32,twt,correct,zero,-0.44601580179413863,47924.8725298169,582899.5135677411,0.08221806917711101
common_base_endpoint,32,twt,correct,shuffled_xy,0.8013939617002955,47924.8725298169,48557.655015219985,0.9869684298962801
common_base_endpoint,32,twt,zero,shuffled_xy,-0.4391250116850144,582899.5135677411,48557.655015219985,12.004276429432934
common_base_endpoint,32,spikes,correct,zero,0.9415838650719458,37.926338330634785,37.10091414193163,1.0222480822317597
common_base_endpoint,32,spikes,correct,shuffled_xy,0.8914266049319167,37.926338330634785,39.153901803938666,0.9686477358131292
common_base_endpoint,32,spikes,zero,shuffled_xy,0.9446315494100821,37.10091414193163,39.153901803938666,0.9475662049650307
common_base_endpoint,32,seismic,correct,zero,0.9438077635743606,48.420960438757575,47.32401420189535,1.0231794841448232
common_base_endpoint,32,seismic,correct,shuffled_xy,0.8953719721600857,48.420960438757575,49.89719141966955,0.970414547614597
common_base_endpoint,32,seismic,zero,shuffled_xy,0.946617457976971,47.32401420189535,49.89719141966955,0.9484304197378163
