step,temperature,objective,gradient_norm_before_clip,soft_rmse,hard_rmse,soft_attainment,hard_attainment,soft_hard_attainment_gap,soft_target_mass_in_search,categorical_entropy,hard_air_voxels_in_search,hard_background_voxels_in_search,hard_target_voxels_in_search,hard_changed_voxels_in_search,hard_non_target_changed_voxels_in_search,hard_distinct_categories_in_search,max_state_voxel_norm,predicted_hidden_voxels,truth_hidden_voxels,hidden_true_positive_voxels,hidden_precision,hidden_recall,hidden_iou,hidden_false_positive_voxels,hidden_body_0_recall,hidden_body_1_recall,hard_category_0_voxels_in_search,hard_category_1_voxels_in_search,hard_category_2_voxels_in_search,hard_category_3_voxels_in_search,hard_category_4_voxels_in_search,hard_category_5_voxels_in_search,hard_category_6_voxels_in_search,hard_category_7_voxels_in_search,hard_category_8_voxels_in_search,hard_category_9_voxels_in_search,hard_category_10_voxels_in_search,hard_category_11_voxels_in_search,hard_category_12_voxels_in_search,hard_category_13_voxels_in_search,hard_category_14_voxels_in_search
0,0.5,,,3.7770910263061523,0.4061219096183777,-8.300387240509599,0.0,-8.300387240509599,17001.6875,0.04480397328734398,0,161920,0,0,0,1,1.000000238418579,0,1280,0,0.0,0.0,0.0,0,0.0,0.0,0,161920,0,0,0,0,0,0,0,0,0,0,0,0,0
1,0.5,0.9999999403953552,0.09331931173801422,4.087067604064941,0.4061219096183777,-9.06364716423562,0.0,-9.06364716423562,18272.814453125,0.047004129737615585,0,161920,0,0,0,1,1.0192826986312866,0,1280,0,0.0,0.0,0.0,0,0.0,0.0,0,161920,0,0,0,0,0,0,0,0,0,0,0,0,0
5,0.5,0.9999995231628418,0.13646681606769562,5.972875118255615,0.4061219096183777,-13.707098969046443,0.0,-13.707098969046443,26003.650390625,0.05876702815294266,0,161920,0,0,0,1,1.0879137516021729,0,1280,0,0.0,0.0,0.0,0,0.0,0.0,0,161920,0,0,0,0,0,0,0,0,0,0,0,0,0
10,0.5,0.9999997019767761,0.19231760501861572,9.55651569366455,0.4061219096183777,-22.531150295842355,0.0,-22.531150295842355,40691.05078125,0.07518119364976883,0,161920,0,0,0,1,1.2754396200180054,0,1280,0,0.0,0.0,0.0,0,0.0,0.0,0,161920,0,0,0,0,0,0,0,0,0,0,0,0,0
15,0.5,0.9999997019767761,0.21083568036556244,13.416577339172363,0.4061219096183777,-32.03583732229462,0.0,-32.03583732229462,56510.30078125,0.08625635504722595,0,161920,0,0,0,1,1.5408329963684082,0,1280,0,0.0,0.0,0.0,0,0.0,0.0,0,161920,0,0,0,0,0,0,0,0,0,0,0,0,0
20,0.5,0.9999995231628418,0.19882909953594208,16.61433982849121,0.4061219096183777,-39.90973531593821,0.0,-39.90973531593821,69615.2890625,0.09111911058425903,0,161920,0,0,0,1,1.8228386640548706,0,1280,0,0.0,0.0,0.0,0,0.0,0.0,0,161920,0,0,0,0,0,0,0,0,0,0,0,0,0
25,0.5,0.9999995827674866,0.17995904386043549,19.056995391845703,0.4061219096183777,-45.9243223291082,0.0,-45.9243223291082,79625.7109375,0.09241437166929245,0,161920,0,0,0,1,2.0641629695892334,0,1280,0,0.0,0.0,0.0,0,0.0,0.0,0,161920,0,0,0,0,0,0,0,0,0,0,0,0,0
30,0.5,236.42501831054688,2.3413095474243164,19.097454071044922,0.2584337890148163,-46.02394433481884,0.36365464927105295,-46.3875989840899,79757.03125,0.09241707623004913,0,161665,255,255,0,2,2.2430708408355713,255,1280,0,0.0,0.0,0.0,255,0.0,0.0,0,161665,0,0,0,0,0,0,0,0,255,0,0,0,0
35,0.5,0.9999997019767761,0.15529069304466248,18.50518798828125,0.4061219096183777,-44.56559877715068,0.0,-44.56559877715068,77313.6953125,0.09229545295238495,0,161920,0,0,0,1,2.3684704303741455,0,1280,0,0.0,0.0,0.0,0,0.0,0.0,0,161920,0,0,0,0,0,0,0,0,0,0,0,0,0
40,0.5,0.9999997615814209,0.14900805056095123,18.465923309326172,0.4061219096183777,-44.468916775945736,0.0,-44.468916775945736,77137.2421875,0.09228020161390305,0,161920,0,0,0,1,2.458974838256836,0,1280,0,0.0,0.0,0.0,0,0.0,0.0,0,161920,0,0,0,0,0,0,0,0,0,0,0,0,0
45,0.2,0.36932921409606934,0.0835949257016182,18.31155014038086,1.0619933605194092,-44.08880143301737,-1.614961998768638,-42.47383943424874,76355.828125,0.0921776294708252,0,159490,2430,2430,0,2,2.5717437267303467,2430,1280,0,0.0,0.0,0.0,2430,0.0,0.0,0,159490,0,0,0,0,0,0,0,0,2430,0,0,0,0
50,0.2,0.9829778671264648,0.3487510681152344,18.382823944091797,0.38868382573127747,-44.26429997673768,0.04293805252586924,-44.30723802926355,76675.8125,0.09222038835287094,0,161878,42,42,0,2,2.6534717082977295,42,1280,0,0.0,0.0,0.0,42,0.0,0.0,0,161878,0,0,0,0,0,0,0,0,42,0,0,0,0
55,0.2,0.958416759967804,0.33011937141418457,18.95658302307129,0.349944531917572,-45.67707546456753,0.1383263901068379,-45.81540185467437,79084.2109375,0.0923895314335823,0,161773,147,147,0,2,2.745213747024536,147,1280,0,0.0,0.0,0.0,147,0.0,0.0,0,161773,0,0,0,0,0,0,0,0,147,0,0,0,0
60,0.2,0.9999997019767761,0.34177088737487793,18.77276611328125,0.4061219096183777,-45.22446036196751,0.0,-45.22446036196751,78391.21875,0.09236109256744385,0,161920,0,0,0,1,2.8055949211120605,0,1280,0,0.0,0.0,0.0,0,0.0,0.0,0,161920,0,0,0,0,0,0,0,0,0,0,0,0,0
65,0.2,2.7955806255340576,0.2692314088344574,19.1920108795166,1.6735550165176392,-46.25677296640026,-3.1208193325256346,-43.13595363387463,80138.2578125,0.09242313355207443,0,158825,3095,3095,0,2,2.8535828590393066,3095,1280,0,0.0,0.0,0.0,3095,0.0,0.0,0,158825,0,0,0,0,0,0,0,0,3095,0,0,0,0
70,0.2,0.633633017539978,0.22659504413604736,19.071514129638672,0.37806621193885803,-45.96007203245863,0.06908196040416259,-46.029153992862796,79649.109375,0.09241200238466263,0,161104,816,816,0,2,2.8812265396118164,816,1280,0,0.0,0.0,0.0,816,0.0,0.0,0,161104,0,0,0,0,0,0,0,0,816,0,0,0,0
75,0.2,0.3230995237827301,0.11928229033946991,19.084854125976562,0.32188186049461365,-45.992919303245934,0.2074255220628758,-46.20034482530881,79711.0078125,0.09241343289613724,0,160852,1068,1068,0,2,2.9035937786102295,1068,1280,0,0.0,0.0,0.0,1068,0.0,0.0,0,160852,0,0,0,0,0,0,0,0,1068,0,0,0,0
80,0.2,0.6507197022438049,0.14532916247844696,19.21988296508789,0.6615095138549805,-46.325402815987744,-0.6288446847809417,-45.6965581312068,80277.8359375,0.09242594987154007,0,159047,2873,2873,0,2,2.9218411445617676,2873,1280,0,0.0,0.0,0.0,2873,0.0,0.0,0,159047,0,0,0,0,0,0,0,0,2873,0,0,0,0
85,0.2,0.793579638004303,0.2959904968738556,19.2216854095459,0.4214726686477661,-46.329841001703215,-0.0377984015780215,-46.29204260012519,80273.6015625,0.09242630004882812,0,160892,1028,1028,0,2,2.930333375930786,1028,1280,0,0.0,0.0,0.0,1028,0.0,0.0,0,160892,0,0,0,0,0,0,0,0,1028,0,0,0,0
90,0.2,1.5221480131149292,0.22870463132858276,19.148435592651367,0.3461422920227051,-46.149476891420754,0.14768870177931037,-46.29716559320006,79970.7890625,0.09242065250873566,0,161047,873,873,0,2,2.932135581970215,873,1280,0,0.0,0.0,0.0,873,0.0,0.0,0,161047,0,0,0,0,0,0,0,0,873,0,0,0,0
95,0.2,0.9688019156455994,0.31209030747413635,19.205562591552734,0.4353635013103485,-46.29014154789065,-0.07200200481537289,-46.218139543075274,80218.8046875,0.09242554008960724,0,161082,838,838,0,2,2.94692325592041,838,1280,0,0.0,0.0,0.0,838,0.0,0.0,0,161082,0,0,0,0,0,0,0,0,838,0,0,0,0
100,0.2,0.337143212556839,0.15165677666664124,19.205507278442383,0.9630646109580994,-46.29000534959885,-1.3713682718153928,-44.91863707778346,80183.8046875,0.09242431819438934,0,160177,1743,1743,0,2,2.9599483013153076,1743,1280,0,0.0,0.0,0.0,1743,0.0,0.0,0,160177,0,0,0,0,0,0,0,0,1743,0,0,0,0
105,0.1,0.5714207291603088,0.5092095732688904,18.672006607055664,0.8610365986824036,-44.976358735733484,-1.1201431843248684,-43.85621555140862,78025.25,0.09233342111110687,0,160325,1595,1595,0,2,2.962172508239746,1595,1280,0,0.0,0.0,0.0,1595,0.0,0.0,0,160325,0,0,0,0,0,0,0,0,1595,0,0,0,0
110,0.1,4.777346611022949,1.1618402004241943,18.402761459350586,0.22895514965057373,-44.313392416191455,0.4362403400847864,-44.74963275627624,76770.3046875,0.09221912175416946,0,161450,470,470,0,2,2.971426248550415,470,1280,0,0.0,0.0,0.0,470,0.0,0.0,0,161450,0,0,0,0,0,0,0,0,470,0,0,0,0
115,0.1,0.5550292730331421,0.5029796957969666,18.47555923461914,0.2566635310649872,-44.49264345767543,0.3680135816701756,-44.860657039345604,77053.546875,0.09224987775087357,0,161672,248,248,0,2,3.014650821685791,248,1280,0,0.0,0.0,0.0,248,0.0,0.0,0,161672,0,0,0,0,0,0,0,0,248,0,0,0,0
120,0.1,0.38295406103134155,0.30751150846481323,18.88760757446289,1.1881446838378906,-45.50723619469605,-1.9255862727385469,-43.5816499219575,78819.890625,0.09237127006053925,0,159184,2736,2736,0,2,3.098132371902466,2736,1280,0,0.0,0.0,0.0,2736,0.0,0.0,0,159184,0,0,0,0,0,0,0,0,2736,0,0,0,0
125,0.1,0.9799570441246033,0.36600473523139954,18.73704719543457,0.29667916893959045,-45.13650914091607,0.26948248318251966,-45.40599162409859,78189.3984375,0.09234179556369781,0,161270,650,650,0,2,3.153984546661377,650,1280,0,0.0,0.0,0.0,650,0.0,0.0,0,161270,0,0,0,0,0,0,0,0,650,0,0,0,0
130,0.1,0.6297116875648499,0.49434325098991394,18.98687171936035,0.6369576454162598,-45.75165577055871,-0.5683902550709281,-45.18326551548778,79242.6796875,0.09238985925912857,0,160081,1839,1839,0,2,3.2122485637664795,1839,1280,0,0.0,0.0,0.0,1839,0.0,0.0,0,160081,0,0,0,0,0,0,0,0,1839,0,0,0,0
135,0.1,0.5622497200965881,0.4973604679107666,18.80703353881836,0.7179877161979675,-45.30883755198247,-0.767911799864829,-44.540925752117644,78469.421875,0.09235735982656479,0,160546,1374,1374,0,2,3.241521120071411,1374,1280,0,0.0,0.0,0.0,1374,0.0,0.0,0,160546,0,0,0,0,0,0,0,0,1374,0,0,0,0
140,0.1,0.35920026898384094,0.32984796166419983,18.765165328979492,0.3379064202308655,-45.2057448380774,0.16796801101327563,-45.37371284909067,78310.21875,0.09235282987356186,0,161818,102,102,0,2,3.267162561416626,102,1280,0,0.0,0.0,0.0,102,0.0,0.0,0,161818,0,0,0,0,0,0,0,0,102,0,0,0,0
145,0.1,0.8992519974708557,0.607531726360321,19.028656005859375,0.9961442351341248,-45.854541838779674,-1.4528207209263244,-44.40172111785335,79446.5078125,0.09240315854549408,0,159420,2500,2500,0,2,3.288259744644165,2500,1280,0,0.0,0.0,0.0,2500,0.0,0.0,0,159420,0,0,0,0,0,0,0,0,2500,0,0,0,0
150,0.1,0.29467177391052246,0.28914403915405273,18.820186614990234,0.2780560553073883,-45.34122456647335,0.31533845202128974,-45.65656301849464,78593.8125,0.0923677533864975,0,161595,325,325,0,2,3.293381690979004,325,1280,0,0.0,0.0,0.0,325,0.0,0.0,0,161595,0,0,0,0,0,0,0,0,325,0,0,0,0
155,0.1,1.999078631401062,0.5152134299278259,18.63617706298828,0.3307580351829529,-44.88813511809845,0.1855695855124938,-45.07370470361094,77718.3203125,0.09230940788984299,0,161793,127,127,0,2,3.3059535026550293,127,1280,0,0.0,0.0,0.0,127,0.0,0.0,0,161793,0,0,0,0,0,0,0,0,127,0,0,0,0
160,0.1,0.5252782702445984,0.309704065322876,18.80548667907715,0.3542899489402771,-45.30502869630496,0.12762660533829795,-45.43265530164326,78501.96875,0.09235583245754242,0,161271,649,649,0,2,3.319195032119751,649,1280,0,0.0,0.0,0.0,649,0.0,0.0,0,161271,0,0,0,0,0,0,0,0,649,0,0,0,0
165,0.05,0.6893358826637268,1.0474199056625366,18.236177444458008,2.113600254058838,-43.90321012622558,-4.20434924588268,-39.6988608803429,75963.9765625,0.09209781140089035,0,158018,3902,3902,0,2,3.32794451713562,3902,1280,0,0.0,0.0,0.0,3902,0.0,0.0,0,158018,0,0,0,0,0,0,0,0,3902,0,0,0,0
170,0.05,13.938549995422363,3.1573829650878906,18.385169982910156,0.5835368633270264,-44.27007666290702,-0.43685147121306733,-43.833225191693955,76642.375,0.09221362322568893,0,160513,1407,1407,0,2,3.351633310317993,1407,1280,0,0.0,0.0,0.0,1407,0.0,0.0,0,160513,0,0,0,0,0,0,0,0,1407,0,0,0,0
175,0.05,8.162409782409668,2.735097646713257,17.756729125976562,0.32883402705192566,-42.7226574224033,0.19030709926257727,-42.91296452166588,73812.6640625,0.09182284772396088,0,161776,144,144,0,2,3.379957914352417,144,1280,0,0.0,0.0,0.0,144,0.0,0.0,0,161776,0,0,0,0,0,0,0,0,144,0,0,0,0
180,0.05,0.44844987988471985,0.8334963917732239,18.145063400268555,0.7550841569900513,-43.678858664185356,-0.8592549160905514,-42.819603748094806,75349.28125,0.0919661894440651,0,159306,2614,2614,0,2,3.402515172958374,2614,1280,0,0.0,0.0,0.0,2614,0.0,0.0,0,159306,0,0,0,0,0,0,0,0,2614,0,0,0,0
185,0.05,2.433396100997925,1.3458653688430786,17.788414001464844,0.36144137382507324,-42.800675561139165,0.11001754580364698,-42.910693106942816,74009.421875,0.09185510128736496,0,161851,69,69,0,2,3.418179512023926,69,1280,0,0.0,0.0,0.0,69,0.0,0.0,0,161851,0,0,0,0,0,0,0,0,69,0,0,0,0
190,0.05,0.6871047019958496,1.0525890588760376,18.170562744140625,0.607461154460907,-43.741646076704,-0.4957606080197019,-43.2458854686843,75663.5,0.09207785874605179,0,160768,1152,1152,0,2,3.4370851516723633,1152,1280,0,0.0,0.0,0.0,1152,0.0,0.0,0,160768,0,0,0,0,0,0,0,0,1152,0,0,0,0
195,0.05,1.245164394378662,0.8964990377426147,17.767175674438477,0.3960012197494507,-42.748380113581746,0.024920324733125443,-42.77330043831487,74042.9296875,0.0919019803404808,0,161870,50,50,0,2,3.4531025886535645,50,1280,0,0.0,0.0,0.0,50,0.0,0.0,0,161870,0,0,0,0,0,0,0,0,50,0,0,0,0
200,0.05,0.9077588319778442,1.1536216735839844,18.142826080322266,0.33533862233161926,-43.67334967810679,0.17429073785571347,-43.8476404159625,75739.265625,0.09213364869356155,0,161609,311,311,0,2,3.526658773422241,311,1280,0,0.0,0.0,0.0,311,0.0,0.0,0,161609,0,0,0,0,0,0,0,0,311,0,0,0,0
