sample_id,step,t,w_t,tau,probability_loss,probability_base_loss,probability_bce,probability_dice_loss,probability_dice_score,probability_soft_calibration_mae,loss_positive_scale,loss_negative_scale,roi_hard_core_probability_mean,roi_background_probability_mean,roi_soft_halo_probability_mean,roi_soft_halo_target_mean,probability_spatial_gradient_loss,roi_spatial_gradient_error_mean,roi_predicted_gradient_mean,roi_target_gradient_mean,roi_target_probability_mean,roi_soft_margin_mean,roi_entropy_mean,raw_grad_norm,used_grad_norm,prior_velocity_norm,guidance_velocity_norm,guided_velocity_norm,requested_guidance_ratio,used_guidance_ratio,uncapped_guidance_ratio,guidance_cap_fraction,guidance_gradient_reference_norm,guidance_gradient_reference_ratio,effective_guidance_ratio,continuous_step_norm,condition_projection_norm,initial_condition_projection_norm,pre_projection_condition_violations,post_projection_condition_violations,hard_change_count,hard_change_fraction,hard_change_inside_roi,hard_change_outside_roi,target_hard_voxels_before,target_hard_voxels_after,selected_target_recovered_after,alpha,spatial_gradient_weight,probability_loss_mode,guidance_scaling_mode,case_id,source_seed,arm
0,0,0.015625,0.0,0.49975909124103446,1.0723671913146973,1.0723671913146973,0.15884476900100708,0.913522481918335,0.08647754043340683,0.0714799240231514,1.0,1.0,0.06710777431726456,0.06654061377048492,0.06643074750900269,0.044516388326883316,0.0,0.0,0.0,0.0,0.06654644757509232,-0.08379372209310532,2.5782113075256348,0.0,0.0,1565.8858642578125,0.0,1565.8858642578125,0.0,0.0,0.0,0.0,0.0,0.0,0.0,48.84513473510742,2.946653366088867,1334.12841796875,0,0,730,0.00278472900390625,730,0,9912,9883,110,0.25,0.0,calibrated_soft_bce_hard_dice_v2,reference_norm_relative_v2,fullgeo_case01,9301000,GEO_PROB_GUIDED
0,1,0.046875,0.0,0.4978353019929562,1.0724716186523438,1.0724716186523438,0.15885566174983978,0.9136159420013428,0.08638405054807663,0.07145925611257553,1.0,1.0,0.06704239547252655,0.06648661196231842,0.06637649983167648,0.044516388326883316,0.0,0.0,0.0,0.0,0.06649233400821686,-0.08426357060670853,2.577232837677002,0.0,0.0,1564.746826171875,0.0,1564.746826171875,0.0,0.0,0.0,0.0,0.0,0.0,0.0,48.80422592163086,3.032299757003784,0.0,0,0,808,0.003082275390625,808,0,9883,9860,110,0.25,0.0,calibrated_soft_bce_hard_dice_v2,reference_norm_relative_v2,fullgeo_case01,9301000,GEO_PROB_GUIDED
0,2,0.078125,0.0,0.4940062506389088,1.0726720094680786,1.0726720094680786,0.15890738368034363,0.9137645959854126,0.0862354189157486,0.07145638763904572,1.0,1.0,0.06697889417409897,0.06643421947956085,0.06632337719202042,0.044516388326883316,0.0,0.0,0.0,0.0,0.06643982231616974,-0.08514376729726791,2.575256586074829,0.0,0.0,1565.33154296875,0.0,1565.33154296875,0.0,0.0,0.0,0.0,0.0,0.0,0.0,48.821292877197266,3.0522615909576416,0.0,0,0,918,0.00350189208984375,918,0,9860,9822,111,0.25,0.0,calibrated_soft_bce_hard_dice_v2,reference_norm_relative_v2,fullgeo_case01,9301000,GEO_PROB_GUIDED
0,3,0.109375,0.0,0.4883088130366042,1.0729701519012451,1.0729701519012451,0.1590002328157425,0.9139699339866638,0.08603007346391678,0.07147054374217987,1.0,1.0,0.06691686064004898,0.06638205051422119,0.06627059727907181,0.044516388326883316,0.0,0.0,0.0,0.0,0.06638755649328232,-0.08645222336053848,2.5722334384918213,0.0,0.0,1564.436767578125,0.0,1564.436767578125,0.0,0.0,0.0,0.0,0.0,0.0,0.0,48.79208755493164,3.0711593627929688,0.0,0,0,1033,0.003940582275390625,1033,0,9822,9808,110,0.25,0.0,calibrated_soft_bce_hard_dice_v2,reference_norm_relative_v2,fullgeo_case01,9301000,GEO_PROB_GUIDED
0,4,0.140625,0.0,0.48079785862468866,1.0733829736709595,1.0733829736709595,0.15914422273635864,0.9142387509346008,0.08576127141714096,0.07151101529598236,1.0,1.0,0.06686361879110336,0.06634373962879181,0.06623392552137375,0.044516388326883316,0.0,0.0,0.0,0.0,0.0663490891456604,-0.08819699287414551,2.5680885314941406,0.0,0.0,1565.16162109375,0.0,1565.16162109375,0.0,0.0,0.0,0.0,0.0,0.0,0.0,48.8143196105957,3.0785634517669678,0.0,0,0,1111,0.004238128662109375,1111,0,9808,9810,110,0.25,0.0,calibrated_soft_bce_hard_dice_v2,reference_norm_relative_v2,fullgeo_case01,9301000,GEO_PROB_GUIDED
0,5,0.171875,0.0,0.4715457220000544,1.0739203691482544,1.0739203691482544,0.1593441367149353,0.9145762324333191,0.08542376011610031,0.07157979160547256,1.0,1.0,0.06682100892066956,0.06632143259048462,0.06621696054935455,0.044516388326883316,0.0,0.0,0.0,0.0,0.0663265809416771,-0.09040842205286026,2.5627174377441406,0.0,0.0,1565.8583984375,0.0,1565.8583984375,0.0,0.0,0.0,0.0,0.0,0.0,0.0,48.8377571105957,3.0527381896972656,0.0,0,0,1264,0.00482177734375,1264,0,9810,9814,110,0.25,0.0,calibrated_soft_bce_hard_dice_v2,reference_norm_relative_v2,fullgeo_case01,9301000,GEO_PROB_GUIDED
0,6,0.203125,0.0,0.460641506296129,1.0745924711227417,1.0745924711227417,0.15961244702339172,0.9149800539016724,0.08501996845006943,0.07168678194284439,1.0,1.0,0.06680453568696976,0.06632574647665024,0.0662294551730156,0.044516388326883316,0.0,0.0,0.0,0.0,0.0663306787610054,-0.09311776608228683,2.555981397628784,0.0,0.0,1566.3365478515625,0.0,1566.3365478515625,0.0,0.0,0.0,0.0,0.0,0.0,0.0,48.85420227050781,3.0290682315826416,0.0,0,0,1416,0.005401611328125,1416,0,9814,9820,109,0.25,0.0,calibrated_soft_bce_hard_dice_v2,reference_norm_relative_v2,fullgeo_case01,9301000,GEO_PROB_GUIDED
0,7,0.234375,0.0,0.4481902250709918,1.0754320621490479,1.0754320621490479,0.1599508374929428,0.9154812693595886,0.08451871573925018,0.0718233585357666,1.0,1.0,0.06678473204374313,0.06633873283863068,0.06625156849622726,0.044516388326883316,0.0,0.0,0.0,0.0,0.06634332239627838,-0.09640181064605713,2.5477023124694824,0.0,0.0,1568.8946533203125,0.0,1568.8946533203125,0.0,0.0,0.0,0.0,0.0,0.0,0.0,48.93903732299805,2.9514338970184326,0.0,0,0,1596,0.0060882568359375,1596,0,9820,9833,107,0.25,0.0,calibrated_soft_bce_hard_dice_v2,reference_norm_relative_v2,fullgeo_case01,9301000,GEO_PROB_GUIDED
0,8,0.265625,0.06540312923014306,0.43431179096940364,1.0764654874801636,1.0764654874801636,0.16036567091941833,0.9160997867584229,0.08390024304389954,0.07198669761419296,1.0,1.0,0.06674954295158386,0.06635192781686783,0.06627316027879715,0.044516388326883316,0.0,0.0,0.0,0.0,0.06635602563619614,-0.10034071654081345,2.5376522541046143,0.0020844396203756332,0.0020844396203756332,1573.2425537109375,25.723621368408203,1573.4205322265625,0.016350782307535765,0.01635078154504299,0.01635078154504299,0.0,0.0020844396203756332,1.0,0.016350703313946724,49.08456039428711,2.887028217315674,0.0,0,0,1866,0.00711822509765625,1866,0,9833,9816,121,0.25,0.0,calibrated_soft_bce_hard_dice_v2,reference_norm_relative_v2,fullgeo_case01,9301000,GEO_PROB_GUIDED
0,9,0.296875,0.19509032201612825,0.4191398608984867,1.0758994817733765,1.0758994817733765,0.160736545920372,0.915162980556488,0.08483701944351196,0.07214529067277908,1.0,1.0,0.06804496794939041,0.0663476511836052,0.06628065556287766,0.044516388326883316,0.0,0.0,0.0,0.0,0.06636511534452438,-0.10503038018941879,2.5255472660064697,0.0022874961141496897,0.0022874961141496897,1573.998291015625,84.24598693847656,1576.15478515625,0.04877258050403206,0.05352378264069557,0.05352378264069557,0.0,0.0020844396203756332,1.0974154472351074,0.053523555397987366,49.16982650756836,2.89261531829834,0.0,0,0,2178,0.00830841064453125,2178,0,9816,9819,163,0.25,0.0,calibrated_soft_bce_hard_dice_v2,reference_norm_relative_v2,fullgeo_case01,9301000,GEO_PROB_GUIDED
0,10,0.328125,0.3214394653031616,0.4028205488386443,1.0705890655517578,1.0705890655517578,0.16086269915103912,0.9097263813018799,0.09027363359928131,0.0722336694598198,1.0,1.0,0.07308874279260635,0.06628074496984482,0.06623408198356628,0.044516388326883316,0.0,0.0,0.0,0.0,0.06635083258152008,-0.1106097549200058,2.5110280513763428,0.002628115238621831,0.002628115238621831,1573.81005859375,159.45748901367188,1581.8505859375,0.0803598663257904,0.10131978988647461,0.10131978988647461,0.0,0.0020844396203756332,1.260825753211975,0.10131940245628357,49.34229278564453,2.99045991897583,0.0,0,0,2620,0.0099945068359375,2620,0,9819,9774,238,0.25,0.0,calibrated_soft_bce_hard_dice_v2,reference_norm_relative_v2,fullgeo_case01,9301000,GEO_PROB_GUIDED
0,11,0.359375,0.4422886902190013,0.3855110186860564,1.0567959547042847,1.0567959547042847,0.16061025857925415,0.8961856961250305,0.10381431877613068,0.07220128178596497,1.0,1.0,0.08501361310482025,0.06613276153802872,0.06611884385347366,0.044516388326883316,0.0,0.0,0.0,0.0,0.06632712483406067,-0.117209792137146,2.493616819381714,0.003162146545946598,0.003162146545946598,1572.2677001953125,263.73248291015625,1595.2286376953125,0.11057217255475033,0.16774073243141174,0.16774073243141174,0.0,0.0020844396203756332,1.5170247554779053,0.16774019598960876,49.75517272949219,3.08780574798584,0.0,0,0,3090,0.01178741455078125,3090,0,9774,9700,368,0.25,0.0,calibrated_soft_bce_hard_dice_v2,reference_norm_relative_v2,fullgeo_case01,9301000,GEO_PROB_GUIDED
0,12,0.390625,0.5555702330196022,0.367377970678444,1.0265024900436401,1.0265024900436401,0.1597527116537094,0.8667497634887695,0.13325025141239166,0.07191890478134155,1.0,1.0,0.11076764762401581,0.06584101915359497,0.06587832421064377,0.044516388326883316,0.0,0.0,0.0,0.0,0.06630350649356842,-0.12500818073749542,2.4726669788360596,0.0038855262100696564,0.0038855262100696564,1570.38818359375,392.5960388183594,1622.92138671875,0.13889255825490054,0.25,0.25890445709228516,1.0,0.0020844396203756332,1.864062786102295,0.24999935925006866,50.615447998046875,3.1966896057128906,0.0,0,0,3805,0.014514923095703125,3805,0,9700,9494,547,0.25,0.0,calibrated_soft_bce_hard_dice_v2,reference_norm_relative_v2,fullgeo_case01,9301000,GEO_PROB_GUIDED
0,13,0.421875,0.6593458151000688,0.3485960359806528,0.9687049984931946,0.9687049984931946,0.15811024606227875,0.8105947375297546,0.18940524756908417,0.0711803212761879,1.0,1.0,0.16096746921539307,0.06529582291841507,0.0654098317027092,0.044516388326883316,0.0,0.0,0.0,0.0,0.06628070026636124,-0.13425815105438232,2.4472620487213135,0.0046303062699735165,0.0046303062699735165,1569.5556640625,392.3880920410156,1624.9344482421875,0.1648364537750172,0.25,0.3661623001098633,1.0,0.0020844396203756332,2.221367359161377,0.24999947845935822,50.6690673828125,3.3426480293273926,0.0,0,0,4562,0.01740264892578125,4562,0,9494,9172,733,0.25,0.0,calibrated_soft_bce_hard_dice_v2,reference_norm_relative_v2,fullgeo_case01,9301000,GEO_PROB_GUIDED
0,14,0.453125,0.7518398074789773,0.32934609489107236,0.8971755504608154,0.8971755504608154,0.15635234117507935,0.7408232092857361,0.2591767907142639,0.0701405480504036,1.0,1.0,0.22688336670398712,0.06451763212680817,0.06472089886665344,0.044516388326883316,0.0,0.0,0.0,0.0,0.06618906557559967,-0.14538487792015076,2.4163994789123535,0.00517403706908226,0.00517403706908226,1569.06591796875,392.2657470703125,1626.2298583984375,0.18795995186974432,0.25,0.46655789017677307,1.0,0.0020844396203756332,2.482219696044922,0.249999538064003,50.698081970214844,3.5135138034820557,0.0,0,0,5323,0.020305633544921875,5323,0,9172,8725,916,0.25,0.0,calibrated_soft_bce_hard_dice_v2,reference_norm_relative_v2,fullgeo_case01,9301000,GEO_PROB_GUIDED
0,15,0.484375,0.8314696123025452,0.3098135348654836,0.8148958683013916,0.8148958683013916,0.1544075310230255,0.6604883670806885,0.3395116329193115,0.0687212273478508,1.0,1.0,0.30804243683815,0.06334636360406876,0.06365758180618286,0.044516388326883316,0.0,0.0,0.0,0.0,0.06586532294750214,-0.15904662013053894,2.3787999153137207,0.005533380899578333,0.005533380899578333,1569.1068115234375,392.2760009765625,1627.2977294921875,0.2078674030756363,0.25,0.5518075823783875,1.0,0.0020844396203756332,2.6546132564544678,0.24999955296516418,50.71389389038086,3.7595958709716797,0.0,0,0,6458,0.02463531494140625,6458,0,8725,7965,1073,0.25,0.0,calibrated_soft_bce_hard_dice_v2,reference_norm_relative_v2,fullgeo_case01,9301000,GEO_PROB_GUIDED
0,16,0.515625,0.8968727415326884,0.2901864651345164,0.7253912091255188,0.7253912091255188,0.15217702090740204,0.5732141733169556,0.4267858564853668,0.06686633080244064,1.0,1.0,0.40277305245399475,0.0615864098072052,0.06203066557645798,0.044516388326883316,0.0,0.0,0.0,0.0,0.06509866565465927,-0.17614728212356567,2.3327693939208984,0.005764367990195751,0.005764367990195751,1568.837158203125,392.2086181640625,1626.75732421875,0.2242181853831721,0.25,0.6200592517852783,1.0,0.0020844396203756332,2.765428066253662,0.24999956786632538,50.68000411987305,3.9816040992736816,0.0,0,0,7348,0.0280303955078125,7348,0,7965,6936,1191,0.25,0.0,calibrated_soft_bce_hard_dice_v2,reference_norm_relative_v2,fullgeo_case01,9301000,GEO_PROB_GUIDED
0,17,0.546875,0.9469301294951056,0.2706539051089276,0.6333673000335693,0.6333673000335693,0.14957967400550842,0.4837875962257385,0.5162124037742615,0.06444776803255081,1.0,1.0,0.5062328577041626,0.058974336832761765,0.05957702174782753,0.044516388326883316,0.0,0.0,0.0,0.0,0.0635785162448883,-0.19795307517051697,2.2759859561920166,0.0058356295339763165,0.0058356295339763165,1567.544677734375,391.885498046875,1623.18115234375,0.2367325323737764,0.25,0.6627600789070129,1.0,0.0020844396203756332,2.7996156215667725,0.24999956786632538,50.54520797729492,4.260040760040283,0.0,0,0,8887,0.033901214599609375,8887,0,6936,5665,1294,0.25,0.0,calibrated_soft_bce_hard_dice_v2,reference_norm_relative_v2,fullgeo_case01,9301000,GEO_PROB_GUIDED
0,18,0.578125,0.9807852804032304,0.2514039640193472,0.5426152944564819,0.5426152944564819,0.1465100795030594,0.39610522985458374,0.6038947701454163,0.061308056116104126,1.0,1.0,0.6106592416763306,0.05523957312107086,0.056021396070718765,0.044516388326883316,0.0,0.0,0.0,0.0,0.06095719337463379,-0.22615408897399902,2.205197811126709,0.006014135666191578,0.006014135666191578,1567.392578125,391.8475036621094,1619.258056640625,0.2451963201008076,0.25,0.7074533700942993,1.0,0.0020844396203756332,2.8852529525756836,0.24999959766864777,50.39377212524414,4.583785057067871,0.0,0,0,10540,0.0402069091796875,10540,0,5665,4377,1379,0.25,0.0,calibrated_soft_bce_hard_dice_v2,reference_norm_relative_v2,fullgeo_case01,9301000,GEO_PROB_GUIDED
0,19,0.609375,0.9978589232386035,0.232622029321556,0.4548121690750122,0.4548121690750122,0.1431121826171875,0.3116999864578247,0.6883000135421753,0.057424742728471756,1.0,1.0,0.7108058333396912,0.05027462914586067,0.051237720996141434,0.044516388326883316,0.0,0.0,0.0,0.0,0.05707428976893425,-0.26275068521499634,2.115574359893799,0.006109199486672878,0.006109199486672878,1566.1746826171875,391.54302978515625,1612.5166015625,0.24946473080965087,0.25,0.7311460375785828,1.0,0.0020844396203756332,2.930859327316284,0.24999959766864777,50.152252197265625,4.900922775268555,0.0,0,0,11634,0.04438018798828125,11634,0,4377,3231,1440,0.25,0.0,calibrated_soft_bce_hard_dice_v2,reference_norm_relative_v2,fullgeo_case01,9301000,GEO_PROB_GUIDED
0,20,0.640625,0.9978589232386035,0.21448898131394362,0.37294596433639526,0.37294596433639526,0.13968534767627716,0.2332606315612793,0.7667393684387207,0.05281372740864754,1.0,1.0,0.7990874648094177,0.04404912516474724,0.04516696557402611,0.044516388326883316,0.0,0.0,0.0,0.0,0.051821667701005936,-0.3103381395339966,2.000338315963745,0.00602023396641016,0.00602023396641016,1565.830078125,391.4568786621094,1605.528564453125,0.24946473080965087,0.25,0.7204986810684204,1.0,0.0020844396203756332,2.888178586959839,0.24999959766864777,49.89423751831055,5.27937650680542,0.0,0,0,12772,0.0487213134765625,12772,0,3231,2295,1484,0.25,0.0,calibrated_soft_bce_hard_dice_v2,reference_norm_relative_v2,fullgeo_case01,9301000,GEO_PROB_GUIDED
0,21,0.671875,0.9807852804032304,0.19717945116135566,0.29994314908981323,0.29994314908981323,0.13669711351394653,0.1632460355758667,0.8367539644241333,0.047653742134571075,1.0,1.0,0.8684380650520325,0.03667299449443817,0.03788217157125473,0.044516388326883316,0.0,0.0,0.0,0.0,0.04523538053035736,-0.37177979946136475,1.8504719734191895,0.0057570915669202805,0.0057570915669202805,1566.9248046875,391.73052978515625,1601.518310546875,0.2451963201008076,0.25,0.6772168874740601,1.0,0.0020844396203756332,2.761937379837036,0.24999956786632538,49.721961975097656,5.698545455932617,0.0,0,0,13617,0.051944732666015625,13617,0,2295,1700,1515,0.25,0.0,calibrated_soft_bce_hard_dice_v2,reference_norm_relative_v2,fullgeo_case01,9301000,GEO_PROB_GUIDED
0,22,0.703125,0.9469301294951057,0.18086013910151333,0.23731598258018494,0.23731598258018494,0.13499322533607483,0.10232275724411011,0.8976772427558899,0.04228915646672249,1.0,1.0,0.9206579327583313,0.028537020087242126,0.02974948100745678,0.044516388326883316,0.0,0.0,0.0,0.0,0.03772072494029999,-0.4496820271015167,1.6551563739776611,0.005062783136963844,0.005062783136963844,1566.408203125,391.6012878417969,1597.8983154296875,0.23673253237377642,0.25,0.5749868750572205,1.0,0.0020844396203756332,2.4288461208343506,0.2499995082616806,49.55121994018555,6.1736040115356445,0.0,0,0,13771,0.052532196044921875,13771,0,1700,1545,1535,0.25,0.0,calibrated_soft_bce_hard_dice_v2,reference_norm_relative_v2,fullgeo_case01,9301000,GEO_PROB_GUIDED
0,23,0.734375,0.8968727415326884,0.16568820903059628,0.19029438495635986,0.19029438495635986,0.13577324151992798,0.054521143436431885,0.9454788565635681,0.03719756007194519,1.0,1.0,0.9561262726783752,0.02023748680949211,0.02134588733315468,0.044516388326883316,0.0,0.0,0.0,0.0,0.02987174689769745,-0.5452555418014526,1.405413269996643,0.003868640633299947,0.003868640633299947,1566.073486328125,391.5173645019531,1597.3089599609375,0.2242181853831721,0.25,0.4161404073238373,1.0,0.0020844396203756332,1.8559619188308716,0.24999935925006866,49.469871520996094,6.658043384552002,0.0,0,0,12322,0.04700469970703125,12322,0,1545,1547,1547,0.25,0.0,calibrated_soft_bce_hard_dice_v2,reference_norm_relative_v2,fullgeo_case01,9301000,GEO_PROB_GUIDED
0,24,0.765625,0.8314696123025455,0.1518097749290082,0.1629970520734787,0.1629970520734787,0.14021353423595428,0.022783517837524414,0.9772164821624756,0.033011145889759064,1.0,1.0,0.9786062836647034,0.012671582400798798,0.013601568527519703,0.044516388326883316,0.0,0.0,0.0,0.0,0.022615142166614532,-0.6548957228660583,1.1022083759307861,0.0022583112586289644,0.0022583112586289644,1566.6529541015625,352.8188171386719,1587.8648681640625,0.20786740307563636,0.22520646452903748,0.22520646452903748,0.0,0.0020844396203756332,1.083414077758789,0.2252054661512375,49.089569091796875,7.2412495613098145,0.0,0,0,9886,0.03771209716796875,9886,0,1547,1554,1552,0.25,0.0,calibrated_soft_bce_hard_dice_v2,reference_norm_relative_v2,fullgeo_case01,9301000,GEO_PROB_GUIDED
0,25,0.796875,0.7518398074789774,0.139358493703871,0.15622492134571075,0.15622492134571075,0.14806737005710602,0.008157551288604736,0.9918424487113953,0.03013189323246479,1.0,1.0,0.9896987676620483,0.00698595168069005,0.007811100222170353,0.044516388326883316,0.0,0.0,0.0,0.0,0.017102228477597237,-0.7657530903816223,0.7711036801338196,0.0018208080437034369,0.0018208080437034369,1569.2796630859375,257.6547546386719,1570.462646484375,0.18795995186974435,0.16418753564357758,0.16418753564357758,0.0,0.0020844396203756332,0.873524010181427,0.16418664157390594,48.448646545410156,7.82794713973999,0.0,0,0,6594,0.02515411376953125,6594,0,1554,1557,1552,0.25,0.0,calibrated_soft_bce_hard_dice_v2,reference_norm_relative_v2,fullgeo_case01,9301000,GEO_PROB_GUIDED
0,26,0.828125,0.659345815100069,0.12845427799994558,0.16637098789215088,0.16637098789215088,0.15997594594955444,0.0063950419425964355,0.9936049580574036,0.02856561169028282,1.0,1.0,0.9942306280136108,0.004151464905589819,0.005057243630290031,0.044516388326883316,0.0,0.0,0.0,0.0,0.014343570917844772,-0.8567464351654053,0.46958398818969727,0.003562002908438444,0.003562002908438444,1575.360595703125,393.83905029296875,1591.5390625,0.16483645377501724,0.25,0.2816814184188843,1.0,0.0020844396203756332,1.7088539600372314,0.2499992996454239,49.00332260131836,8.50316333770752,0.0,0,0,3815,0.014553070068359375,3815,0,1557,1561,1553,0.25,0.0,calibrated_soft_bce_hard_dice_v2,reference_norm_relative_v2,fullgeo_case01,9301000,GEO_PROB_GUIDED
0,27,0.859375,0.5555702330196022,0.11920214137531127,0.18218466639518738,0.18218466639518738,0.17851415276527405,0.00367051362991333,0.9963294863700867,0.028155604377388954,1.0,1.0,0.9969519972801208,0.0023283278569579124,0.002997547620907426,0.044516388326883316,0.0,0.0,0.0,0.0,0.012567217461764812,-0.9171100854873657,0.24737118184566498,0.004193603992462158,0.004193603992462158,1583.964599609375,395.9902038574219,1603.4150390625,0.13889255825490054,0.25,0.27943259477615356,1.0,0.0020844396203756332,2.011861562728882,0.24999940395355225,49.24919128417969,9.230412483215332,0.0,0,0,2315,0.008831024169921875,2315,0,1561,1593,1554,0.25,0.0,calibrated_soft_bce_hard_dice_v2,reference_norm_relative_v2,fullgeo_case01,9301000,GEO_PROB_GUIDED
0,28,0.890625,0.4422886902190013,0.11169118696339586,0.20634925365447998,0.20634925365447998,0.19636183977127075,0.009987413883209229,0.9900125861167908,0.027583204209804535,1.0,1.0,0.9985447525978088,0.001887910533696413,0.0027741468511521816,0.044516388326883316,0.0,0.0,0.0,0.0,0.012147730216383934,-0.9467556476593018,0.12307395040988922,0.012574180960655212,0.012574180960655212,1597.3763427734375,399.3437805175781,1624.206787109375,0.11057217255475033,0.25,0.6670159697532654,1.0,0.0020844396203756332,6.032403469085693,0.24999980628490448,49.774635314941406,9.934998512268066,0.0,0,0,1589,0.006061553955078125,1589,0,1593,1566,1554,0.25,0.0,calibrated_soft_bce_hard_dice_v2,reference_norm_relative_v2,fullgeo_case01,9301000,GEO_PROB_GUIDED
0,29,0.921875,0.32143946530316175,0.10599374936109118,0.2282540649175644,0.2282540649175644,0.22378604114055634,0.004468023777008057,0.9955319762229919,0.02799358405172825,1.0,1.0,0.9989954233169556,0.0011276912409812212,0.001639396185055375,0.044516388326883316,0.0,0.0,0.0,0.0,0.011399976909160614,-0.9612082839012146,0.06329627335071564,0.008714716881513596,0.008714716881513596,1618.4615478515625,404.6148986816406,1643.4512939453125,0.08035986632579044,0.25,0.3359720706939697,1.0,0.0020844396203756332,4.180843830108643,0.24999970197677612,50.2620964050293,10.552286148071289,0.0,0,0,1226,0.00467681884765625,1226,0,1566,1569,1554,0.25,0.0,calibrated_soft_bce_hard_dice_v2,reference_norm_relative_v2,fullgeo_case01,9301000,GEO_PROB_GUIDED
0,30,0.953125,0.1950903220161286,0.10216469800704375,0.24751217663288116,0.24751217663288116,0.24373073875904083,0.003781437873840332,0.9962185621261597,0.028046751394867897,1.0,1.0,0.9990299940109253,0.0006582380156032741,0.0009790820768103004,0.044516388326883316,0.0,0.0,0.0,0.0,0.010935710743069649,-0.9683566093444824,0.03566280007362366,0.010917275212705135,0.010917275212705135,1666.8865966796875,416.7212829589844,1699.0853271484375,0.04877258050403215,0.25,0.2554469108581543,1.0,0.0020844396203756332,5.237510681152344,0.2499997764825821,51.8823127746582,11.289582252502441,0.0,0,0,1133,0.004322052001953125,1133,0,1569,1586,1554,0.25,0.0,calibrated_soft_bce_hard_dice_v2,reference_norm_relative_v2,fullgeo_case01,9301000,GEO_PROB_GUIDED
0,31,0.984375,0.06540312923014312,0.10024090875896552,0.2669035494327545,0.2669035494327545,0.2599094808101654,0.006994068622589111,0.9930059313774109,0.028170865029096603,1.0,1.0,0.9988740682601929,0.0006854601087979972,0.0010172876063734293,0.044516388326883316,0.0,0.0,0.0,0.0,0.010961046442389488,-0.9714436531066895,0.023981979116797447,0.02012876234948635,0.02012876234948635,1827.1939697265625,288.50323486328125,1839.13916015625,0.01635078230753578,0.15789423882961273,0.15789423882961273,0.0,0.0020844396203756332,9.656678199768066,0.15789414942264557,56.052154541015625,12.700905799865723,0.0,0,0,998,0.00380706787109375,998,0,1586,1595,1553,0.25,0.0,calibrated_soft_bce_hard_dice_v2,reference_norm_relative_v2,fullgeo_case01,9301000,GEO_PROB_GUIDED
1,0,0.015625,0.0,0.49975909124103446,1.0737155675888062,1.0737155675888062,0.15887737274169922,0.9148381948471069,0.08516178280115128,0.0715937614440918,1.0,1.0,0.06613446027040482,0.06660401076078415,0.06651156395673752,0.044516388326883316,0.0,0.0,0.0,0.0,0.06659919023513794,-0.08371313661336899,2.5781123638153076,0.0,0.0,1565.7191162109375,0.0,1565.7191162109375,0.0,0.0,0.0,0.0,0.0,0.0,0.0,48.840396881103516,2.938640832901001,1333.7657470703125,0,0,730,0.00278472900390625,730,0,9999,9960,81,0.25,0.0,calibrated_soft_bce_hard_dice_v2,reference_norm_relative_v2,fullgeo_case01,9301001,GEO_PROB_GUIDED
1,1,0.046875,0.0,0.4978353019929562,1.0738353729248047,1.0738353729248047,0.15888962149620056,0.9149457812309265,0.08505424112081528,0.07157392799854279,1.0,1.0,0.06605856865644455,0.06655047088861465,0.0664583072066307,0.044516388326883316,0.0,0.0,0.0,0.0,0.06654541194438934,-0.08418440073728561,2.577131986618042,0.0,0.0,1564.5211181640625,0.0,1564.5211181640625,0.0,0.0,0.0,0.0,0.0,0.0,0.0,48.79753875732422,3.0262668132781982,0.0,0,0,785,0.002994537353515625,785,0,9960,9938,81,0.25,0.0,calibrated_soft_bce_hard_dice_v2,reference_norm_relative_v2,fullgeo_case01,9301001,GEO_PROB_GUIDED
1,2,0.078125,0.0,0.4940062506389088,1.0740678310394287,1.0740678310394287,0.1589447408914566,0.9151231050491333,0.0848769024014473,0.07157383859157562,1.0,1.0,0.06597402691841125,0.06650051474571228,0.06640882045030594,0.044516388326883316,0.0,0.0,0.0,0.0,0.06649509817361832,-0.08506394177675247,2.57515287399292,0.0,0.0,1564.8314208984375,0.0,1564.8314208984375,0.0,0.0,0.0,0.0,0.0,0.0,0.0,48.80586242675781,3.048529624938965,0.0,0,0,938,0.00357818603515625,938,0,9938,9911,79,0.25,0.0,calibrated_soft_bce_hard_dice_v2,reference_norm_relative_v2,fullgeo_case01,9301001,GEO_PROB_GUIDED
1,3,0.109375,0.0,0.4883088130366042,1.0744223594665527,1.0744223594665527,0.15904538333415985,0.9153770208358765,0.08462297916412354,0.07159477472305298,1.0,1.0,0.06587820500135422,0.06645559519529343,0.06636588275432587,0.044516388326883316,0.0,0.0,0.0,0.0,0.06644964963197708,-0.08636626601219177,2.572125196456909,0.0,0.0,1564.08154296875,0.0,1564.08154296875,0.0,0.0,0.0,0.0,0.0,0.0,0.0,48.78123474121094,3.0668725967407227,0.0,0,0,924,0.0035247802734375,924,0,9911,9895,78,0.25,0.0,calibrated_soft_bce_hard_dice_v2,reference_norm_relative_v2,fullgeo_case01,9301001,GEO_PROB_GUIDED
1,4,0.140625,0.0,0.48079785862468866,1.0749287605285645,1.0749287605285645,0.1592053920030594,0.9157233238220215,0.08427669107913971,0.07164892554283142,1.0,1.0,0.0657726377248764,0.06643173843622208,0.06634759157896042,0.044516388326883316,0.0,0.0,0.0,0.0,0.06642495095729828,-0.08809619396924973,2.567974805831909,0.0,0.0,1565.517333984375,0.0,1565.517333984375,0.0,0.0,0.0,0.0,0.0,0.0,0.0,48.825801849365234,3.073056697845459,0.0,0,0,1168,0.00445556640625,1168,0,9895,9882,78,0.25,0.0,calibrated_soft_bce_hard_dice_v2,reference_norm_relative_v2,fullgeo_case01,9301001,GEO_PROB_GUIDED
1,5,0.171875,0.0,0.4715457220000544,1.0755928754806519,1.0755928754806519,0.15942610800266266,0.9161667227745056,0.08383328467607498,0.07173482328653336,1.0,1.0,0.06565622240304947,0.06642661988735199,0.06635332107543945,0.044516388326883316,0.0,0.0,0.0,0.0,0.06641868501901627,-0.09028921276330948,2.5625970363616943,0.0,0.0,1567.080810546875,0.0,1567.080810546875,0.0,0.0,0.0,0.0,0.0,0.0,0.0,48.87643814086914,3.0462286472320557,0.0,0,0,1215,0.004634857177734375,1215,0,9882,9896,79,0.25,0.0,calibrated_soft_bce_hard_dice_v2,reference_norm_relative_v2,fullgeo_case01,9301001,GEO_PROB_GUIDED
1,6,0.203125,0.0,0.460641506296129,1.076427936553955,1.076427936553955,0.159715473651886,0.9167124032974243,0.08328761905431747,0.07185724377632141,1.0,1.0,0.06553371995687485,0.06644504517316818,0.06638805568218231,0.044516388326883316,0.0,0.0,0.0,0.0,0.06643567234277725,-0.09298339486122131,2.5558528900146484,0.0,0.0,1568.050537109375,0.0,1568.050537109375,0.0,0.0,0.0,0.0,0.0,0.0,0.0,48.90828323364258,3.022329807281494,0.0,0,0,1435,0.005474090576171875,1435,0,9896,9911,78,0.25,0.0,calibrated_soft_bce_hard_dice_v2,reference_norm_relative_v2,fullgeo_case01,9301001,GEO_PROB_GUIDED
1,7,0.234375,0.0,0.4481902250709918,1.0774561166763306,1.0774561166763306,0.1600726693868637,0.9173834323883057,0.08261657506227493,0.07200609892606735,1.0,1.0,0.06538116186857224,0.06646861135959625,0.0664324015378952,0.044516388326883316,0.0,0.0,0.0,0.0,0.06645741313695908,-0.09625553339719772,2.5475642681121826,0.0,0.0,1570.5145263671875,0.0,1570.5145263671875,0.0,0.0,0.0,0.0,0.0,0.0,0.0,48.99018096923828,2.9443559646606445,0.0,0,0,1574,0.00600433349609375,1574,0,9911,9926,78,0.25,0.0,calibrated_soft_bce_hard_dice_v2,reference_norm_relative_v2,fullgeo_case01,9301001,GEO_PROB_GUIDED
1,8,0.265625,0.06540312923014306,0.43431179096940364,1.0787032842636108,1.0787032842636108,0.16050520539283752,0.9181980490684509,0.08180195093154907,0.07218067348003387,1.0,1.0,0.06518933922052383,0.06649250537157059,0.06648159772157669,0.044516388326883316,0.0,0.0,0.0,0.0,0.06647908687591553,-0.10018230229616165,2.5375030040740967,0.0020633870735764503,0.0020633870735764503,1574.5341796875,25.744739532470703,1574.688232421875,0.016350782307535765,0.01635078154504299,0.01635078154504299,0.0,0.0020633870735764503,1.0,0.016350701451301575,49.12458419799805,2.881276845932007,0.0,0,0,1866,0.00711822509765625,1866,0,9926,9883,81,0.25,0.0,calibrated_soft_bce_hard_dice_v2,reference_norm_relative_v2,fullgeo_case01,9301001,GEO_PROB_GUIDED
1,9,0.296875,0.19509032201612825,0.4191398608984867,1.0784069299697876,1.0784069299697876,0.16089054942131042,0.9175164103507996,0.08248358219861984,0.07235044240951538,1.0,1.0,0.06627760082483292,0.06649850308895111,0.06652237474918365,0.044516388326883316,0.0,0.0,0.0,0.0,0.06649623811244965,-0.1048600822687149,2.525386095046997,0.002262955764308572,0.002262955764308572,1575.08203125,84.25048828125,1577.1517333984375,0.04877258050403206,0.053489819169044495,0.053489819169044495,0.0,0.0020633870735764503,1.0967190265655518,0.05348958820104599,49.201385498046875,2.8866405487060547,0.0,0,0,2232,0.008514404296875,2232,0,9883,9872,114,0.25,0.0,calibrated_soft_bce_hard_dice_v2,reference_norm_relative_v2,fullgeo_case01,9301001,GEO_PROB_GUIDED
1,10,0.328125,0.3214394653031616,0.4028205488386443,1.0734667778015137,1.0734667778015137,0.16102395951747894,0.9124428629875183,0.0875571221113205,0.07245238125324249,1.0,1.0,0.07102538645267487,0.06644325703382492,0.06651604920625687,0.044516388326883316,0.0,0.0,0.0,0.0,0.06649042665958405,-0.11042759567499161,2.510857582092285,0.0026107151061296463,0.0026107151061296463,1574.86669921875,160.12538146972656,1582.713134765625,0.0803598663257904,0.10167589783668518,0.10167589783668518,0.0,0.0020633870735764503,1.2652571201324463,0.10167551785707474,49.36963653564453,2.984889507293701,0.0,0,0,2577,0.009830474853515625,2577,0,9872,9865,214,0.25,0.0,calibrated_soft_bce_hard_dice_v2,reference_norm_relative_v2,fullgeo_case01,9301001,GEO_PROB_GUIDED
1,11,0.359375,0.4422886902190013,0.3855110186860564,1.0600800514221191,1.0600800514221191,0.16077250242233276,0.8993075489997864,0.10069245100021362,0.07243666052818298,1.0,1.0,0.08261629194021225,0.06630787998437881,0.06644866615533829,0.044516388326883316,0.0,0.0,0.0,0.0,0.0664757639169693,-0.11701592803001404,2.493443727493286,0.003183249616995454,0.003183249616995454,1573.3876953125,268.39239501953125,1596.3509521484375,0.11057217255475033,0.17058303952217102,0.17058303952217102,0.0,0.0020633870735764503,1.5427302122116089,0.17058248817920685,49.79069137573242,3.081733226776123,0.0,0,0,3223,0.012294769287109375,3223,0,9865,9787,366,0.25,0.0,calibrated_soft_bce_hard_dice_v2,reference_norm_relative_v2,fullgeo_case01,9301001,GEO_PROB_GUIDED
1,12,0.390625,0.5555702330196022,0.367377970678444,1.0294981002807617,1.0294981002807617,0.15991179645061493,0.8695863485336304,0.13041363656520844,0.07216721773147583,1.0,1.0,0.10862910002470016,0.06602922827005386,0.0662640631198883,0.044516388326883316,0.0,0.0,0.0,0.0,0.0664677694439888,-0.1247926726937294,2.472489833831787,0.003974561113864183,0.003974561113864183,1571.54443359375,392.8851318359375,1623.1805419921875,0.13889255825490054,0.25,0.26753923296928406,1.0,0.0020633870735764503,1.9262315034866333,0.24999937415122986,50.62388610839844,3.191615343093872,0.0,0,0,3829,0.014606475830078125,3829,0,9787,9618,562,0.25,0.0,calibrated_soft_bce_hard_dice_v2,reference_norm_relative_v2,fullgeo_case01,9301001,GEO_PROB_GUIDED
1,13,0.421875,0.6593458151000688,0.3485960359806528,0.9715316295623779,0.9715316295623779,0.15833379328250885,0.8131978511810303,0.18680211901664734,0.07146057486534119,1.0,1.0,0.1591891348361969,0.06551297754049301,0.06587342172861099,0.044516388326883316,0.0,0.0,0.0,0.0,0.06647729128599167,-0.1340009719133377,2.447059154510498,0.004680391401052475,0.004680391401052475,1570.6959228515625,392.67315673828125,1625.151611328125,0.1648364537750172,0.25,0.3738993704319,1.0,0.0020633870735764503,2.2683050632476807,0.24999947845935822,50.67613220214844,3.3385772705078125,0.0,0,0,4480,0.01708984375,4480,0,9618,9332,737,0.25,0.0,calibrated_soft_bce_hard_dice_v2,reference_norm_relative_v2,fullgeo_case01,9301001,GEO_PROB_GUIDED
1,14,0.453125,0.7518398074789773,0.32934609489107236,0.9004327058792114,0.9004327058792114,0.15665437281131744,0.7437783479690552,0.2562216818332672,0.07045643776655197,1.0,1.0,0.22506862878799438,0.06476330757141113,0.0652749240398407,0.044516388326883316,0.0,0.0,0.0,0.0,0.0664135292172432,-0.14508846402168274,2.416172981262207,0.005180466454476118,0.005180466454476118,1570.260498046875,392.5643615722656,1626.590087890625,0.18795995186974432,0.25,0.47190383076667786,1.0,0.0020633870735764503,2.5106616020202637,0.2499995082616806,50.70954895019531,3.510896921157837,0.0,0,0,5371,0.020488739013671875,5371,0,9332,8840,906,0.25,0.0,calibrated_soft_bce_hard_dice_v2,reference_norm_relative_v2,fullgeo_case01,9301001,GEO_PROB_GUIDED
1,15,0.484375,0.8314696123025452,0.3098135348654836,0.8191720247268677,0.8191720247268677,0.15478137135505676,0.6643906235694885,0.3356093764305115,0.06907954812049866,1.0,1.0,0.30570346117019653,0.06362175196409225,0.06431639194488525,0.044516388326883316,0.0,0.0,0.0,0.0,0.06611380726099014,-0.1587127447128296,2.378570079803467,0.0055223614908754826,0.0055223614908754826,1570.4197998046875,392.604248046875,1627.8201904296875,0.2078674030756363,0.25,0.5563274621963501,1.0,0.0020633870735764503,2.6763575077056885,0.24999955296516418,50.73027420043945,3.759413242340088,0.0,0,0,6386,0.02436065673828125,6386,0,8840,8081,1044,0.25,0.0,calibrated_soft_bce_hard_dice_v2,reference_norm_relative_v2,fullgeo_case01,9301001,GEO_PROB_GUIDED
1,16,0.515625,0.8968727415326884,0.2901864651345164,0.7307376861572266,0.7307376861572266,0.15261635184288025,0.5781213045120239,0.42187872529029846,0.06725726276636124,1.0,1.0,0.3997838795185089,0.061894044280052185,0.0628085806965828,0.044516388326883316,0.0,0.0,0.0,0.0,0.06537236273288727,-0.17576642334461212,2.332566738128662,0.0057748607359826565,0.0057748607359826565,1570.2884521484375,392.5714416503906,1627.421875,0.2242181853831721,0.25,0.6275258660316467,1.0,0.0020633870735764503,2.7987287044525146,0.24999956786632538,50.70066452026367,3.983743906021118,0.0,0,0,7637,0.029132843017578125,7637,0,8081,7084,1182,0.25,0.0,calibrated_soft_bce_hard_dice_v2,reference_norm_relative_v2,fullgeo_case01,9301001,GEO_PROB_GUIDED
1,17,0.546875,0.9469301294951056,0.2706539051089276,0.6392750144004822,0.6392750144004822,0.15008848905563354,0.48918652534484863,0.5108134746551514,0.06485369801521301,1.0,1.0,0.5031324028968811,0.05932632088661194,0.06049139052629471,0.044516388326883316,0.0,0.0,0.0,0.0,0.06389497220516205,-0.19750601053237915,2.2758357524871826,0.00590667687356472,0.00590667687356472,1569.193115234375,392.2976379394531,1624.0579833984375,0.2367325323737764,0.25,0.6776734590530396,1.0,0.0020633870735764503,2.862612247467041,0.24999959766864777,50.57249069213867,4.26254940032959,0.0,0,0,8863,0.033809661865234375,8863,0,7084,5884,1283,0.25,0.0,calibrated_soft_bce_hard_dice_v2,reference_norm_relative_v2,fullgeo_case01,9301001,GEO_PROB_GUIDED
1,18,0.578125,0.9807852804032304,0.2514039640193472,0.5490725636482239,0.5490725636482239,0.14712786674499512,0.40194469690322876,0.5980553030967712,0.06177321821451187,1.0,1.0,0.6079886555671692,0.05566531792283058,0.057099342346191406,0.044516388326883316,0.0,0.0,0.0,0.0,0.06135106831789017,-0.2256164401769638,2.2051215171813965,0.0060777608305215836,0.0060777608305215836,1569.2115478515625,392.30224609375,1620.03466796875,0.2451963201008076,0.25,0.7222322225570679,1.0,0.0020633870735764503,2.945526361465454,0.24999959766864777,50.41786193847656,4.586917877197266,0.0,0,0,10301,0.039295196533203125,10301,0,5884,4554,1377,0.25,0.0,calibrated_soft_bce_hard_dice_v2,reference_norm_relative_v2,fullgeo_case01,9301001,GEO_PROB_GUIDED
1,19,0.609375,0.9978589232386035,0.232622029321556,0.4613250494003296,0.4613250494003296,0.14382481575012207,0.3175002336502075,0.6824997663497925,0.057925861328840256,1.0,1.0,0.7088180780410767,0.05076657980680466,0.052459415048360825,0.044516388326883316,0.0,0.0,0.0,0.0,0.057540714740753174,-0.26209864020347595,2.11564302444458,0.0062294830568134785,0.0062294830568134785,1568.096923828125,392.0236511230469,1612.958251953125,0.24946473080965087,0.25,0.7531482577323914,1.0,0.0020633870735764503,3.019057035446167,0.24999962747097015,50.165863037109375,4.903588771820068,0.0,0,0,11546,0.04404449462890625,11546,0,4554,3362,1440,0.25,0.0,calibrated_soft_bce_hard_dice_v2,reference_norm_relative_v2,fullgeo_case01,9301001,GEO_PROB_GUIDED
1,20,0.640625,0.9978589232386035,0.21448898131394362,0.37982314825057983,0.37982314825057983,0.14051979780197144,0.2393033504486084,0.7606966495513916,0.05336425453424454,1.0,1.0,0.7978771328926086,0.044625602662563324,0.04652901366353035,0.044516388326883316,0.0,0.0,0.0,0.0,0.05237974971532822,-0.3094584047794342,2.0006110668182373,0.006239443086087704,0.006239443086087704,1567.8349609375,391.9581298828125,1605.5421142578125,0.24946473080965087,0.25,0.7543524503707886,1.0,0.0020633870735764503,3.0238840579986572,0.24999961256980896,49.89455032348633,5.280402183532715,0.0,0,0,12978,0.04950714111328125,12978,0,3362,2430,1487,0.25,0.0,calibrated_soft_bce_hard_dice_v2,reference_norm_relative_v2,fullgeo_case01,9301001,GEO_PROB_GUIDED
1,21,0.671875,0.9807852804032304,0.19717945116135566,0.3072636127471924,0.3072636127471924,0.13768905401229858,0.1695745587348938,0.8304254412651062,0.0482722707092762,1.0,1.0,0.8683159947395325,0.037369538098573685,0.03938388079404831,0.044516388326883316,0.0,0.0,0.0,0.0,0.045923493802547455,-0.37061506509780884,1.85104238986969,0.006014943588525057,0.006014943588525057,1568.9805908203125,392.2445068359375,1600.2984619140625,0.2451963201008076,0.25,0.7147674560546875,1.0,0.0020633870735764503,2.9150824546813965,0.24999959766864777,49.6834716796875,5.6995978355407715,0.0,0,0,13905,0.053043365478515625,13905,0,2430,1753,1515,0.25,0.0,calibrated_soft_bce_hard_dice_v2,reference_norm_relative_v2,fullgeo_case01,9301001,GEO_PROB_GUIDED
1,22,0.703125,0.9469301294951057,0.18086013910151333,0.24422451853752136,0.24422451853752136,0.13606825470924377,0.10815626382827759,0.8918437361717224,0.0429304838180542,1.0,1.0,0.9206649661064148,0.02928180806338787,0.031249038875102997,0.044516388326883316,0.0,0.0,0.0,0.0,0.03845791518688202,-0.4485399127006531,1.656057596206665,0.005393606144934893,0.005393606144934893,1568.462890625,392.1150207519531,1595.9578857421875,0.23673253237377642,0.25,0.6188087463378906,1.0,0.0020633870735764503,2.613957405090332,0.24999955296516418,49.49007034301758,6.173900127410889,0.0,0,0,13651,0.052074432373046875,13651,0,1753,1553,1539,0.25,0.0,calibrated_soft_bce_hard_dice_v2,reference_norm_relative_v2,fullgeo_case01,9301001,GEO_PROB_GUIDED
1,23,0.734375,0.8968727415326884,0.16568820903059628,0.19513942301273346,0.19513942301273346,0.13678891956806183,0.05835050344467163,0.9416494965553284,0.03776582330465317,1.0,1.0,0.9569820165634155,0.020953960716724396,0.022692345082759857,0.044516388326883316,0.0,0.0,0.0,0.0,0.030589649453759193,-0.5442842245101929,1.4064713716506958,0.0041915797628462315,0.0041915797628462315,1568.0166015625,392.00323486328125,1594.558837890625,0.2242181853831721,0.25,0.4554784893989563,1.0,0.0020633870735764503,2.031407356262207,0.24999941885471344,49.38357925415039,6.654867172241211,0.0,0,0,12322,0.04700469970703125,12322,0,1553,1549,1549,0.25,0.0,calibrated_soft_bce_hard_dice_v2,reference_norm_relative_v2,fullgeo_case01,9301001,GEO_PROB_GUIDED
1,24,0.765625,0.8314696123025455,0.1518097749290082,0.16577625274658203,0.16577625274658203,0.1411588191986084,0.024617433547973633,0.9753825664520264,0.03340185806155205,1.0,1.0,0.9795465469360352,0.013210579752922058,0.014572924934327602,0.044516388326883316,0.0,0.0,0.0,0.0,0.023158269003033638,-0.6542907357215881,1.1027872562408447,0.0024635461159050465,0.0024635461159050465,1568.072998046875,389.16241455078125,1591.3350830078125,0.20786740307563636,0.24817977845668793,0.24817977845668793,0.0,0.0020633870735764503,1.193933129310608,0.24817876517772675,49.20001220703125,7.235639572143555,0.0,0,0,9903,0.037776947021484375,9903,0,1549,1555,1554,0.25,0.0,calibrated_soft_bce_hard_dice_v2,reference_norm_relative_v2,fullgeo_case01,9301001,GEO_PROB_GUIDED
1,25,0.796875,0.7518398074789774,0.139358493703871,0.15624219179153442,0.15624219179153442,0.148872971534729,0.00736922025680542,0.9926307797431946,0.030289459973573685,1.0,1.0,0.9905772805213928,0.007050187326967716,0.008048569783568382,0.044516388326883316,0.0,0.0,0.0,0.0,0.017174847424030304,-0.7664446830749512,0.7692477107048035,0.001796334283426404,0.001796334283426404,1569.7734375,256.8658447265625,1571.542236328125,0.18795995186974435,0.1636333465576172,0.1636333465576172,0.0,0.0020633870735764503,0.8705755472183228,0.16363243758678436,48.484310150146484,7.818696022033691,0.0,0,0,6581,0.025104522705078125,6581,0,1555,1562,1554,0.25,0.0,calibrated_soft_bce_hard_dice_v2,reference_norm_relative_v2,fullgeo_case01,9301001,GEO_PROB_GUIDED
1,26,0.828125,0.659345815100069,0.12845427799994558,0.1667589694261551,0.1667589694261551,0.16035158932209015,0.006407380104064941,0.9935926198959351,0.02863200567662716,1.0,1.0,0.9953118562698364,0.004275190643966198,0.005353549961000681,0.044516388326883316,0.0,0.0,0.0,0.0,0.014477155171334743,-0.8575493693351746,0.46719470620155334,0.004463910590857267,0.004463910590857267,1575.7659912109375,393.9406433105469,1596.5726318359375,0.16483645377501724,0.25,0.35660552978515625,1.0,0.0020633870735764503,2.1633899211883545,0.24999946355819702,49.164947509765625,8.491692543029785,0.0,0,0,3645,0.013904571533203125,3645,0,1562,1559,1554,0.25,0.0,calibrated_soft_bce_hard_dice_v2,reference_norm_relative_v2,fullgeo_case01,9301001,GEO_PROB_GUIDED
1,27,0.859375,0.5555702330196022,0.11920214137531127,0.18411651253700256,0.18411651253700256,0.180238276720047,0.0038782358169555664,0.9961217641830444,0.028267385438084602,1.0,1.0,0.997437059879303,0.0024858801625669003,0.003280473640188575,0.044516388326883316,0.0,0.0,0.0,0.0,0.012728141620755196,-0.9180276989936829,0.24467340111732483,0.004831103142350912,0.004831103142350912,1583.924072265625,395.980224609375,1605.2518310546875,0.13889255825490054,0.25,0.3251955509185791,1.0,0.0020633870735764503,2.341346025466919,0.2499994933605194,49.3095588684082,9.219891548156738,0.0,0,0,2195,0.008373260498046875,2195,0,1559,1576,1554,0.25,0.0,calibrated_soft_bce_hard_dice_v2,reference_norm_relative_v2,fullgeo_case01,9301001,GEO_PROB_GUIDED
1,28,0.890625,0.4422886902190013,0.11169118696339586,0.2061484307050705,0.2061484307050705,0.19927673041820526,0.006871700286865234,0.9931282997131348,0.02782115526497364,1.0,1.0,0.9984403252601624,0.001826070249080658,0.002657446078956127,0.044516388326883316,0.0,0.0,0.0,0.0,0.012085449881851673,-0.9477629065513611,0.12041626125574112,0.009214969351887703,0.009214969351887703,1596.682861328125,399.1702575683594,1620.926025390625,0.11057217255475033,0.25,0.4938090741634369,1.0,0.0020633870735764503,4.465943336486816,0.24999971687793732,49.67176055908203,9.926623344421387,0.0,0,0,1525,0.005817413330078125,1525,0,1576,1567,1554,0.25,0.0,calibrated_soft_bce_hard_dice_v2,reference_norm_relative_v2,fullgeo_case01,9301001,GEO_PROB_GUIDED
1,29,0.921875,0.32143946530316175,0.10599374936109118,0.22916240990161896,0.22916240990161896,0.22472180426120758,0.004440605640411377,0.9955593943595886,0.02803703583776951,1.0,1.0,0.9988126754760742,0.001191255054436624,0.0017558124382048845,0.044516388326883316,0.0,0.0,0.0,0.0,0.011461003683507442,-0.9616546630859375,0.061974216252565384,0.008386646397411823,0.008386646397411823,1616.97412109375,404.2430114746094,1640.8984375,0.08035986632579044,0.25,0.3266230523586273,1.0,0.0020633870735764503,4.064504623413086,0.24999967217445374,50.18110656738281,10.54978084564209,0.0,0,0,1178,0.00449371337890625,1178,0,1567,1564,1554,0.25,0.0,calibrated_soft_bce_hard_dice_v2,reference_norm_relative_v2,fullgeo_case01,9301001,GEO_PROB_GUIDED
1,30,0.953125,0.1950903220161286,0.10216469800704375,0.24773770570755005,0.24773770570755005,0.2443639636039734,0.00337374210357666,0.9966262578964233,0.028074419125914574,1.0,1.0,0.9989147186279297,0.0006798285758122802,0.00103074184153229,0.044516388326883316,0.0,0.0,0.0,0.0,0.010955894365906715,-0.9687029719352722,0.034791603684425354,0.009762235917150974,0.009762235917150974,1664.1519775390625,384.0050048828125,1689.7750244140625,0.04877258050403215,0.2307514101266861,0.2307514101266861,0.0,0.0020633870735764503,4.731170654296875,0.2307511568069458,51.58263397216797,11.298209190368652,0.0,0,0,1095,0.004177093505859375,1095,0,1564,1592,1554,0.25,0.0,calibrated_soft_bce_hard_dice_v2,reference_norm_relative_v2,fullgeo_case01,9301001,GEO_PROB_GUIDED
1,31,0.984375,0.06540312923014312,0.10024090875896552,0.26993328332901,0.26993328332901,0.26008927822113037,0.009844005107879639,0.9901559948921204,0.028332604095339775,1.0,1.0,0.9987432956695557,0.0008724858635105193,0.0012999792816117406,0.044516388326883316,0.0,0.0,0.0,0.0,0.01114480197429657,-0.9712787866592407,0.02377956360578537,0.02579513005912304,0.02579513005912304,1824.2100830078125,372.8809814453125,1846.7069091796875,0.01635078230753578,0.20440690219402313,0.20440690219402313,0.0,0.0020633870735764503,12.50135326385498,0.20440681278705597,56.29060745239258,12.718648910522461,0.0,0,0,1089,0.004154205322265625,1089,0,1592,1596,1552,0.25,0.0,calibrated_soft_bce_hard_dice_v2,reference_norm_relative_v2,fullgeo_case01,9301001,GEO_PROB_GUIDED
2,0,0.015625,0.0,0.49975909124103446,1.0717101097106934,1.0717101097106934,0.15874092280864716,0.912969172000885,0.08703082799911499,0.07155951857566833,1.0,1.0,0.06760884076356888,0.06657155603170395,0.06659488379955292,0.044516388326883316,0.0,0.0,0.0,0.0,0.06658224761486053,-0.08374451845884323,2.5781702995300293,0.0,0.0,1566.16064453125,0.0,1566.16064453125,0.0,0.0,0.0,0.0,0.0,0.0,0.0,48.853824615478516,2.945096731185913,1335.3045654296875,0,0,697,0.002658843994140625,697,0,10039,10027,105,0.25,0.0,calibrated_soft_bce_hard_dice_v2,reference_norm_relative_v2,fullgeo_case01,9301002,GEO_PROB_GUIDED
2,1,0.046875,0.0,0.4978353019929562,1.071817398071289,1.071817398071289,0.1587514579296112,0.9130659699440002,0.08693404495716095,0.07153823971748352,1.0,1.0,0.0675397738814354,0.06651536375284195,0.06653781980276108,0.044516388326883316,0.0,0.0,0.0,0.0,0.0665259063243866,-0.08421717584133148,2.5771913528442383,0.0,0.0,1565.037109375,0.0,1565.037109375,0.0,0.0,0.0,0.0,0.0,0.0,0.0,48.813270568847656,3.0330348014831543,0.0,0,0,853,0.003253936767578125,853,0,10027,10010,105,0.25,0.0,calibrated_soft_bce_hard_dice_v2,reference_norm_relative_v2,fullgeo_case01,9301002,GEO_PROB_GUIDED
2,2,0.078125,0.0,0.4940062506389088,1.0720226764678955,1.0720226764678955,0.1588030308485031,0.9132196307182312,0.0867803692817688,0.07153543084859848,1.0,1.0,0.06747205555438995,0.06646088510751724,0.06648197025060654,0.044516388326883316,0.0,0.0,0.0,0.0,0.06647129356861115,-0.08510061353445053,2.57521390914917,0.0,0.0,1565.5283203125,0.0,1565.5283203125,0.0,0.0,0.0,0.0,0.0,0.0,0.0,48.82735824584961,3.053814172744751,0.0,0,0,884,0.0033721923828125,884,0,10010,9976,104,0.25,0.0,calibrated_soft_bce_hard_dice_v2,reference_norm_relative_v2,fullgeo_case01,9301002,GEO_PROB_GUIDED
2,3,0.109375,0.0,0.4883088130366042,1.0723178386688232,1.0723178386688232,0.1588945835828781,0.9134232997894287,0.08657671511173248,0.07154998928308487,1.0,1.0,0.06741219758987427,0.06640718877315521,0.06642740964889526,0.044516388326883316,0.0,0.0,0.0,0.0,0.06641753017902374,-0.08641181886196136,2.5721890926361084,0.0,0.0,1564.5054931640625,0.0,1564.5054931640625,0.0,0.0,0.0,0.0,0.0,0.0,0.0,48.79417419433594,3.0722124576568604,0.0,0,0,1004,0.0038299560546875,1004,0,9976,9957,103,0.25,0.0,calibrated_soft_bce_hard_dice_v2,reference_norm_relative_v2,fullgeo_case01,9301002,GEO_PROB_GUIDED
2,4,0.140625,0.0,0.48079785862468866,1.0726906061172485,1.0726906061172485,0.15903249382972717,0.913658082485199,0.08634192496538162,0.07159088551998138,1.0,1.0,0.0673878863453865,0.06636806577444077,0.06638995558023453,0.044516388326883316,0.0,0.0,0.0,0.0,0.06637856364250183,-0.08815813809633255,2.5680415630340576,0.0,0.0,1565.2930908203125,0.0,1565.2930908203125,0.0,0.0,0.0,0.0,0.0,0.0,0.0,48.81837463378906,3.0795130729675293,0.0,0,0,1116,0.0042572021484375,1116,0,9957,9944,104,0.25,0.0,calibrated_soft_bce_hard_dice_v2,reference_norm_relative_v2,fullgeo_case01,9301002,GEO_PROB_GUIDED
2,5,0.171875,0.0,0.4715457220000544,1.0731322765350342,1.0731322765350342,0.1592196375131607,0.9139126539230347,0.08608736842870712,0.07166008651256561,1.0,1.0,0.06741417199373245,0.06634528189897537,0.06637268513441086,0.044516388326883316,0.0,0.0,0.0,0.0,0.06635628640651703,-0.0903707891702652,2.562666893005371,0.0,0.0,1566.30078125,0.0,1566.30078125,0.0,0.0,0.0,0.0,0.0,0.0,0.0,48.85160827636719,3.052744150161743,0.0,0,0,1387,0.005290985107421875,1387,0,9944,9941,103,0.25,0.0,calibrated_soft_bce_hard_dice_v2,reference_norm_relative_v2,fullgeo_case01,9301002,GEO_PROB_GUIDED
2,6,0.203125,0.0,0.460641506296129,1.073695421218872,1.073695421218872,0.15947312116622925,0.914222240447998,0.08577778190374374,0.07176779955625534,1.0,1.0,0.06747537851333618,0.06634683907032013,0.06638125330209732,0.044516388326883316,0.0,0.0,0.0,0.0,0.06635844707489014,-0.09308547526597977,2.555926561355591,0.0,0.0,1566.8826904296875,0.0,1566.8826904296875,0.0,0.0,0.0,0.0,0.0,0.0,0.0,48.87141418457031,3.0272774696350098,0.0,0,0,1425,0.005435943603515625,1425,0,9941,9930,104,0.25,0.0,calibrated_soft_bce_hard_dice_v2,reference_norm_relative_v2,fullgeo_case01,9301002,GEO_PROB_GUIDED
2,7,0.234375,0.0,0.4481902250709918,1.0744112730026245,1.0744112730026245,0.1597946584224701,0.9146166443824768,0.0853833556175232,0.07190510630607605,1.0,1.0,0.06754416227340698,0.06635578721761703,0.06639547646045685,0.044516388326883316,0.0,0.0,0.0,0.0,0.06636802852153778,-0.09637777507305145,2.547642230987549,0.0,0.0,1569.1336669921875,0.0,1569.1336669921875,0.0,0.0,0.0,0.0,0.0,0.0,0.0,48.946624755859375,2.949777126312256,0.0,0,0,1613,0.006153106689453125,1613,0,9930,9968,103,0.25,0.0,calibrated_soft_bce_hard_dice_v2,reference_norm_relative_v2,fullgeo_case01,9301002,GEO_PROB_GUIDED
2,8,0.265625,0.06540312923014306,0.43431179096940364,1.0752893686294556,1.0752893686294556,0.1601913571357727,0.9150980114936829,0.08490196615457535,0.07207249104976654,1.0,1.0,0.0676279067993164,0.06637030839920044,0.06641338020563126,0.044516388326883316,0.0,0.0,0.0,0.0,0.0663832575082779,-0.10032141208648682,2.537585496902466,0.0021159888710826635,0.0021159888710826635,1573.239501953125,25.723573684692383,1573.4708251953125,0.016350782307535765,0.01635078154504299,0.01635078154504299,0.0,0.0021159888710826635,1.0,0.016350703313946724,49.086185455322266,2.8861985206604004,0.0,0,0,1885,0.007190704345703125,1885,0,9968,9947,110,0.25,0.0,calibrated_soft_bce_hard_dice_v2,reference_norm_relative_v2,fullgeo_case01,9301002,GEO_PROB_GUIDED
2,9,0.296875,0.19509032201612825,0.4191398608984867,1.0744675397872925,1.0744675397872925,0.1605331003665924,0.9139344692230225,0.08606556057929993,0.07223304361104965,1.0,1.0,0.06911816447973251,0.06636594980955124,0.06641505658626556,0.044516388326883316,0.0,0.0,0.0,0.0,0.06639427691698074,-0.10501953959465027,2.52547287940979,0.0023275366984307766,0.0023275366984307766,1573.977783203125,84.4414291381836,1576.3397216796875,0.04877258050403206,0.053648658096790314,0.053648658096790314,0.0,0.0021159888710826635,1.099975824356079,0.05364842340350151,49.175636291503906,2.8921940326690674,0.0,0,0,2168,0.008270263671875,2168,0,9947,9926,144,0.25,0.0,calibrated_soft_bce_hard_dice_v2,reference_norm_relative_v2,fullgeo_case01,9301002,GEO_PROB_GUIDED
2,10,0.328125,0.3214394653031616,0.4028205488386443,1.0687166452407837,1.0687166452407837,0.1606152355670929,0.9081013798713684,0.09189864248037338,0.07231805473566055,1.0,1.0,0.0744992271065712,0.06629282981157303,0.066353939473629,0.044516388326883316,0.0,0.0,0.0,0.0,0.06637731194496155,-0.11061787605285645,2.510946273803711,0.0026877315249294043,0.0026877315249294043,1573.771484375,160.6392822265625,1582.3087158203125,0.0803598663257904,0.10207320004701614,0.10207320004701614,0.0,0.0021159888710826635,1.2702012062072754,0.1020728126168251,49.35666275024414,2.990030288696289,0.0,0,0,2446,0.00933074951171875,2446,0,9926,9891,226,0.25,0.0,calibrated_soft_bce_hard_dice_v2,reference_norm_relative_v2,fullgeo_case01,9301002,GEO_PROB_GUIDED
2,11,0.359375,0.4422886902190013,0.3855110186860564,1.0540217161178589,1.0540217161178589,0.16030465066432953,0.8937170505523682,0.10628296434879303,0.07227759808301926,1.0,1.0,0.0871478021144867,0.06613732129335403,0.06621811538934708,0.044516388326883316,0.0,0.0,0.0,0.0,0.06635361164808273,-0.11723824590444565,2.4935271739959717,0.00326358200982213,0.00326358200982213,1572.2978515625,268.1393127441406,1596.2109375,0.11057217255475033,0.17054028809070587,0.17054028809070587,0.0,0.0021159888710826635,1.5423436164855957,0.1705397665500641,49.785884857177734,3.0885188579559326,0.0,0,0,3146,0.01200103759765625,3146,0,9891,9818,401,0.25,0.0,calibrated_soft_bce_hard_dice_v2,reference_norm_relative_v2,fullgeo_case01,9301002,GEO_PROB_GUIDED
2,12,0.390625,0.5555702330196022,0.367377970678444,1.0218960046768188,1.0218960046768188,0.1593926101922989,0.8625033497810364,0.13749666512012482,0.07197435200214386,1.0,1.0,0.11446567624807358,0.06583105027675629,0.06594379246234894,0.044516388326883316,0.0,0.0,0.0,0.0,0.06633171439170837,-0.1250590831041336,2.4725565910339355,0.004028208553791046,0.004028208553791046,1570.3197021484375,392.5789794921875,1623.244384765625,0.13889255825490054,0.25,0.2644098103046417,1.0,0.0021159888710826635,1.9037002325057983,0.24999940395355225,50.62554168701172,3.197046995162964,0.0,0,0,3740,0.0142669677734375,3740,0,9818,9605,587,0.25,0.0,calibrated_soft_bce_hard_dice_v2,reference_norm_relative_v2,fullgeo_case01,9301002,GEO_PROB_GUIDED
2,13,0.421875,0.6593458151000688,0.3485960359806528,0.9620249271392822,0.9620249271392822,0.15775378048419952,0.8042711615562439,0.1957288235425949,0.07121390849351883,1.0,1.0,0.16671304404735565,0.06526915729045868,0.0654282420873642,0.044516388326883316,0.0,0.0,0.0,0.0,0.06631343811750412,-0.13433273136615753,2.447094678878784,0.004699543118476868,0.004699543118476868,1569.1783447265625,392.29376220703125,1624.6513671875,0.1648364537750172,0.25,0.3660964369773865,1.0,0.0021159888710826635,2.2209677696228027,0.24999947845935822,50.660133361816406,3.3436026573181152,0.0,0,0,4497,0.017154693603515625,4497,0,9605,9264,767,0.25,0.0,calibrated_soft_bce_hard_dice_v2,reference_norm_relative_v2,fullgeo_case01,9301002,GEO_PROB_GUIDED
2,14,0.453125,0.7518398074789773,0.32934609489107236,0.8897188305854797,0.8897188305854797,0.156000018119812,0.7337188124656677,0.2662811875343323,0.07014120370149612,1.0,1.0,0.23369130492210388,0.0644526407122612,0.06466460973024368,0.044516388326883316,0.0,0.0,0.0,0.0,0.06619482487440109,-0.14553220570087433,2.4161760807037354,0.005177719984203577,0.005177719984203577,1568.44970703125,392.1116943359375,1625.6182861328125,0.18795995186974432,0.25,0.4599286913871765,1.0,0.0021159888710826635,2.4469504356384277,0.249999538064003,50.67884063720703,3.5147318840026855,0.0,0,0,5246,0.02001190185546875,5246,0,9264,8691,915,0.25,0.0,calibrated_soft_bce_hard_dice_v2,reference_norm_relative_v2,fullgeo_case01,9301002,GEO_PROB_GUIDED
2,15,0.484375,0.8314696123025452,0.3098135348654836,0.8072824478149414,0.8072824478149414,0.15403452515602112,0.6532478928565979,0.3467521071434021,0.06867938488721848,1.0,1.0,0.31523215770721436,0.06321705132722855,0.063493512570858,0.044516388326883316,0.0,0.0,0.0,0.0,0.06581135094165802,-0.1593126356601715,2.3785316944122314,0.005498959682881832,0.005498959682881832,1568.3839111328125,392.0952453613281,1626.62939453125,0.2078674030756363,0.25,0.5401986837387085,1.0,0.0021159888710826635,2.5987658500671387,0.249999538064003,50.692874908447266,3.7605526447296143,0.0,0,0,6452,0.0246124267578125,6452,0,8691,7917,1083,0.25,0.0,calibrated_soft_bce_hard_dice_v2,reference_norm_relative_v2,fullgeo_case01,9301002,GEO_PROB_GUIDED
2,16,0.515625,0.8968727415326884,0.2901864651345164,0.71841961145401,0.71841961145401,0.1517655998468399,0.5666540265083313,0.4333459734916687,0.06674034148454666,1.0,1.0,0.4091569483280182,0.06136277690529823,0.061719607561826706,0.044516388326883316,0.0,0.0,0.0,0.0,0.06494305282831192,-0.17658470571041107,2.332465887069702,0.005681753158569336,0.005681753158569336,1568.1602783203125,392.0393981933594,1626.33740234375,0.2242181853831721,0.25,0.602060079574585,1.0,0.0021159888710826635,2.685152769088745,0.24999956786632538,50.66676712036133,3.982506036758423,0.0,0,0,7483,0.028545379638671875,7483,0,7917,6767,1195,0.25,0.0,calibrated_soft_bce_hard_dice_v2,reference_norm_relative_v2,fullgeo_case01,9301002,GEO_PROB_GUIDED
2,17,0.546875,0.9469301294951056,0.2706539051089276,0.6263517737388611,0.6263517737388611,0.1490723043680191,0.4772794842720032,0.5227205157279968,0.06417880952358246,1.0,1.0,0.5113840699195862,0.05861610546708107,0.05907269939780235,0.044516388326883316,0.0,0.0,0.0,0.0,0.06327701359987259,-0.19863536953926086,2.275658369064331,0.005829310975968838,0.005829310975968838,1566.9200439453125,391.7293701171875,1623.29443359375,0.2367325323737764,0.25,0.6521714329719543,1.0,0.0021159888710826635,2.754887342453003,0.24999959766864777,50.54869842529297,4.260791778564453,0.0,0,0,8813,0.033618927001953125,8813,0,6767,5435,1297,0.25,0.0,calibrated_soft_bce_hard_dice_v2,reference_norm_relative_v2,fullgeo_case01,9301002,GEO_PROB_GUIDED
2,18,0.578125,0.9807852804032304,0.2514039640193472,0.5348556041717529,0.5348556041717529,0.14594575762748718,0.38890987634658813,0.6110901236534119,0.06093581020832062,1.0,1.0,0.6153549551963806,0.0547587126493454,0.05533348768949509,0.044516388326883316,0.0,0.0,0.0,0.0,0.06052963063120842,-0.22707927227020264,2.2047603130340576,0.005925944074988365,0.005925944074988365,1566.9005126953125,391.7244873046875,1619.95947265625,0.2451963201008076,0.25,0.6866858601570129,1.0,0.0021159888710826635,2.800555467605591,0.24999959766864777,50.41558837890625,4.585965156555176,0.0,0,0,10314,0.03934478759765625,10314,0,5435,4095,1376,0.25,0.0,calibrated_soft_bce_hard_dice_v2,reference_norm_relative_v2,fullgeo_case01,9301002,GEO_PROB_GUIDED
2,19,0.609375,0.9978589232386035,0.232622029321556,0.4469091296195984,0.4469091296195984,0.14245428144931793,0.30445486307144165,0.6955451369285583,0.056924957782030106,1.0,1.0,0.7132008075714111,0.049619462341070175,0.050324250012636185,0.044516388326883316,0.0,0.0,0.0,0.0,0.05645052716135979,-0.26395535469055176,2.1149773597717285,0.005957364104688168,0.005957364104688168,1565.7537841796875,391.43780517578125,1613.939453125,0.24946473080965087,0.25,0.7023440599441528,1.0,0.0021159888710826635,2.815404176712036,0.24999959766864777,50.1966552734375,4.903719902038574,0.0,0,0,11755,0.044841766357421875,11755,0,4095,2930,1436,0.25,0.0,calibrated_soft_bce_hard_dice_v2,reference_norm_relative_v2,fullgeo_case01,9301002,GEO_PROB_GUIDED
2,20,0.640625,0.9978589232386035,0.21448898131394362,0.36477118730545044,0.36477118730545044,0.13892032206058502,0.2258508801460266,0.7741491198539734,0.05219567194581032,1.0,1.0,0.7986893057823181,0.04320622980594635,0.044036053121089935,0.044516388326883316,0.0,0.0,0.0,0.0,0.05098335072398186,-0.311767041683197,1.9995020627975464,0.005844352766871452,0.005844352766871452,1565.492431640625,391.3724365234375,1608.10498046875,0.24946473080965087,0.25,0.6890206336975098,1.0,0.0021159888710826635,2.761996030807495,0.24999956786632538,49.97490692138672,5.282131195068359,0.0,0,0,12783,0.048763275146484375,12783,0,2930,2082,1485,0.25,0.0,calibrated_soft_bce_hard_dice_v2,reference_norm_relative_v2,fullgeo_case01,9301002,GEO_PROB_GUIDED
2,21,0.671875,0.9807852804032304,0.19717945116135566,0.29075488448143005,0.29075488448143005,0.13592234253883362,0.15483254194259644,0.8451674580574036,0.04700864851474762,1.0,1.0,0.8679366111755371,0.03571512550115585,0.03663896769285202,0.044516388326883316,0.0,0.0,0.0,0.0,0.0442822091281414,-0.3732909560203552,1.8493387699127197,0.0055837081745266914,0.0055837081745266914,1566.637939453125,391.6588134765625,1605.2137451171875,0.2451963201008076,0.25,0.6470282673835754,1.0,0.0021159888710826635,2.638817310333252,0.24999956786632538,49.83749771118164,5.704671382904053,0.0,0,0,13536,0.0516357421875,13536,0,2082,1664,1520,0.25,0.0,calibrated_soft_bce_hard_dice_v2,reference_norm_relative_v2,fullgeo_case01,9301002,GEO_PROB_GUIDED
2,22,0.703125,0.9469301294951057,0.18086013910151333,0.22721600532531738,0.22721600532531738,0.1344212293624878,0.09279477596282959,0.9072052240371704,0.04178476706147194,1.0,1.0,0.924197793006897,0.02761154994368553,0.028572844341397285,0.044516388326883316,0.0,0.0,0.0,0.0,0.036841217428445816,-0.45095714926719666,1.6539229154586792,0.004702957812696695,0.004702957812696695,1566.2603759765625,391.56427001953125,1601.350341796875,0.23673253237377642,0.25,0.5261573791503906,1.0,0.0021159888710826635,2.222581624984741,0.24999947845935822,49.65885543823242,6.182189464569092,0.0,0,0,13577,0.051792144775390625,13577,0,1664,1546,1542,0.25,0.0,calibrated_soft_bce_hard_dice_v2,reference_norm_relative_v2,fullgeo_case01,9301002,GEO_PROB_GUIDED
2,23,0.734375,0.8968727415326884,0.16568820903059628,0.1820715069770813,0.1820715069770813,0.1354449987411499,0.046626508235931396,0.9533734917640686,0.03687219321727753,1.0,1.0,0.9603389501571655,0.019336819648742676,0.020244862884283066,0.044516388326883316,0.0,0.0,0.0,0.0,0.02902371622622013,-0.5462107062339783,1.4043962955474854,0.00334996753372252,0.00334996753372252,1566.2169189453125,391.55303955078125,1600.485107421875,0.2242181853831721,0.25,0.35497522354125977,1.0,0.0021159888710826635,1.5831687450408936,0.2499992400407791,49.568702697753906,6.66782808303833,0.0,0,0,12640,0.0482177734375,12640,0,1546,1550,1550,0.25,0.0,calibrated_soft_bce_hard_dice_v2,reference_norm_relative_v2,fullgeo_case01,9301002,GEO_PROB_GUIDED
2,24,0.765625,0.8314696123025455,0.1518097749290082,0.15815386176109314,0.15815386176109314,0.1399851143360138,0.018168747425079346,0.9818312525749207,0.032820116728544235,1.0,1.0,0.9805080890655518,0.011874599382281303,0.012674812227487564,0.044516388326883316,0.0,0.0,0.0,0.0,0.021845942363142967,-0.6553028225898743,1.101754069328308,0.00197149277664721,0.00197149277664721,1567.2291259765625,303.52783203125,1583.896240234375,0.20786740307563636,0.19367261230945587,0.19367261230945587,0.0,0.0021159888710826635,0.93171226978302,0.19367164373397827,48.962486267089844,7.252846717834473,0.0,0,0,10235,0.039043426513671875,10235,0,1550,1553,1553,0.25,0.0,calibrated_soft_bce_hard_dice_v2,reference_norm_relative_v2,fullgeo_case01,9301002,GEO_PROB_GUIDED
2,25,0.796875,0.7518398074789774,0.139358493703871,0.15563856065273285,0.15563856065273285,0.14800594747066498,0.007632613182067871,0.9923673868179321,0.030111242085695267,1.0,1.0,0.9906739592552185,0.006821181159466505,0.007634907029569149,0.044516388326883316,0.0,0.0,0.0,0.0,0.01694919355213642,-0.7648000121116638,0.7732637524604797,0.001543729449622333,0.001543729449622333,1570.916748046875,215.41375732421875,1564.353759765625,0.18795995186974435,0.13712704181671143,0.13712704181671143,0.0,0.0021159888710826635,0.7295545935630798,0.1371261477470398,48.25320816040039,7.840551376342773,0.0,0,0,6689,0.025516510009765625,6689,0,1553,1560,1554,0.25,0.0,calibrated_soft_bce_hard_dice_v2,reference_norm_relative_v2,fullgeo_case01,9301002,GEO_PROB_GUIDED
2,26,0.828125,0.659345815100069,0.12845427799994558,0.16544955968856812,0.16544955968856812,0.16058844327926636,0.004861116409301758,0.9951388835906982,0.028679637238383293,1.0,1.0,0.9952371120452881,0.0039344122633337975,0.004733520094305277,0.044516388326883316,0.0,0.0,0.0,0.0,0.014139113947749138,-0.8568532466888428,0.46997979283332825,0.003151184879243374,0.003151184879243374,1577.63330078125,387.2740783691406,1593.5550537109375,0.16483645377501724,0.24547867476940155,0.24547867476940155,0.0,0.0021159888710826635,1.4892256259918213,0.24547788500785828,49.06583023071289,8.511434555053711,0.0,0,0,3906,0.01490020751953125,3906,0,1560,1574,1554,0.25,0.0,calibrated_soft_bce_hard_dice_v2,reference_norm_relative_v2,fullgeo_case01,9301002,GEO_PROB_GUIDED
2,27,0.859375,0.5555702330196022,0.11920214137531127,0.18311427533626556,0.18311427533626556,0.17702297866344452,0.006091296672821045,0.993908703327179,0.027960332110524178,1.0,1.0,0.9972743391990662,0.0024391962215304375,0.003245588857680559,0.044516388326883316,0.0,0.0,0.0,0.0,0.012680262327194214,-0.9175401926040649,0.24623385071754456,0.007573406677693129,0.007573406677693129,1587.1375732421875,396.78387451171875,1613.3851318359375,0.13889255825490054,0.25,0.49711501598358154,1.0,0.0021159888710826635,3.5791335105895996,0.24999967217445374,49.56603240966797,9.231042861938477,0.0,0,0,2285,0.008716583251953125,2285,0,1574,1559,1554,0.25,0.0,calibrated_soft_bce_hard_dice_v2,reference_norm_relative_v2,fullgeo_case01,9301002,GEO_PROB_GUIDED
2,28,0.890625,0.4422886902190013,0.11169118696339586,0.20563846826553345,0.20563846826553345,0.20067161321640015,0.004966855049133301,0.9950331449508667,0.027827560901641846,1.0,1.0,0.9982766509056091,0.0016617022920399904,0.0023504102136939764,0.044516388326883316,0.0,0.0,0.0,0.0,0.011921090073883533,-0.9483854174613953,0.11925115436315536,0.005738382693380117,0.005738382693380117,1598.9644775390625,399.7404479980469,1614.79296875,0.11057217255475033,0.25,0.2998623549938202,1.0,0.0021159888710826635,2.7119152545928955,0.24999958276748657,49.475311279296875,9.931550979614258,0.0,0,0,1459,0.005565643310546875,1459,0,1559,1581,1554,0.25,0.0,calibrated_soft_bce_hard_dice_v2,reference_norm_relative_v2,fullgeo_case01,9301002,GEO_PROB_GUIDED
2,29,0.921875,0.32143946530316175,0.10599374936109118,0.22891871631145477,0.22891871631145477,0.22364459931850433,0.0052741169929504395,0.9947258830070496,0.027985118329524994,1.0,1.0,0.9986532926559448,0.000909110065549612,0.0013287594774737954,0.044516388326883316,0.0,0.0,0.0,0.0,0.011180123314261436,-0.9627009034156799,0.059177011251449585,0.010615912266075611,0.010615912266075611,1620.4761962890625,405.1186218261719,1650.6072998046875,0.08035986632579044,0.25,0.4031653106212616,1.0,0.0021159888710826635,5.016998291015625,0.2499997317790985,50.49271011352539,10.542081832885742,0.0,0,0,1234,0.00470733642578125,1234,0,1581,1567,1554,0.25,0.0,calibrated_soft_bce_hard_dice_v2,reference_norm_relative_v2,fullgeo_case01,9301002,GEO_PROB_GUIDED
2,30,0.953125,0.1950903220161286,0.10216469800704375,0.24851076304912567,0.24851076304912567,0.24482391774654388,0.003686845302581787,0.9963131546974182,0.028093978762626648,1.0,1.0,0.9985755681991577,0.0006687408895231783,0.0009684244869276881,0.044516388326883316,0.0,0.0,0.0,0.0,0.010941427201032639,-0.9688789248466492,0.03402237594127655,0.0089222127571702,0.0089222127571702,1665.938232421875,342.604736328125,1680.48681640625,0.04877258050403215,0.20565295219421387,0.20565295219421387,0.0,0.0021159888710826635,4.216568946838379,0.20565272867679596,51.287628173828125,11.288338661193848,0.0,0,0,1023,0.003902435302734375,1023,0,1567,1586,1554,0.25,0.0,calibrated_soft_bce_hard_dice_v2,reference_norm_relative_v2,fullgeo_case01,9301002,GEO_PROB_GUIDED
2,31,0.984375,0.06540312923014312,0.10024090875896552,0.26762479543685913,0.26762479543685913,0.26015371084213257,0.0074710845947265625,0.9925289154052734,0.028116052970290184,1.0,1.0,0.9985145330429077,0.0005942950374446809,0.0009280192316509783,0.044516388326883316,0.0,0.0,0.0,0.0,0.010867120698094368,-0.9719569087028503,0.022518625482916832,0.020635196939110756,0.020635196939110756,1826.932373046875,291.3104248046875,1840.7462158203125,0.01635078230753578,0.1594533920288086,0.1594533920288086,0.0,0.0021159888710826635,9.752035140991211,0.15945331752300262,56.10142135620117,12.710725784301758,0.0,0,0,974,0.00371551513671875,974,0,1586,1589,1553,0.25,0.0,calibrated_soft_bce_hard_dice_v2,reference_norm_relative_v2,fullgeo_case01,9301002,GEO_PROB_GUIDED
3,0,0.015625,0.0,0.49975909124103446,1.074618935585022,1.074618935585022,0.15901191532611847,0.9156069755554199,0.08439305424690247,0.07157082110643387,1.0,1.0,0.06563831865787506,0.06669045239686966,0.06672944128513336,0.044516388326883316,0.0,0.0,0.0,0.0,0.06667961180210114,-0.08363823592662811,2.578094720840454,0.0,0.0,1565.884033203125,0.0,1565.884033203125,0.0,0.0,0.0,0.0,0.0,0.0,0.0,48.84601974487305,2.9309914112091064,1335.9208984375,0,0,763,0.002910614013671875,763,0,10010,9981,96,0.25,0.0,calibrated_soft_bce_hard_dice_v2,reference_norm_relative_v2,fullgeo_case01,9301003,GEO_PROB_GUIDED
3,1,0.046875,0.0,0.4978353019929562,1.0747344493865967,1.0747344493865967,0.15902335941791534,0.9157111048698425,0.08428890258073807,0.07154915481805801,1.0,1.0,0.06556349992752075,0.06663410365581512,0.0666729137301445,0.044516388326883316,0.0,0.0,0.0,0.0,0.06662307679653168,-0.08411197364330292,2.5771145820617676,0.0,0.0,1564.9820556640625,0.0,1564.9820556640625,0.0,0.0,0.0,0.0,0.0,0.0,0.0,48.81243133544922,3.0188236236572266,0.0,0,0,811,0.003093719482421875,811,0,9981,9939,95,0.25,0.0,calibrated_soft_bce_hard_dice_v2,reference_norm_relative_v2,fullgeo_case01,9301003,GEO_PROB_GUIDED
3,2,0.078125,0.0,0.4940062506389088,1.0749595165252686,1.0749595165252686,0.15907609462738037,0.9158834218978882,0.08411657065153122,0.07154469937086105,1.0,1.0,0.06547882407903671,0.0665777400135994,0.06661603599786758,0.044516388326883316,0.0,0.0,0.0,0.0,0.06656642258167267,-0.0849992036819458,2.575134754180908,0.0,0.0,1566.161865234375,0.0,1566.161865234375,0.0,0.0,0.0,0.0,0.0,0.0,0.0,48.847957611083984,3.0415232181549072,0.0,0,0,949,0.003620147705078125,949,0,9939,9896,95,0.25,0.0,calibrated_soft_bce_hard_dice_v2,reference_norm_relative_v2,fullgeo_case01,9301003,GEO_PROB_GUIDED
3,3,0.109375,0.0,0.4883088130366042,1.075294017791748,1.075294017791748,0.1591692864894867,0.916124701499939,0.08387532830238342,0.07155515998601913,1.0,1.0,0.06538283079862595,0.06651762872934341,0.06655534356832504,0.044516388326883316,0.0,0.0,0.0,0.0,0.06650595366954803,-0.08632086962461472,2.572106122970581,0.0,0.0,1566.43408203125,0.0,1566.43408203125,0.0,0.0,0.0,0.0,0.0,0.0,0.0,48.85538101196289,3.0591909885406494,0.0,0,0,1000,0.003814697265625,1000,0,9896,9846,93,0.25,0.0,calibrated_soft_bce_hard_dice_v2,reference_norm_relative_v2,fullgeo_case01,9301003,GEO_PROB_GUIDED
3,4,0.140625,0.0,0.48079785862468866,1.0757535696029663,1.0757535696029663,0.1593109518289566,0.9164426326751709,0.08355738967657089,0.07158643007278442,1.0,1.0,0.06527693569660187,0.06646064668893814,0.06649798899888992,0.044516388326883316,0.0,0.0,0.0,0.0,0.06644846498966217,-0.08809218555688858,2.567953586578369,0.0,0.0,1568.126953125,0.0,1568.126953125,0.0,0.0,0.0,0.0,0.0,0.0,0.0,48.90791320800781,3.0666873455047607,0.0,0,0,1115,0.004253387451171875,1115,0,9846,9818,93,0.25,0.0,calibrated_soft_bce_hard_dice_v2,reference_norm_relative_v2,fullgeo_case01,9301003,GEO_PROB_GUIDED
3,5,0.171875,0.0,0.4715457220000544,1.0763444900512695,1.0763444900512695,0.15950262546539307,0.9168418049812317,0.08315817266702652,0.07163675129413605,1.0,1.0,0.06515917181968689,0.0664033442735672,0.06644139438867569,0.044516388326883316,0.0,0.0,0.0,0.0,0.06639054417610168,-0.0903509184718132,2.5625720024108887,0.0,0.0,1569.3646240234375,0.0,1569.3646240234375,0.0,0.0,0.0,0.0,0.0,0.0,0.0,48.948219299316406,3.041861057281494,0.0,0,0,1360,0.00518798828125,1360,0,9818,9790,93,0.25,0.0,calibrated_soft_bce_hard_dice_v2,reference_norm_relative_v2,fullgeo_case01,9301003,GEO_PROB_GUIDED
3,6,0.203125,0.0,0.460641506296129,1.077089786529541,1.077089786529541,0.15975429117679596,0.9173354506492615,0.08266456425189972,0.07171104103326797,1.0,1.0,0.06502661854028702,0.0663491040468216,0.06638746708631516,0.044516388326883316,0.0,0.0,0.0,0.0,0.06633549183607101,-0.09313695877790451,2.5558228492736816,0.0,0.0,1569.82666015625,0.0,1569.82666015625,0.0,0.0,0.0,0.0,0.0,0.0,0.0,48.964054107666016,3.0197203159332275,0.0,0,0,1446,0.00551605224609375,1446,0,9790,9772,93,0.25,0.0,calibrated_soft_bce_hard_dice_v2,reference_norm_relative_v2,fullgeo_case01,9301003,GEO_PROB_GUIDED
3,7,0.234375,0.0,0.4481902250709918,1.0780189037322998,1.0780189037322998,0.16006894409656525,0.917949914932251,0.08205007016658783,0.07180319726467133,1.0,1.0,0.06485629081726074,0.06628558784723282,0.06632301211357117,0.044516388326883316,0.0,0.0,0.0,0.0,0.06627088040113449,-0.09652290493249893,2.5475268363952637,0.0,0.0,1571.8828125,0.0,1571.8828125,0.0,0.0,0.0,0.0,0.0,0.0,0.0,49.03308868408203,2.9431986808776855,0.0,0,0,1569,0.005985260009765625,1569,0,9772,9708,91,0.25,0.0,calibrated_soft_bce_hard_dice_v2,reference_norm_relative_v2,fullgeo_case01,9301003,GEO_PROB_GUIDED
3,8,0.265625,0.06540312923014306,0.43431179096940364,1.0791584253311157,1.0791584253311157,0.16045446693897247,0.9187039136886597,0.08129609376192093,0.07191243767738342,1.0,1.0,0.06463820487260818,0.06620833277702332,0.06624304503202438,0.044516388326883316,0.0,0.0,0.0,0.0,0.06619217246770859,-0.10058420151472092,2.5374555587768555,0.0020271348766982555,0.0020271348766982555,1575.7994384765625,25.765426635742188,1575.9803466796875,0.016350782307535765,0.01635078154504299,0.01635078154504299,0.0,0.0020271348766982555,1.0,0.016350701451301575,49.16518783569336,2.8785207271575928,0.0,0,0,1881,0.007175445556640625,1881,0,9708,9635,99,0.25,0.0,calibrated_soft_bce_hard_dice_v2,reference_norm_relative_v2,fullgeo_case01,9301003,GEO_PROB_GUIDED
3,9,0.296875,0.19509032201612825,0.4191398608984867,1.0787508487701416,1.0787508487701416,0.16078194975852966,0.9179689288139343,0.08203104883432388,0.07200130075216293,1.0,1.0,0.06567084789276123,0.0660908967256546,0.06612391769886017,0.044516388326883316,0.0,0.0,0.0,0.0,0.06608656793832779,-0.10542990267276764,2.525324821472168,0.002223342191427946,0.002223342191427946,1576.3232421875,84.32234191894531,1578.487548828125,0.04877258050403206,0.05349329859018326,0.05349329859018326,0.0,0.0020271348766982555,1.0967904329299927,0.05349305272102356,49.24339294433594,2.883369207382202,0.0,0,0,2225,0.008487701416015625,2225,0,9635,9554,132,0.25,0.0,calibrated_soft_bce_hard_dice_v2,reference_norm_relative_v2,fullgeo_case01,9301003,GEO_PROB_GUIDED
3,10,0.328125,0.3214394653031616,0.4028205488386443,1.073750615119934,1.073750615119934,0.1608457863330841,0.9129047989845276,0.08709520846605301,0.07200274616479874,1.0,1.0,0.07026390731334686,0.06588531285524368,0.06592129170894623,0.044516388326883316,0.0,0.0,0.0,0.0,0.06593038886785507,-0.11120761930942535,2.5107741355895996,0.002560850465670228,0.002560850465670228,1576.17724609375,160.00889587402344,1584.151611328125,0.0803598663257904,0.10151746869087219,0.10151746869087219,0.0,0.0020271348766982555,1.2632856369018555,0.10151706635951996,49.41487503051758,2.981466054916382,0.0,0,0,2669,0.010181427001953125,2669,0,9554,9438,206,0.25,0.0,calibrated_soft_bce_hard_dice_v2,reference_norm_relative_v2,fullgeo_case01,9301003,GEO_PROB_GUIDED
3,11,0.359375,0.4422886902190013,0.3855110186860564,1.0604864358901978,1.0604864358901978,0.1605105847120285,0.8999758958816528,0.10002411901950836,0.07186004519462585,1.0,1.0,0.0814245343208313,0.06556228548288345,0.06560827046632767,0.044516388326883316,0.0,0.0,0.0,0.0,0.06572557985782623,-0.11807016283273697,2.4933273792266846,0.0031190768349915743,0.0031190768349915743,1574.8134765625,267.92730712890625,1597.7750244140625,0.11057217255475033,0.17013327777385712,0.17013327777385712,0.0,0.0020271348766982555,1.5386626720428467,0.17013272643089294,49.83543395996094,3.0791800022125244,0.0,0,0,3130,0.01194000244140625,3130,0,9438,9237,326,0.25,0.0,calibrated_soft_bce_hard_dice_v2,reference_norm_relative_v2,fullgeo_case01,9301003,GEO_PROB_GUIDED
3,12,0.390625,0.5555702330196022,0.367377970678444,1.0304827690124512,1.0304827690124512,0.1595480740070343,0.8709347248077393,0.12906529009342194,0.07143621146678925,1.0,1.0,0.10631806403398514,0.06504981219768524,0.06511664390563965,0.044516388326883316,0.0,0.0,0.0,0.0,0.06547464430332184,-0.12620486319065094,2.4723284244537354,0.003884735982865095,0.003884735982865095,1573.0108642578125,393.251708984375,1625.65869140625,0.13889255825490054,0.25,0.2661692202091217,1.0,0.0020271348766982555,1.916367769241333,0.24999935925006866,50.70178985595703,3.1866233348846436,0.0,0,0,3851,0.014690399169921875,3851,0,9237,8982,532,0.25,0.0,calibrated_soft_bce_hard_dice_v2,reference_norm_relative_v2,fullgeo_case01,9301003,GEO_PROB_GUIDED
3,13,0.421875,0.6593458151000688,0.3485960359806528,0.9729467034339905,0.9729467034339905,0.15776652097702026,0.8151801824569702,0.18481981754302979,0.07053686678409576,1.0,1.0,0.15502314269542694,0.06423964351415634,0.0643429234623909,0.044516388326883316,0.0,0.0,0.0,0.0,0.06517419219017029,-0.13586992025375366,2.4468562602996826,0.004635864403098822,0.004635864403098822,1572.147705078125,393.03607177734375,1628.0147705078125,0.1648364537750172,0.25,0.3769652843475342,1.0,0.0020271348766982555,2.286904811859131,0.24999946355819702,50.76618957519531,3.332601308822632,0.0,0,0,4627,0.017650604248046875,4627,0,8982,8577,723,0.25,0.0,calibrated_soft_bce_hard_dice_v2,reference_norm_relative_v2,fullgeo_case01,9301003,GEO_PROB_GUIDED
3,14,0.453125,0.7518398074789773,0.32934609489107236,0.9002087116241455,0.9002087116241455,0.15579162538051605,0.7444170713424683,0.25558292865753174,0.06927919387817383,1.0,1.0,0.21964523196220398,0.0631306990981102,0.06327415257692337,0.044516388326883316,0.0,0.0,0.0,0.0,0.06474189460277557,-0.14751452207565308,2.4158992767333984,0.005289226304739714,0.005289226304739714,1571.820068359375,392.9542541503906,1630.4193115234375,0.18795995186974432,0.25,0.49042752385139465,1.0,0.0020271348766982555,2.609212875366211,0.2499995082616806,50.83003616333008,3.503145217895508,0.0,0,0,5392,0.02056884765625,5392,0,8577,8004,895,0.25,0.0,calibrated_soft_bce_hard_dice_v2,reference_norm_relative_v2,fullgeo_case01,9301003,GEO_PROB_GUIDED
3,15,0.484375,0.8314696123025452,0.3098135348654836,0.814039409160614,0.814039409160614,0.1535804122686386,0.6604589819908142,0.3395410180091858,0.06758444011211395,1.0,1.0,0.3007165193557739,0.06156593933701515,0.06175677850842476,0.044516388326883316,0.0,0.0,0.0,0.0,0.0640278086066246,-0.16179914772510529,2.3781025409698486,0.00572280352935195,0.00572280352935195,1571.9423828125,392.9849548339844,1632.83154296875,0.2078674030756363,0.25,0.5868303775787354,1.0,0.0020271348766982555,2.8230996131896973,0.24999959766864777,50.888038635253906,3.749544858932495,0.0,0,0,6640,0.02532958984375,6640,0,8004,7101,1048,0.25,0.0,calibrated_soft_bce_hard_dice_v2,reference_norm_relative_v2,fullgeo_case01,9301003,GEO_PROB_GUIDED
3,16,0.515625,0.8968727415326884,0.2901864651345164,0.7184790372848511,0.7184790372848511,0.15105126798152924,0.5674277544021606,0.43257227540016174,0.06535419821739197,1.0,1.0,0.3961677849292755,0.059328775852918625,0.05957677960395813,0.044516388326883316,0.0,0.0,0.0,0.0,0.06279627978801727,-0.17968830466270447,2.331691265106201,0.005898003000766039,0.005898003000766039,1571.614013671875,392.90283203125,1634.0699462890625,0.2242181853831721,0.25,0.6523687839508057,1.0,0.0020271348766982555,2.9095265865325928,0.24999956786632538,50.910160064697266,3.96964693069458,0.0,0,0,7896,0.030120849609375,7896,0,7101,5870,1178,0.25,0.0,calibrated_soft_bce_hard_dice_v2,reference_norm_relative_v2,fullgeo_case01,9301003,GEO_PROB_GUIDED
3,17,0.546875,0.9469301294951056,0.2706539051089276,0.6187907457351685,0.6187907457351685,0.14808587729930878,0.4707048535346985,0.5292951464653015,0.06249416992068291,1.0,1.0,0.5001158714294434,0.05612953007221222,0.056446898728609085,0.044516388326883316,0.0,0.0,0.0,0.0,0.060700032860040665,-0.2025602161884308,2.2742655277252197,0.0059121777303516865,0.0059121777303516865,1570.2886962890625,392.5715026855469,1633.2596435546875,0.2367325323737764,0.25,0.6904349327087402,1.0,0.0020271348766982555,2.9165191650390625,0.24999956786632538,50.8623161315918,4.2475104331970215,0.0,0,0,9484,0.0361785888671875,9484,0,5870,4416,1268,0.25,0.0,calibrated_soft_bce_hard_dice_v2,reference_norm_relative_v2,fullgeo_case01,9301003,GEO_PROB_GUIDED
3,18,0.578125,0.9807852804032304,0.2514039640193472,0.5188479423522949,0.5188479423522949,0.1446077674627304,0.3742401599884033,0.6257598400115967,0.058873917907476425,1.0,1.0,0.6051937937736511,0.051712363958358765,0.0521094836294651,0.044516388326883316,0.0,0.0,0.0,0.0,0.05741003155708313,-0.232182577252388,2.202338457107544,0.0058637987822294235,0.0058637987822294235,1569.9293212890625,392.481689453125,1632.42578125,0.2451963201008076,0.25,0.7092679738998413,1.0,0.0020271348766982555,2.892653465270996,0.24999959766864777,50.808109283447266,4.570904731750488,0.0,0,0,10808,0.041229248046875,10808,0,4416,3005,1366,0.25,0.0,calibrated_soft_bce_hard_dice_v2,reference_norm_relative_v2,fullgeo_case01,9301003,GEO_PROB_GUIDED
3,19,0.609375,0.9978589232386035,0.232622029321556,0.4213855266571045,0.4213855266571045,0.14074558019638062,0.2806399464607239,0.7193600535392761,0.05447139963507652,1.0,1.0,0.7048935890197754,0.045961685478687286,0.04644342511892319,0.044516388326883316,0.0,0.0,0.0,0.0,0.05274488404393196,-0.2706618010997772,2.1107654571533203,0.005730426870286465,0.005730426870286465,1568.3189697265625,392.0791015625,1629.5203857421875,0.24946473080965087,0.25,0.7052019238471985,1.0,0.0020271348766982555,2.826860189437866,0.24999959766864777,50.687347412109375,4.888245105743408,0.0,0,0,11724,0.0447235107421875,11724,0,3005,2085,1442,0.25,0.0,calibrated_soft_bce_hard_dice_v2,reference_norm_relative_v2,fullgeo_case01,9301003,GEO_PROB_GUIDED
3,20,0.640625,0.9978589232386035,0.21448898131394362,0.32926803827285767,0.32926803827285767,0.13696692883968353,0.19230109453201294,0.8076989054679871,0.049410056322813034,1.0,1.0,0.7959429621696472,0.03901629522442818,0.03957805037498474,0.044516388326883316,0.0,0.0,0.0,0.0,0.04680828005075455,-0.3203447461128235,1.9922212362289429,0.005440195556730032,0.005440195556730032,1567.39892578125,391.8489990234375,1626.7733154296875,0.24946473080965087,0.25,0.6694852709770203,1.0,0.0020271348766982555,2.6836869716644287,0.249999538064003,50.562747955322266,5.270201683044434,0.0,0,0,12795,0.048809051513671875,12795,0,2085,1676,1498,0.25,0.0,calibrated_soft_bce_hard_dice_v2,reference_norm_relative_v2,fullgeo_case01,9301003,GEO_PROB_GUIDED
3,21,0.671875,0.9807852804032304,0.19717945116135566,0.25044843554496765,0.25044843554496765,0.1342170536518097,0.11623138189315796,0.883768618106842,0.04418681189417839,1.0,1.0,0.8755549788475037,0.03128138929605484,0.03190617263317108,0.044516388326883316,0.0,0.0,0.0,0.0,0.039972539991140366,-0.3837396800518036,1.8371461629867554,0.00440199114382267,0.00440199114382267,1567.8094482421875,391.95147705078125,1624.8658447265625,0.2451963201008076,0.25,0.5324519872665405,1.0,0.0020271348766982555,2.1715333461761475,0.24999943375587463,50.456661224365234,5.695148468017578,0.0,0,0,13724,0.0523529052734375,13724,0,1676,1537,1527,0.25,0.0,calibrated_soft_bce_hard_dice_v2,reference_norm_relative_v2,fullgeo_case01,9301003,GEO_PROB_GUIDED
3,22,0.703125,0.9469301294951057,0.18086013910151333,0.19385090470314026,0.19385090470314026,0.1332380473613739,0.06061285734176636,0.9393871426582336,0.03914271667599678,1.0,1.0,0.9299412369728088,0.023012252524495125,0.023669179528951645,0.044516388326883316,0.0,0.0,0.0,0.0,0.0323483906686306,-0.4641117453575134,1.6344367265701294,0.0031460372265428305,0.0031460372265428305,1566.4661865234375,391.6153259277344,1622.864501953125,0.23673253237377642,0.25,0.36739999055862427,1.0,0.0020271348766982555,1.5519624948501587,0.24999922513961792,50.336971282958984,6.176668643951416,0.0,0,0,13747,0.052440643310546875,13747,0,1537,1544,1544,0.25,0.0,calibrated_soft_bce_hard_dice_v2,reference_norm_relative_v2,fullgeo_case01,9301003,GEO_PROB_GUIDED
3,23,0.734375,0.8968727415326884,0.16568820903059628,0.16031242907047272,0.16031242907047272,0.13503606617450714,0.025276362895965576,0.9747236371040344,0.03474069759249687,1.0,1.0,0.9644659161567688,0.015207173302769661,0.01587345078587532,0.044516388326883316,0.0,0.0,0.0,0.0,0.024979067966341972,-0.5615209341049194,1.3760287761688232,0.0019005660433322191,0.0019005660433322191,1565.881591796875,329.17572021484375,1605.3057861328125,0.2242181853831721,0.210218608379364,0.210218608379364,0.0,0.0020271348766982555,0.9375627040863037,0.21021750569343567,49.720401763916016,6.670080661773682,0.0,0,0,12757,0.048664093017578125,12757,0,1544,1551,1551,0.25,0.0,calibrated_soft_bce_hard_dice_v2,reference_norm_relative_v2,fullgeo_case01,9301003,GEO_PROB_GUIDED
3,24,0.765625,0.8314696123025455,0.1518097749290082,0.14955832064151764,0.14955832064151764,0.1400311142206192,0.009527206420898438,0.9904727935791016,0.03145187720656395,1.0,1.0,0.9825499057769775,0.009171698242425919,0.009881161153316498,0.044516388326883316,0.0,0.0,0.0,0.0,0.019191883504390717,-0.6705799698829651,1.0675525665283203,0.0013857802841812372,0.0013857802841812372,1567.0848388671875,222.68321228027344,1575.0595703125,0.20786740307563636,0.14210131764411926,0.14210131764411926,0.0,0.0020271348766982555,0.6836152076721191,0.1421002894639969,48.68240737915039,7.258908271789551,0.0,0,0,10041,0.038303375244140625,10041,0,1551,1555,1554,0.25,0.0,calibrated_soft_bce_hard_dice_v2,reference_norm_relative_v2,fullgeo_case01,9301003,GEO_PROB_GUIDED
3,25,0.796875,0.7518398074789774,0.139358493703871,0.15380750596523285,0.15380750596523285,0.14916150271892548,0.004646003246307373,0.9953539967536926,0.029444770887494087,1.0,1.0,0.9913913607597351,0.005295793991535902,0.006020998582243919,0.044516388326883316,0.0,0.0,0.0,0.0,0.015446893870830536,-0.7791211009025574,0.7369239926338196,0.0019540046341717243,0.0019540046341717243,1571.389892578125,284.7016906738281,1574.23779296875,0.18795995186974435,0.18117918074131012,0.18117918074131012,0.0,0.0020271348766982555,0.9639243483543396,0.1811782568693161,48.56557846069336,7.843847274780273,0.0,0,0,6369,0.024295806884765625,6369,0,1555,1560,1554,0.25,0.0,calibrated_soft_bce_hard_dice_v2,reference_norm_relative_v2,fullgeo_case01,9301003,GEO_PROB_GUIDED
3,26,0.828125,0.659345815100069,0.12845427799994558,0.16626611351966858,0.16626611351966858,0.16309437155723572,0.0031717419624328613,0.9968282580375671,0.02842261642217636,1.0,1.0,0.9952394962310791,0.0028498454485088587,0.0034799363929778337,0.044516388326883316,0.0,0.0,0.0,0.0,0.013065737672150135,-0.870310366153717,0.4332478642463684,0.0034890640527009964,0.0034890640527009964,1577.99951171875,394.49871826171875,1596.9359130859375,0.16483645377501724,0.25,0.2837132215499878,1.0,0.0020271348766982555,1.7211800813674927,0.2499992698431015,49.172393798828125,8.515268325805664,0.0,0,0,3350,0.01277923583984375,3350,0,1560,1563,1554,0.25,0.0,calibrated_soft_bce_hard_dice_v2,reference_norm_relative_v2,fullgeo_case01,9301003,GEO_PROB_GUIDED
3,27,0.859375,0.5555702330196022,0.11920214137531127,0.18556323647499084,0.18556323647499084,0.18124303221702576,0.004320204257965088,0.9956797957420349,0.02790679968893528,1.0,1.0,0.9974597096443176,0.001656623324379325,0.0022636831272393465,0.044516388326883316,0.0,0.0,0.0,0.0,0.01190765481442213,-0.9287363290786743,0.21380147337913513,0.005794195458292961,0.005794195458292961,1585.7916259765625,396.4472351074219,1605.843505859375,0.13889255825490054,0.25,0.3969990611076355,1.0,0.0020271348766982555,2.8583176136016846,0.24999958276748657,49.32490158081055,9.238418579101562,0.0,0,0,1626,0.00620269775390625,1626,0,1563,1561,1554,0.25,0.0,calibrated_soft_bce_hard_dice_v2,reference_norm_relative_v2,fullgeo_case01,9301003,GEO_PROB_GUIDED
3,28,0.890625,0.4422886902190013,0.11169118696339586,0.20813874900341034,0.20813874900341034,0.20588259398937225,0.002256155014038086,0.9977438449859619,0.028028057888150215,1.0,1.0,0.9984272718429565,0.0008218155126087368,0.0011687055230140686,0.044516388326883316,0.0,0.0,0.0,0.0,0.011091399937868118,-0.9573679566383362,0.0935884639620781,0.005196814890950918,0.005196814890950918,1595.5841064453125,398.895263671875,1614.26953125,0.11057217255475033,0.25,0.2834656536579132,1.0,0.0020271348766982555,2.5636255741119385,0.2499995231628418,49.456336975097656,9.942916870117188,0.0,0,0,954,0.00363922119140625,954,0,1561,1577,1554,0.25,0.0,calibrated_soft_bce_hard_dice_v2,reference_norm_relative_v2,fullgeo_case01,9301003,GEO_PROB_GUIDED
3,29,0.921875,0.32143946530316175,0.10599374936109118,0.23100411891937256,0.23100411891937256,0.22584247589111328,0.005161643028259277,0.9948383569717407,0.027936479076743126,1.0,1.0,0.9988494515419006,0.0006643366650678217,0.0010538477217778563,0.044516388326883316,0.0,0.0,0.0,0.0,0.0109398877248168,-0.9681186079978943,0.04306204244494438,0.01004897803068161,0.01004897803068161,1613.660888671875,403.4148254394531,1641.720947265625,0.08035986632579044,0.25,0.39836251735687256,1.0,0.0020271348766982555,4.9572319984436035,0.2499997615814209,50.20510482788086,10.560523986816406,0.0,0,0,705,0.002689361572265625,705,0,1577,1566,1554,0.25,0.0,calibrated_soft_bce_hard_dice_v2,reference_norm_relative_v2,fullgeo_case01,9301003,GEO_PROB_GUIDED
3,30,0.953125,0.1950903220161286,0.10216469800704375,0.25156840682029724,0.25156840682029724,0.24830493330955505,0.0032634735107421875,0.9967365264892578,0.028061287477612495,1.0,1.0,0.9988794326782227,0.0004233934450894594,0.0006778952083550394,0.044516388326883316,0.0,0.0,0.0,0.0,0.010701732710003853,-0.9728378057479858,0.02268826961517334,0.00834089145064354,0.00834089145064354,1652.029052734375,331.5299072265625,1664.9993896484375,0.04877258050403215,0.200680673122406,0.200680673122406,0.0,0.0020271348766982555,4.114620685577393,0.2006804347038269,50.79103469848633,11.292487144470215,0.0,0,0,503,0.001918792724609375,503,0,1566,1562,1554,0.25,0.0,calibrated_soft_bce_hard_dice_v2,reference_norm_relative_v2,fullgeo_case01,9301003,GEO_PROB_GUIDED
3,31,0.984375,0.06540312923014312,0.10024090875896552,0.26710325479507446,0.26710325479507446,0.2648731470108032,0.0022301077842712402,0.9977698922157288,0.028165683150291443,1.0,1.0,0.9988007545471191,0.00023933296324685216,0.00039127274067141116,0.044516388326883316,0.0,0.0,0.0,0.0,0.010518759489059448,-0.9752228856086731,0.014221926219761372,0.005642448551952839,0.005642448551952839,1812.9793701171875,82.51171875,1809.471435546875,0.01635078230753578,0.045511744916439056,0.045511744916439056,0.0,0.0020271348766982555,2.7834599018096924,0.04551167041063309,55.09760665893555,12.716230392456055,0.0,0,0,463,0.001766204833984375,463,0,1562,1559,1553,0.25,0.0,calibrated_soft_bce_hard_dice_v2,reference_norm_relative_v2,fullgeo_case01,9301003,GEO_PROB_GUIDED
