generation,state_id,parent_id,ranking_id,rank_index,center_x,center_y,center_z,predicted_first_order_mse_decrease,hard_rmse,delta_rmse_vs_parent,delta_rmse_vs_empty,condition_violations,truth_used
1,g001_p000000_empty,empty,g001_b7e43f1d75130653_0000,0,12.0,42.0,19.0,8.122159488266334e-05,0.01650773175060749,0.00017304904758930206,0.00017304904758930206,0,False
1,g001_p000001_empty,empty,g001_b7e43f1d75130653_0000,1,12.0,43.0,20.0,6.900660810060799e-05,0.016528980806469917,0.00019429810345172882,0.00019429810345172882,0,False
1,g001_p000002_empty,empty,g001_b7e43f1d75130653_0000,2,12.0,41.0,20.0,6.900660082465038e-05,0.016387082636356354,5.239993333816528e-05,5.239993333816528e-05,0,False
1,g001_p000003_empty,empty,g001_b7e43f1d75130653_0000,3,11.0,10.0,17.0,6.275781925069168e-05,0.016394492238759995,5.980953574180603e-05,5.980953574180603e-05,0,False
1,g001_p000004_empty,empty,g001_b7e43f1d75130653_0000,4,9.0,10.0,17.0,6.275781197473407e-05,0.01645297184586525,0.00011828914284706116,0.00011828914284706116,0,False
1,g001_p000005_empty,empty,g001_b7e43f1d75130653_0000,5,11.0,43.0,20.0,6.144454528111964e-05,0.016347436234354973,1.2753531336784363e-05,1.2753531336784363e-05,0,False
1,g001_p000006_empty,empty,g001_b7e43f1d75130653_0000,6,13.0,41.0,20.0,6.144453072920442e-05,0.016387082636356354,5.239993333816528e-05,5.239993333816528e-05,0,False
1,g001_p000007_empty,empty,g001_b7e43f1d75130653_0000,7,9.0,11.0,17.0,5.940553455729969e-05,0.01640012115240097,6.543844938278198e-05,6.543844938278198e-05,0,False
1,g001_p000008_empty,empty,g001_b7e43f1d75130653_0000,8,11.0,9.0,17.0,5.940550909144804e-05,0.016404548659920692,6.986595690250397e-05,6.986595690250397e-05,0,False
1,g001_p000009_empty,empty,g001_b7e43f1d75130653_0000,9,10.0,9.0,17.0,5.9084559325128794e-05,0.0165038350969553,0.0001691523939371109,0.0001691523939371109,0,False
1,g001_p000010_empty,empty,g001_b7e43f1d75130653_0000,10,10.0,11.0,17.0,5.908455204917118e-05,0.01646529883146286,0.00013061612844467163,0.00013061612844467163,0,False
1,g001_p000011_empty,empty,g001_b7e43f1d75130653_0000,11,11.0,42.0,20.0,5.2042749302927405e-05,0.016413085162639618,7.840245962142944e-05,7.840245962142944e-05,0,False
1,g001_p000012_empty,empty,g001_b7e43f1d75130653_0000,12,13.0,42.0,20.0,5.204273838899098e-05,0.016498444601893425,0.0001637618988752365,0.0001637618988752365,0,False
1,g001_p000013_empty,empty,g001_b7e43f1d75130653_0000,13,12.0,43.0,19.0,5.1120747230015695e-05,0.016495054587721825,0.00016037188470363617,0.00016037188470363617,0,False
1,g001_p000014_empty,empty,g001_b7e43f1d75130653_0000,14,12.0,41.0,19.0,5.112074359203689e-05,0.016559358686208725,0.0002246759831905365,0.0002246759831905365,0,False
1,g001_p000015_empty,empty,g001_b7e43f1d75130653_0000,15,10.0,11.0,16.0,5.102583600091748e-05,0.016593242064118385,0.00025855936110019684,0.00025855936110019684,0,False
1,g001_p000016_empty,empty,g001_b7e43f1d75130653_0000,16,10.0,9.0,16.0,5.102581053506583e-05,0.016569901257753372,0.00023521855473518372,0.00023521855473518372,0,False
1,g001_p000017_empty,empty,g001_b7e43f1d75130653_0000,17,25.0,9.0,36.0,4.963566971127875e-05,0.0165107361972332,0.0001760534942150116,0.0001760534942150116,0,False
1,g001_p000018_empty,empty,g001_b7e43f1d75130653_0000,18,27.0,11.0,36.0,4.9635651521384716e-05,0.016529908403754234,0.00019522570073604584,0.00019522570073604584,0,False
1,g001_p000019_empty,empty,g001_b7e43f1d75130653_0000,19,11.0,10.0,16.0,4.89582926093135e-05,0.016440946608781815,0.0001062639057636261,0.0001062639057636261,0,False
1,g001_p000020_empty,empty,g001_b7e43f1d75130653_0000,20,9.0,10.0,16.0,4.8958278057398275e-05,0.016376089304685593,4.1406601667404175e-05,4.1406601667404175e-05,0,False
1,g001_p000021_empty,empty,g001_b7e43f1d75130653_0000,21,12.0,44.0,20.0,4.890865966444835e-05,0.016448240727186203,0.00011355802416801453,0.00011355802416801453,0,False
1,g001_p000022_empty,empty,g001_b7e43f1d75130653_0000,22,12.0,40.0,20.0,4.8908656026469544e-05,0.01646859012544155,0.00013390742242336273,0.00013390742242336273,0,False
1,g001_p000023_empty,empty,g001_b7e43f1d75130653_0000,23,11.0,41.0,20.0,4.62875614175573e-05,0.016558581963181496,0.0002238992601633072,0.0002238992601633072,0,False
1,g001_p000024_empty,empty,g001_b7e43f1d75130653_0000,24,13.0,43.0,20.0,4.628755777957849e-05,0.01647847332060337,0.0001437906175851822,0.0001437906175851822,0,False
1,g001_p000025_empty,empty,g001_b7e43f1d75130653_0000,25,12.0,42.0,20.0,4.379302481538616e-05,0.016555525362491608,0.0002208426594734192,0.0002208426594734192,0,False
1,g001_p000026_empty,empty,g001_b7e43f1d75130653_0000,26,41.0,10.0,24.0,4.329717921791598e-05,0.01644134894013405,0.00010666623711585999,0.00010666623711585999,0,False
1,g001_p000027_empty,empty,g001_b7e43f1d75130653_0000,27,42.0,9.0,24.0,4.329716830397956e-05,0.01643117517232895,9.64924693107605e-05,9.64924693107605e-05,0,False
1,g001_p000028_empty,empty,g001_b7e43f1d75130653_0000,28,42.0,11.0,24.0,4.3297164666000754e-05,0.016604764387011528,0.00027008168399333954,0.00027008168399333954,0,False
1,g001_p000029_empty,empty,g001_b7e43f1d75130653_0000,29,43.0,10.0,24.0,4.329715375206433e-05,0.016366368159651756,3.168545663356781e-05,3.168545663356781e-05,0,False
1,g001_p000030_empty,empty,g001_b7e43f1d75130653_0000,30,26.0,9.0,36.0,4.188812818028964e-05,0.016485074535012245,0.0001503918319940567,0.0001503918319940567,0,False
1,g001_p000031_empty,empty,g001_b7e43f1d75130653_0000,31,26.0,11.0,36.0,4.188812090433203e-05,0.016444502398371696,0.000109819695353508,0.000109819695353508,0,False
1,g001_p000032_empty,empty,g001_b7e43f1d75130653_0000,32,25.0,10.0,36.0,4.1871462599374354e-05,0.01637754775583744,4.2865052819252014e-05,4.2865052819252014e-05,0,False
1,g001_p000033_empty,empty,g001_b7e43f1d75130653_0000,33,27.0,10.0,36.0,4.1871437133522704e-05,0.016414925456047058,8.024275302886963e-05,8.024275302886963e-05,0,False
1,g001_p000034_empty,empty,g001_b7e43f1d75130653_0000,34,9.0,9.0,17.0,4.111378439120017e-05,0.016539189964532852,0.0002045072615146637,0.0002045072615146637,0,False
1,g001_p000035_empty,empty,g001_b7e43f1d75130653_0000,35,11.0,11.0,17.0,4.111373709747568e-05,0.0164959616959095,0.00016127899289131165,0.00016127899289131165,0,False
1,g001_p000036_empty,empty,g001_b7e43f1d75130653_0000,36,10.0,8.0,17.0,4.091047594556585e-05,0.01647672988474369,0.00014204718172550201,0.00014204718172550201,0,False
1,g001_p000037_empty,empty,g001_b7e43f1d75130653_0000,37,10.0,12.0,17.0,4.091047230758704e-05,0.016511334106326103,0.00017665140330791473,0.00017665140330791473,0,False
1,g001_p000038_empty,empty,g001_b7e43f1d75130653_0000,38,41.0,9.0,24.0,4.043041553813964e-05,0.01636868715286255,3.400444984436035e-05,3.400444984436035e-05,0,False
1,g001_p000039_empty,empty,g001_b7e43f1d75130653_0000,39,41.0,11.0,24.0,4.0430411900160834e-05,0.016366368159651756,3.168545663356781e-05,3.168545663356781e-05,0,False
1,g001_p000040_empty,empty,g001_b7e43f1d75130653_0000,40,43.0,9.0,24.0,4.04303937102668e-05,0.01649392768740654,0.00015924498438835144,0.00015924498438835144,0,False
1,g001_p000041_empty,empty,g001_b7e43f1d75130653_0000,41,43.0,11.0,24.0,4.04303937102668e-05,0.01649392768740654,0.00015924498438835144,0.00015924498438835144,0,False
1,g001_p000042_empty,empty,g001_b7e43f1d75130653_0000,42,11.0,42.0,19.0,3.970230318373069e-05,0.016496537253260612,0.000161854550242424,0.000161854550242424,0,False
1,g001_p000043_empty,empty,g001_b7e43f1d75130653_0000,43,13.0,42.0,19.0,3.970230318373069e-05,0.016482366248965263,0.0001476835459470749,0.0001476835459470749,0,False
1,g001_p000044_empty,empty,g001_b7e43f1d75130653_0000,44,9.0,9.0,16.0,3.959364039474167e-05,0.016473280265927315,0.00013859756290912628,0.00013859756290912628,0,False
1,g001_p000045_empty,empty,g001_b7e43f1d75130653_0000,45,11.0,11.0,16.0,3.959364039474167e-05,0.01650715060532093,0.000172467902302742,0.000172467902302742,0,False
1,g001_p000046_empty,empty,g001_b7e43f1d75130653_0000,46,11.0,44.0,20.0,3.9302336517721415e-05,0.01641947403550148,8.479133248329163e-05,8.479133248329163e-05,0,False
1,g001_p000047_empty,empty,g001_b7e43f1d75130653_0000,47,13.0,40.0,20.0,3.9302336517721415e-05,0.0164685919880867,0.00013390928506851196,0.00013390928506851196,0,False
1,g001_p000048_empty,empty,g001_b7e43f1d75130653_0000,48,13.0,42.0,18.0,3.917921640095301e-05,0.016560835763812065,0.00022615306079387665,0.00022615306079387665,0,False
1,g001_p000049_empty,empty,g001_b7e43f1d75130653_0000,49,11.0,42.0,18.0,3.91792127629742e-05,0.016481975093483925,0.0001472923904657364,0.0001472923904657364,0,False
1,g001_p000050_empty,empty,g001_b7e43f1d75130653_0000,50,13.0,43.0,19.0,3.916999776265584e-05,0.01645398885011673,0.00011930614709854126,0.00011930614709854126,0,False
1,g001_p000051_empty,empty,g001_b7e43f1d75130653_0000,51,11.0,41.0,19.0,3.9169990486698225e-05,0.01639174483716488,5.706213414669037e-05,5.706213414669037e-05,0,False
1,g001_p000052_empty,empty,g001_b7e43f1d75130653_0000,52,10.0,42.0,20.0,3.871337685268372e-05,0.01655198633670807,0.00021730363368988037,0.00021730363368988037,0,False
1,g001_p000053_empty,empty,g001_b7e43f1d75130653_0000,53,14.0,42.0,20.0,3.8713362300768495e-05,0.016533760353922844,0.00019907765090465546,0.00019907765090465546,0,False
1,g001_p000054_empty,empty,g001_b7e43f1d75130653_0000,54,8.0,10.0,17.0,3.868229759973474e-05,0.016409100964665413,7.441826164722443e-05,7.441826164722443e-05,0,False
1,g001_p000055_empty,empty,g001_b7e43f1d75130653_0000,55,12.0,10.0,17.0,3.868225394398905e-05,0.016391821205615997,5.713850259780884e-05,5.713850259780884e-05,0,False
1,g001_p000056_empty,empty,g001_b7e43f1d75130653_0000,56,12.0,39.0,20.0,3.7540554330917075e-05,0.016432812437415123,9.812973439693451e-05,9.812973439693451e-05,0,False
1,g001_p000057_empty,empty,g001_b7e43f1d75130653_0000,57,12.0,45.0,20.0,3.754055069293827e-05,0.016346873715519905,1.2191012501716614e-05,1.2191012501716614e-05,0,False
1,g001_p000058_empty,empty,g001_b7e43f1d75130653_0000,58,10.0,41.0,20.0,3.6571771488524973e-05,0.01641947403550148,8.479133248329163e-05,8.479133248329163e-05,0,False
1,g001_p000059_empty,empty,g001_b7e43f1d75130653_0000,59,14.0,43.0,20.0,3.657176421256736e-05,0.016408124938607216,7.34422355890274e-05,7.34422355890274e-05,0,False
1,g001_p000060_empty,empty,g001_b7e43f1d75130653_0000,60,13.0,43.0,18.0,3.6540033761411905e-05,0.016496537253260612,0.000161854550242424,0.000161854550242424,0,False
1,g001_p000061_empty,empty,g001_b7e43f1d75130653_0000,61,11.0,41.0,18.0,3.65400301234331e-05,0.016452817246317863,0.00011813454329967499,0.00011813454329967499,0,False
1,g001_p000062_empty,empty,g001_b7e43f1d75130653_0000,62,11.0,40.0,20.0,3.621663563535549e-05,0.016553474590182304,0.0002187918871641159,0.0002187918871641159,0,False
1,g001_p000063_empty,empty,g001_b7e43f1d75130653_0000,63,13.0,44.0,20.0,3.621662835939787e-05,0.016518013551831245,0.00018333084881305695,0.00018333084881305695,0,False
1,g001_p000064_empty,empty,g001_b7e43f1d75130653_0000,64,10.0,43.0,20.0,3.51569578924682e-05,0.016367565840482712,3.2883137464523315e-05,3.2883137464523315e-05,0,False
1,g001_p000065_empty,empty,g001_b7e43f1d75130653_0000,65,14.0,41.0,20.0,3.5156950616510585e-05,0.016578398644924164,0.00024371594190597534,0.00024371594190597534,0,False
1,g001_p000066_empty,empty,g001_b7e43f1d75130653_0000,66,10.0,40.0,20.0,3.493005351629108e-05,0.01648363471031189,0.00014895200729370117,0.00014895200729370117,0,False
1,g001_p000067_empty,empty,g001_b7e43f1d75130653_0000,67,14.0,44.0,20.0,3.4930038964375854e-05,0.016407564282417297,7.288157939910889e-05,7.288157939910889e-05,0,False
1,g001_p000068_empty,empty,g001_b7e43f1d75130653_0000,68,12.0,42.0,18.0,3.4676355426199734e-05,0.016391349956393242,5.6667253375053406e-05,5.6667253375053406e-05,0,False
1,g001_p000069_empty,empty,g001_b7e43f1d75130653_0000,69,27.0,9.0,35.0,3.465738336672075e-05,0.016464293003082275,0.00012961030006408691,0.00012961030006408691,0,False
1,g001_p000070_empty,empty,g001_b7e43f1d75130653_0000,70,25.0,11.0,35.0,3.465737609076314e-05,0.01636718213558197,3.249943256378174e-05,3.249943256378174e-05,0,False
1,g001_p000071_empty,empty,g001_b7e43f1d75130653_0000,71,27.0,10.0,35.0,3.465691770543344e-05,0.016417410224676132,8.272752165794373e-05,8.272752165794373e-05,0,False
1,g001_p000072_empty,empty,g001_b7e43f1d75130653_0000,72,25.0,10.0,35.0,3.4656914067454636e-05,0.016352549195289612,1.786649227142334e-05,1.786649227142334e-05,0,False
1,g001_p000073_empty,empty,g001_b7e43f1d75130653_0000,73,9.0,12.0,17.0,3.398280750843696e-05,0.016504952684044838,0.00017026998102664948,0.00017026998102664948,0,False
1,g001_p000074_empty,empty,g001_b7e43f1d75130653_0000,74,11.0,8.0,17.0,3.398280023247935e-05,0.016502030193805695,0.0001673474907875061,0.0001673474907875061,0,False
1,g001_p000075_empty,empty,g001_b7e43f1d75130653_0000,75,10.0,44.0,20.0,3.391651625861414e-05,0.016627822071313858,0.00029313936829566956,0.00029313936829566956,0,False
1,g001_p000076_empty,empty,g001_b7e43f1d75130653_0000,76,14.0,40.0,20.0,3.391651262063533e-05,0.01653103344142437,0.00019635073840618134,0.00019635073840618134,0,False
1,g001_p000077_empty,empty,g001_b7e43f1d75130653_0000,77,40.0,10.0,24.0,3.3683125366223976e-05,0.016552496701478958,0.00021781399846076965,0.00021781399846076965,0,False
1,g001_p000078_empty,empty,g001_b7e43f1d75130653_0000,78,42.0,8.0,24.0,3.368311809026636e-05,0.016530195251107216,0.0001955125480890274,0.0001955125480890274,0,False
1,g001_p000079_empty,empty,g001_b7e43f1d75130653_0000,79,42.0,12.0,24.0,3.3683114452287555e-05,0.01647402159869671,0.0001393388956785202,0.0001393388956785202,0,False
1,g001_p000080_empty,empty,g001_b7e43f1d75130653_0000,80,44.0,10.0,24.0,3.3683099900372326e-05,0.016552496701478958,0.00021781399846076965,0.00021781399846076965,0,False
1,g001_p000081_empty,empty,g001_b7e43f1d75130653_0000,81,25.0,8.0,37.0,3.309709427412599e-05,0.016663169488310814,0.00032848678529262543,0.00032848678529262543,0,False
1,g001_p000082_empty,empty,g001_b7e43f1d75130653_0000,82,27.0,12.0,37.0,3.3097079722210765e-05,0.016469107940793037,0.00013442523777484894,0.00013442523777484894,0,False
1,g001_p000083_empty,empty,g001_b7e43f1d75130653_0000,83,9.0,8.0,17.0,3.2807758543640375e-05,0.01650911383330822,0.00017443113029003143,0.00017443113029003143,0,False
1,g001_p000084_empty,empty,g001_b7e43f1d75130653_0000,84,11.0,12.0,17.0,3.2807733077788725e-05,0.016534116119146347,0.00019943341612815857,0.00019943341612815857,0,False
1,g001_p000085_empty,empty,g001_b7e43f1d75130653_0000,85,10.0,7.0,17.0,3.279349402873777e-05,0.016442513093352318,0.00010783039033412933,0.00010783039033412933,0,False
1,g001_p000086_empty,empty,g001_b7e43f1d75130653_0000,86,10.0,13.0,17.0,3.279348311480135e-05,0.016547076404094696,0.00021239370107650757,0.00021239370107650757,0,False
1,g001_p000087_empty,empty,g001_b7e43f1d75130653_0000,87,11.0,40.0,19.0,3.272023968747817e-05,0.016496550291776657,0.00016186758875846863,0.00016186758875846863,0,False
1,g001_p000088_empty,empty,g001_b7e43f1d75130653_0000,88,13.0,44.0,19.0,3.272023968747817e-05,0.01638580858707428,5.112588405609131e-05,5.112588405609131e-05,0,False
1,g001_p000089_empty,empty,g001_b7e43f1d75130653_0000,89,8.0,11.0,17.0,3.267771899118088e-05,0.016391821205615997,5.713850259780884e-05,5.713850259780884e-05,0,False
1,g001_p000090_empty,empty,g001_b7e43f1d75130653_0000,90,12.0,9.0,17.0,3.267769352532923e-05,0.01643090508878231,9.622238576412201e-05,9.622238576412201e-05,0,False
1,g001_p000091_empty,empty,g001_b7e43f1d75130653_0000,91,14.0,41.0,19.0,3.2167583412956446e-05,0.016417760401964188,8.307769894599915e-05,8.307769894599915e-05,0,False
1,g001_p000092_empty,empty,g001_b7e43f1d75130653_0000,92,10.0,43.0,19.0,3.216757977497764e-05,0.016482366248965263,0.0001476835459470749,0.0001476835459470749,0,False
1,g001_p000093_empty,empty,g001_b7e43f1d75130653_0000,93,12.0,40.0,19.0,3.1871608371147886e-05,0.016352899372577667,1.821666955947876e-05,1.821666955947876e-05,0,False
1,g001_p000094_empty,empty,g001_b7e43f1d75130653_0000,94,12.0,44.0,19.0,3.1871608371147886e-05,0.01639174483716488,5.706213414669037e-05,5.706213414669037e-05,0,False
1,g001_p000095_empty,empty,g001_b7e43f1d75130653_0000,95,14.0,44.0,19.0,3.177033431711607e-05,0.016545666381716728,0.00021098367869853973,0.00021098367869853973,0,False
2,g002_p000000_g001_p000057_empty,g001_p000057_empty,g002_c57d8e5283bb067d_0001,0,12.0,42.0,19.0,8.379568316740915e-05,0.01644410379230976,9.723007678985596e-05,0.00010942108929157257,0,False
2,g002_p000006_g001_p000057_empty,g001_p000057_empty,g002_c57d8e5283bb067d_0001,1,12.0,43.0,20.0,7.210223702713847e-05,0.016399232670664787,5.23589551448822e-05,6.454996764659882e-05,0,False
2,g002_p000012_g001_p000005_empty,g001_p000005_empty,g002_4008391fec8fc2c7_0002,0,12.0,42.0,19.0,8.034765778575093e-05,0.01650916412472725,0.0001617278903722763,0.00017448142170906067,0,False
2,g002_p000018_g001_p000005_empty,g001_p000005_empty,g002_4008391fec8fc2c7_0002,1,12.0,41.0,20.0,6.691589078400284e-05,0.016445811837911606,9.8375603556633e-05,0.00011112913489341736,0,False
2,g002_p000024_g001_p000072_empty,g001_p000072_empty,g002_adb4e42e7b6a5221_0003,0,12.0,42.0,19.0,8.122159488266334e-05,0.01657845824956894,0.0002259090542793274,0.00024377554655075073,0,False
2,g002_p000030_g001_p000072_empty,g001_p000072_empty,g002_adb4e42e7b6a5221_0003,1,12.0,43.0,20.0,6.900660810060799e-05,0.016561245545744896,0.00020869635045528412,0.00022656284272670746,0,False
2,g002_p000036_g001_p000093_empty,g001_p000093_empty,g002_e7a85bea8d3df3d7_0004,0,12.0,42.0,19.0,8.070039621088654e-05,0.01650042086839676,0.0001475214958190918,0.00016573816537857056,0,False
2,g002_p000042_g001_p000093_empty,g001_p000093_empty,g002_e7a85bea8d3df3d7_0004,1,12.0,41.0,20.0,6.769889296265319e-05,0.016613857820630074,0.0002609584480524063,0.00027917511761188507,0,False
2,g002_p000048_g001_p000029_empty,g001_p000029_empty,g002_958562f28f68cd5a_0005,0,12.0,42.0,19.0,8.122159488266334e-05,0.01644928567111492,8.291751146316528e-05,0.0001146029680967331,0,False
2,g002_p000054_g001_p000029_empty,g001_p000029_empty,g002_958562f28f68cd5a_0005,1,12.0,43.0,20.0,6.900660810060799e-05,0.016469944268465042,0.00010357610881328583,0.00013526156544685364,0,False
2,g002_p000060_g001_p000039_empty,g001_p000039_empty,g002_e40e036eca93ed48_0006,0,12.0,42.0,19.0,8.122159488266334e-05,0.01652643084526062,0.00016006268560886383,0.00019174814224243164,0,False
2,g002_p000066_g001_p000039_empty,g001_p000039_empty,g002_e40e036eca93ed48_0006,1,12.0,43.0,20.0,6.900660810060799e-05,0.016574889421463013,0.0002085212618112564,0.00024020671844482422,0,False
2,g002_p000072_g001_p000070_empty,g001_p000070_empty,g002_2b52b43280447ae9_0007,0,12.0,42.0,19.0,8.122159488266334e-05,0.01648625358939171,0.00011907145380973816,0.0001515708863735199,0,False
2,g002_p000078_g001_p000070_empty,g001_p000070_empty,g002_2b52b43280447ae9_0007,1,12.0,43.0,20.0,6.900660810060799e-05,0.016561100259423256,0.0001939181238412857,0.00022641755640506744,0,False
2,g002_p000084_g001_p000064_empty,g001_p000064_empty,g002_7bd667cede89674e_0008,0,12.0,42.0,19.0,8.368760609300807e-05,0.016537820920348167,0.00017025507986545563,0.00020313821732997894,0,False
2,g002_p000090_g001_p000064_empty,g001_p000064_empty,g002_7bd667cede89674e_0008,1,12.0,41.0,20.0,7.11820466676727e-05,0.016380293294787407,1.272745430469513e-05,4.5610591769218445e-05,0,False
3,g003_p000000_g002_p000038_g001_p000093_empty,g002_p000038_g001_p000093_empty,g003_ff6676d5a63a763d_0009,0,12.0,42.0,19.0,8.122214785544202e-05,0.016559218987822533,0.00022617168724536896,0.00022453628480434418,0,False
3,g003_p000006_g002_p000038_g001_p000093_empty,g002_p000038_g001_p000093_empty,g003_ff6676d5a63a763d_0009,1,12.0,43.0,20.0,6.900660810060799e-05,0.016561882570385933,0.00022883526980876923,0.00022719986736774445,0,False
3,g003_p000012_g002_p000001_g001_p000057_empty,g002_p000001_g001_p000057_empty,g003_811fb834c970bb7b_0010,0,12.0,42.0,19.0,8.122159488266334e-05,0.01639174483716488,5.706213414669037e-05,5.706213414669037e-05,0,False
3,g003_p000013_g002_p000001_g001_p000057_empty,g002_p000001_g001_p000057_empty,g003_811fb834c970bb7b_0010,1,12.0,43.0,20.0,6.900660810060799e-05,0.016387082636356354,5.239993333816528e-05,5.239993333816528e-05,0,False
3,g003_p000014_g002_p000001_g001_p000057_empty,g002_p000001_g001_p000057_empty,g003_811fb834c970bb7b_0010,2,12.0,41.0,20.0,6.900660082465038e-05,0.01647847332060337,0.0001437906175851822,0.0001437906175851822,0,False
3,g003_p000015_g002_p000001_g001_p000057_empty,g002_p000001_g001_p000057_empty,g003_811fb834c970bb7b_0010,3,11.0,10.0,17.0,6.275781925069168e-05,0.01635420322418213,1.952052116394043e-05,1.952052116394043e-05,0,False
3,g003_p000016_g002_p000001_g001_p000057_empty,g002_p000001_g001_p000057_empty,g003_811fb834c970bb7b_0010,4,9.0,10.0,17.0,6.275781197473407e-05,0.01640012115240097,6.543844938278198e-05,6.543844938278198e-05,0,False
3,g003_p000017_g002_p000001_g001_p000057_empty,g002_p000001_g001_p000057_empty,g003_811fb834c970bb7b_0010,5,11.0,43.0,20.0,6.144454528111964e-05,0.016458846628665924,0.0001241639256477356,0.0001241639256477356,0,False
3,g003_p000018_g002_p000001_g001_p000057_empty,g002_p000001_g001_p000057_empty,g003_811fb834c970bb7b_0010,6,13.0,41.0,20.0,6.144453072920442e-05,0.016413085162639618,7.840245962142944e-05,7.840245962142944e-05,0,False
3,g003_p000019_g002_p000001_g001_p000057_empty,g002_p000001_g001_p000057_empty,g003_811fb834c970bb7b_0010,7,9.0,11.0,17.0,5.940553455729969e-05,0.016431257128715515,9.657442569732666e-05,9.657442569732666e-05,0,False
3,g003_p000020_g002_p000001_g001_p000057_empty,g002_p000001_g001_p000057_empty,g003_811fb834c970bb7b_0010,8,11.0,9.0,17.0,5.940550909144804e-05,0.0164959616959095,0.00016127899289131165,0.00016127899289131165,0,False
3,g003_p000021_g002_p000001_g001_p000057_empty,g002_p000001_g001_p000057_empty,g003_811fb834c970bb7b_0010,9,10.0,9.0,17.0,5.9084559325128794e-05,0.016421876847743988,8.719414472579956e-05,8.719414472579956e-05,0,False
3,g003_p000022_g002_p000001_g001_p000057_empty,g002_p000001_g001_p000057_empty,g003_811fb834c970bb7b_0010,10,10.0,11.0,17.0,5.908455204917118e-05,0.01642828993499279,9.360723197460175e-05,9.360723197460175e-05,0,False
3,g003_p000023_g002_p000001_g001_p000057_empty,g002_p000001_g001_p000057_empty,g003_811fb834c970bb7b_0010,11,11.0,42.0,20.0,5.2042749302927405e-05,0.016503747552633286,0.00016906484961509705,0.00016906484961509705,0,False
3,g003_p000024_g002_p000007_g001_p000057_empty,g002_p000007_g001_p000057_empty,g003_811fb834c970bb7b_0010,12,13.0,42.0,20.0,5.204273838899098e-05,0.016608480364084244,0.0002737976610660553,0.0002737976610660553,0,False
3,g003_p000025_g002_p000007_g001_p000057_empty,g002_p000007_g001_p000057_empty,g003_811fb834c970bb7b_0010,13,12.0,43.0,19.0,5.1120747230015695e-05,0.016496537253260612,0.000161854550242424,0.000161854550242424,0,False
3,g003_p000026_g002_p000007_g001_p000057_empty,g002_p000007_g001_p000057_empty,g003_811fb834c970bb7b_0010,14,12.0,41.0,19.0,5.112074359203689e-05,0.016417760401964188,8.307769894599915e-05,8.307769894599915e-05,0,False
3,g003_p000027_g002_p000007_g001_p000057_empty,g002_p000007_g001_p000057_empty,g003_811fb834c970bb7b_0010,15,10.0,11.0,16.0,5.102583600091748e-05,0.016479510813951492,0.00014482811093330383,0.00014482811093330383,0,False
3,g003_p000028_g002_p000007_g001_p000057_empty,g002_p000007_g001_p000057_empty,g003_811fb834c970bb7b_0010,16,10.0,9.0,16.0,5.102581053506583e-05,0.016376089304685593,4.1406601667404175e-05,4.1406601667404175e-05,0,False
3,g003_p000029_g002_p000007_g001_p000057_empty,g002_p000007_g001_p000057_empty,g003_811fb834c970bb7b_0010,17,25.0,9.0,36.0,4.963566971127875e-05,0.01643357425928116,9.889155626296997e-05,9.889155626296997e-05,0,False
3,g003_p000030_g002_p000007_g001_p000057_empty,g002_p000007_g001_p000057_empty,g003_811fb834c970bb7b_0010,18,27.0,11.0,36.0,4.9635651521384716e-05,0.016529908403754234,0.00019522570073604584,0.00019522570073604584,0,False
3,g003_p000031_g002_p000007_g001_p000057_empty,g002_p000007_g001_p000057_empty,g003_811fb834c970bb7b_0010,19,11.0,10.0,16.0,4.89582926093135e-05,0.01649477519094944,0.00016009248793125153,0.00016009248793125153,0,False
3,g003_p000032_g002_p000007_g001_p000057_empty,g002_p000007_g001_p000057_empty,g003_811fb834c970bb7b_0010,20,9.0,10.0,16.0,4.8958278057398275e-05,0.016367226839065552,3.254413604736328e-05,3.254413604736328e-05,0,False
3,g003_p000033_g002_p000007_g001_p000057_empty,g002_p000007_g001_p000057_empty,g003_811fb834c970bb7b_0010,21,12.0,44.0,20.0,4.890865966444835e-05,0.016367565840482712,3.2883137464523315e-05,3.2883137464523315e-05,0,False
3,g003_p000034_g002_p000007_g001_p000057_empty,g002_p000007_g001_p000057_empty,g003_811fb834c970bb7b_0010,22,12.0,40.0,20.0,4.8908656026469544e-05,0.01642262190580368,8.793920278549194e-05,8.793920278549194e-05,0,False
3,g003_p000035_g002_p000007_g001_p000057_empty,g002_p000007_g001_p000057_empty,g003_811fb834c970bb7b_0010,23,11.0,41.0,20.0,4.62875614175573e-05,0.016563864424824715,0.00022918172180652618,0.00022918172180652618,0,False
3,g003_p000036_g002_p000013_g001_p000005_empty,g002_p000013_g001_p000005_empty,g003_811fb834c970bb7b_0010,24,13.0,43.0,20.0,4.628755777957849e-05,0.016367565840482712,3.2883137464523315e-05,3.2883137464523315e-05,0,False
3,g003_p000037_g002_p000013_g001_p000005_empty,g002_p000013_g001_p000005_empty,g003_811fb834c970bb7b_0010,25,12.0,42.0,20.0,4.379302481538616e-05,0.016491204500198364,0.00015652179718017578,0.00015652179718017578,0,False
3,g003_p000038_g002_p000013_g001_p000005_empty,g002_p000013_g001_p000005_empty,g003_811fb834c970bb7b_0010,26,41.0,10.0,24.0,4.329717921791598e-05,0.016537658870220184,0.00020297616720199585,0.00020297616720199585,0,False
3,g003_p000039_g002_p000013_g001_p000005_empty,g002_p000013_g001_p000005_empty,g003_811fb834c970bb7b_0010,27,42.0,9.0,24.0,4.329716830397956e-05,0.016470277681946754,0.00013559497892856598,0.00013559497892856598,0,False
3,g003_p000040_g002_p000013_g001_p000005_empty,g002_p000013_g001_p000005_empty,g003_811fb834c970bb7b_0010,28,42.0,11.0,24.0,4.3297164666000754e-05,0.01646348461508751,0.00012880191206932068,0.00012880191206932068,0,False
3,g003_p000041_g002_p000013_g001_p000005_empty,g002_p000013_g001_p000005_empty,g003_811fb834c970bb7b_0010,29,43.0,10.0,24.0,4.329715375206433e-05,0.016535362228751183,0.00020067952573299408,0.00020067952573299408,0,False
3,g003_p000042_g002_p000013_g001_p000005_empty,g002_p000013_g001_p000005_empty,g003_811fb834c970bb7b_0010,30,26.0,9.0,36.0,4.188812818028964e-05,0.016367226839065552,3.254413604736328e-05,3.254413604736328e-05,0,False
3,g003_p000043_g002_p000013_g001_p000005_empty,g002_p000013_g001_p000005_empty,g003_811fb834c970bb7b_0010,31,26.0,11.0,36.0,4.188812090433203e-05,0.01640382781624794,6.914511322975159e-05,6.914511322975159e-05,0,False
3,g003_p000044_g002_p000013_g001_p000005_empty,g002_p000013_g001_p000005_empty,g003_811fb834c970bb7b_0010,32,25.0,10.0,36.0,4.1871462599374354e-05,0.0165975634008646,0.00026288069784641266,0.00026288069784641266,0,False
3,g003_p000045_g002_p000013_g001_p000005_empty,g002_p000013_g001_p000005_empty,g003_811fb834c970bb7b_0010,33,27.0,10.0,36.0,4.1871437133522704e-05,0.01639525778591633,6.0575082898139954e-05,6.0575082898139954e-05,0,False
3,g003_p000046_g002_p000013_g001_p000005_empty,g002_p000013_g001_p000005_empty,g003_811fb834c970bb7b_0010,34,9.0,9.0,17.0,4.111378439120017e-05,0.0164959616959095,0.00016127899289131165,0.00016127899289131165,0,False
3,g003_p000047_g002_p000013_g001_p000005_empty,g002_p000013_g001_p000005_empty,g003_811fb834c970bb7b_0010,35,11.0,11.0,17.0,4.111373709747568e-05,0.016418328508734703,8.364580571651459e-05,8.364580571651459e-05,0,False
3,g003_p000048_g002_p000019_g001_p000005_empty,g002_p000019_g001_p000005_empty,g003_811fb834c970bb7b_0010,36,10.0,8.0,17.0,4.091047594556585e-05,0.016470329836010933,0.00013564713299274445,0.00013564713299274445,0,False
3,g003_p000049_g002_p000019_g001_p000005_empty,g002_p000019_g001_p000005_empty,g003_811fb834c970bb7b_0010,37,10.0,12.0,17.0,4.091047230758704e-05,0.016609469428658485,0.00027478672564029694,0.00027478672564029694,0,False
3,g003_p000050_g002_p000019_g001_p000005_empty,g002_p000019_g001_p000005_empty,g003_811fb834c970bb7b_0010,38,41.0,9.0,24.0,4.043041553813964e-05,0.01649249903857708,0.0001578163355588913,0.0001578163355588913,0,False
3,g003_p000051_g002_p000019_g001_p000005_empty,g002_p000019_g001_p000005_empty,g003_811fb834c970bb7b_0010,39,41.0,11.0,24.0,4.0430411900160834e-05,0.01650170050561428,0.00016701780259609222,0.00016701780259609222,0,False
3,g003_p000052_g002_p000019_g001_p000005_empty,g002_p000019_g001_p000005_empty,g003_811fb834c970bb7b_0010,40,43.0,9.0,24.0,4.04303937102668e-05,0.016599079594016075,0.00026439689099788666,0.00026439689099788666,0,False
3,g003_p000053_g002_p000019_g001_p000005_empty,g002_p000019_g001_p000005_empty,g003_811fb834c970bb7b_0010,41,43.0,11.0,24.0,4.04303937102668e-05,0.016582947224378586,0.00024826452136039734,0.00024826452136039734,0,False
3,g003_p000054_g002_p000019_g001_p000005_empty,g002_p000019_g001_p000005_empty,g003_811fb834c970bb7b_0010,42,11.0,42.0,19.0,3.970230318373069e-05,0.016417760401964188,8.307769894599915e-05,8.307769894599915e-05,0,False
3,g003_p000055_g002_p000019_g001_p000005_empty,g002_p000019_g001_p000005_empty,g003_811fb834c970bb7b_0010,43,13.0,42.0,19.0,3.970230318373069e-05,0.016546720638871193,0.00021203793585300446,0.00021203793585300446,0,False
3,g003_p000056_g002_p000019_g001_p000005_empty,g002_p000019_g001_p000005_empty,g003_811fb834c970bb7b_0010,44,9.0,9.0,16.0,3.959364039474167e-05,0.016343561932444572,8.879229426383972e-06,8.879229426383972e-06,0,False
3,g003_p000057_g002_p000019_g001_p000005_empty,g002_p000019_g001_p000005_empty,g003_811fb834c970bb7b_0010,45,11.0,11.0,16.0,3.959364039474167e-05,0.016343561932444572,8.879229426383972e-06,8.879229426383972e-06,0,False
3,g003_p000058_g002_p000019_g001_p000005_empty,g002_p000019_g001_p000005_empty,g003_811fb834c970bb7b_0010,46,11.0,44.0,20.0,3.9302336517721415e-05,0.01654772087931633,0.00021303817629814148,0.00021303817629814148,0,False
3,g003_p000059_g002_p000019_g001_p000005_empty,g002_p000019_g001_p000005_empty,g003_811fb834c970bb7b_0010,47,13.0,40.0,20.0,3.9302336517721415e-05,0.016367565840482712,3.2883137464523315e-05,3.2883137464523315e-05,0,False
3,g003_p000060_g002_p000025_g001_p000072_empty,g002_p000025_g001_p000072_empty,g003_811fb834c970bb7b_0010,48,13.0,42.0,18.0,3.917921640095301e-05,0.016546327620744705,0.00021164491772651672,0.00021164491772651672,0,False
3,g003_p000061_g002_p000025_g001_p000072_empty,g002_p000025_g001_p000072_empty,g003_811fb834c970bb7b_0010,49,11.0,42.0,18.0,3.91792127629742e-05,0.016558969393372536,0.00022428669035434723,0.00022428669035434723,0,False
3,g003_p000062_g002_p000025_g001_p000072_empty,g002_p000025_g001_p000072_empty,g003_811fb834c970bb7b_0010,50,13.0,43.0,19.0,3.916999776265584e-05,0.016482366248965263,0.0001476835459470749,0.0001476835459470749,0,False
3,g003_p000063_g002_p000025_g001_p000072_empty,g002_p000025_g001_p000072_empty,g003_811fb834c970bb7b_0010,51,11.0,41.0,19.0,3.9169990486698225e-05,0.016469167545437813,0.00013448484241962433,0.00013448484241962433,0,False
3,g003_p000064_g002_p000025_g001_p000072_empty,g002_p000025_g001_p000072_empty,g003_811fb834c970bb7b_0010,52,10.0,42.0,20.0,3.871337685268372e-05,0.01661360077559948,0.0002789180725812912,0.0002789180725812912,0,False
3,g003_p000065_g002_p000025_g001_p000072_empty,g002_p000025_g001_p000072_empty,g003_811fb834c970bb7b_0010,53,14.0,42.0,20.0,3.8713362300768495e-05,0.016518570482730865,0.000183887779712677,0.000183887779712677,0,False
3,g003_p000066_g002_p000025_g001_p000072_empty,g002_p000025_g001_p000072_empty,g003_811fb834c970bb7b_0010,54,8.0,10.0,17.0,3.868229759973474e-05,0.016609469428658485,0.00027478672564029694,0.00027478672564029694,0,False
3,g003_p000067_g002_p000025_g001_p000072_empty,g002_p000025_g001_p000072_empty,g003_811fb834c970bb7b_0010,55,12.0,10.0,17.0,3.868225394398905e-05,0.016470329836010933,0.00013564713299274445,0.00013564713299274445,0,False
3,g003_p000068_g002_p000025_g001_p000072_empty,g002_p000025_g001_p000072_empty,g003_811fb834c970bb7b_0010,56,12.0,39.0,20.0,3.7540554330917075e-05,0.016538266092538834,0.00020358338952064514,0.00020358338952064514,0,False
3,g003_p000069_g002_p000025_g001_p000072_empty,g002_p000025_g001_p000072_empty,g003_811fb834c970bb7b_0010,57,12.0,45.0,20.0,3.754055069293827e-05,0.0163793433457613,4.466064274311066e-05,4.466064274311066e-05,0,False
3,g003_p000070_g002_p000025_g001_p000072_empty,g002_p000025_g001_p000072_empty,g003_811fb834c970bb7b_0010,58,10.0,41.0,20.0,3.6571771488524973e-05,0.016367565840482712,3.2883137464523315e-05,3.2883137464523315e-05,0,False
3,g003_p000071_g002_p000025_g001_p000072_empty,g002_p000025_g001_p000072_empty,g003_811fb834c970bb7b_0010,59,14.0,43.0,20.0,3.657176421256736e-05,0.016608698293566704,0.0002740155905485153,0.0002740155905485153,0,False
3,g003_p000072_g002_p000031_g001_p000072_empty,g002_p000031_g001_p000072_empty,g003_811fb834c970bb7b_0010,60,13.0,43.0,18.0,3.6540033761411905e-05,0.016520515084266663,0.00018583238124847412,0.00018583238124847412,0,False
3,g003_p000073_g002_p000031_g001_p000072_empty,g002_p000031_g001_p000072_empty,g003_811fb834c970bb7b_0010,61,11.0,41.0,18.0,3.65400301234331e-05,0.0164173673838377,8.268468081951141e-05,8.268468081951141e-05,0,False
3,g003_p000074_g002_p000031_g001_p000072_empty,g002_p000031_g001_p000072_empty,g003_811fb834c970bb7b_0010,62,11.0,40.0,20.0,3.621663563535549e-05,0.016422061249613762,8.737854659557343e-05,8.737854659557343e-05,0,False
3,g003_p000075_g002_p000031_g001_p000072_empty,g002_p000031_g001_p000072_empty,g003_811fb834c970bb7b_0010,63,13.0,44.0,20.0,3.621662835939787e-05,0.016457729041576385,0.00012304633855819702,0.00012304633855819702,0,False
3,g003_p000076_g002_p000031_g001_p000072_empty,g002_p000031_g001_p000072_empty,g003_811fb834c970bb7b_0010,64,10.0,43.0,20.0,3.51569578924682e-05,0.016408124938607216,7.34422355890274e-05,7.34422355890274e-05,0,False
3,g003_p000077_g002_p000031_g001_p000072_empty,g002_p000031_g001_p000072_empty,g003_811fb834c970bb7b_0010,65,14.0,41.0,20.0,3.5156950616510585e-05,0.01647300086915493,0.00013831816613674164,0.00013831816613674164,0,False
3,g003_p000078_g002_p000031_g001_p000072_empty,g002_p000031_g001_p000072_empty,g003_811fb834c970bb7b_0010,66,10.0,40.0,20.0,3.493005351629108e-05,0.01647225208580494,0.0001375693827867508,0.0001375693827867508,0,False
3,g003_p000079_g002_p000031_g001_p000072_empty,g002_p000031_g001_p000072_empty,g003_811fb834c970bb7b_0010,67,14.0,44.0,20.0,3.4930038964375854e-05,0.01655796729028225,0.00022328458726406097,0.00022328458726406097,0,False
3,g003_p000080_g002_p000031_g001_p000072_empty,g002_p000031_g001_p000072_empty,g003_811fb834c970bb7b_0010,68,12.0,42.0,18.0,3.4676355426199734e-05,0.016488177701830864,0.00015349499881267548,0.00015349499881267548,0,False
3,g003_p000081_g002_p000031_g001_p000072_empty,g002_p000031_g001_p000072_empty,g003_811fb834c970bb7b_0010,69,27.0,9.0,35.0,3.465738336672075e-05,0.016520561650395393,0.0001858789473772049,0.0001858789473772049,0,False
3,g003_p000082_g002_p000031_g001_p000072_empty,g002_p000031_g001_p000072_empty,g003_811fb834c970bb7b_0010,70,25.0,11.0,35.0,3.465737609076314e-05,0.016431987285614014,9.73045825958252e-05,9.73045825958252e-05,0,False
3,g003_p000083_g002_p000031_g001_p000072_empty,g002_p000031_g001_p000072_empty,g003_811fb834c970bb7b_0010,71,27.0,10.0,35.0,3.465691770543344e-05,0.016410784795880318,7.610209286212921e-05,7.610209286212921e-05,0,False
3,g003_p000084_g002_p000037_g001_p000093_empty,g002_p000037_g001_p000093_empty,g003_811fb834c970bb7b_0010,72,25.0,10.0,35.0,3.4656914067454636e-05,0.016475416719913483,0.0001407340168952942,0.0001407340168952942,0,False
3,g003_p000085_g002_p000037_g001_p000093_empty,g002_p000037_g001_p000093_empty,g003_811fb834c970bb7b_0010,73,9.0,12.0,17.0,3.398280750843696e-05,0.01641855202615261,8.38693231344223e-05,8.38693231344223e-05,0,False
3,g003_p000086_g002_p000037_g001_p000093_empty,g002_p000037_g001_p000093_empty,g003_811fb834c970bb7b_0010,74,11.0,8.0,17.0,3.398280023247935e-05,0.016405398026108742,7.071532309055328e-05,7.071532309055328e-05,0,False
3,g003_p000087_g002_p000037_g001_p000093_empty,g002_p000037_g001_p000093_empty,g003_811fb834c970bb7b_0010,75,10.0,44.0,20.0,3.391651625861414e-05,0.0165275726467371,0.00019288994371891022,0.00019288994371891022,0,False
3,g003_p000088_g002_p000037_g001_p000093_empty,g002_p000037_g001_p000093_empty,g003_811fb834c970bb7b_0010,76,14.0,40.0,20.0,3.391651262063533e-05,0.016504734754562378,0.00017005205154418945,0.00017005205154418945,0,False
3,g003_p000089_g002_p000037_g001_p000093_empty,g002_p000037_g001_p000093_empty,g003_811fb834c970bb7b_0010,77,40.0,10.0,24.0,3.3683125366223976e-05,0.016628040000796318,0.0002933572977781296,0.0002933572977781296,0,False
3,g003_p000090_g002_p000037_g001_p000093_empty,g002_p000037_g001_p000093_empty,g003_811fb834c970bb7b_0010,78,42.0,8.0,24.0,3.368311809026636e-05,0.01662575826048851,0.00029107555747032166,0.00029107555747032166,0,False
3,g003_p000091_g002_p000037_g001_p000093_empty,g002_p000037_g001_p000093_empty,g003_811fb834c970bb7b_0010,79,42.0,12.0,24.0,3.3683114452287555e-05,0.016552496701478958,0.00021781399846076965,0.00021781399846076965,0,False
3,g003_p000092_g002_p000037_g001_p000093_empty,g002_p000037_g001_p000093_empty,g003_811fb834c970bb7b_0010,80,44.0,10.0,24.0,3.3683099900372326e-05,0.016542207449674606,0.00020752474665641785,0.00020752474665641785,0,False
3,g003_p000093_g002_p000037_g001_p000093_empty,g002_p000037_g001_p000093_empty,g003_811fb834c970bb7b_0010,81,25.0,8.0,37.0,3.309709427412599e-05,0.016419904306530952,8.522160351276398e-05,8.522160351276398e-05,0,False
3,g003_p000094_g002_p000037_g001_p000093_empty,g002_p000037_g001_p000093_empty,g003_811fb834c970bb7b_0010,82,27.0,12.0,37.0,3.3097079722210765e-05,0.01644589565694332,0.00011121295392513275,0.00011121295392513275,0,False
3,g003_p000095_g002_p000037_g001_p000093_empty,g002_p000037_g001_p000093_empty,g003_811fb834c970bb7b_0010,83,9.0,8.0,17.0,3.2807758543640375e-05,0.016566423699259758,0.00023174099624156952,0.00023174099624156952,0,False
4,g004_p000000_g003_p000004_g002_p000038_g001_p000093_empty,g003_p000004_g002_p000038_g001_p000093_empty,g004_0f2a034edd899870_0011,0,12.0,42.0,19.0,8.122214785544202e-05,0.016516834497451782,0.00018378719687461853,0.00018215179443359375,0,False
4,g004_p000006_g003_p000004_g002_p000038_g001_p000093_empty,g003_p000004_g002_p000038_g001_p000093_empty,g004_0f2a034edd899870_0011,1,12.0,43.0,20.0,6.900660810060799e-05,0.016561882570385933,0.00022883526980876923,0.00022719986736774445,0,False
4,g004_p000012_g003_p000010_g002_p000038_g001_p000093_empty,g003_p000010_g002_p000038_g001_p000093_empty,g004_0f2a034edd899870_0011,2,12.0,41.0,20.0,6.856675463495776e-05,0.016385452821850777,5.2405521273612976e-05,5.0770118832588196e-05,0,False
4,g004_p000018_g003_p000010_g002_p000038_g001_p000093_empty,g003_p000010_g002_p000038_g001_p000093_empty,g004_0f2a034edd899870_0011,3,11.0,10.0,17.0,6.275781925069168e-05,0.016457749530673027,0.00012470223009586334,0.00012306682765483856,0,False
4,g004_p000024_g003_p000001_g002_p000038_g001_p000093_empty,g003_p000001_g002_p000038_g001_p000093_empty,g004_3996527b907ba4c8_0012,0,12.0,42.0,19.0,8.122159488266334e-05,0.016559358686208725,0.0002246759831905365,0.0002246759831905365,0,False
4,g004_p000025_g003_p000001_g002_p000038_g001_p000093_empty,g003_p000001_g002_p000038_g001_p000093_empty,g004_3996527b907ba4c8_0012,1,12.0,43.0,20.0,6.900660810060799e-05,0.01647847332060337,0.0001437906175851822,0.0001437906175851822,0,False
4,g004_p000026_g003_p000001_g002_p000038_g001_p000093_empty,g003_p000001_g002_p000038_g001_p000093_empty,g004_3996527b907ba4c8_0012,2,12.0,41.0,20.0,6.900660082465038e-05,0.01646379381418228,0.00012911111116409302,0.00012911111116409302,0,False
4,g004_p000027_g003_p000001_g002_p000038_g001_p000093_empty,g003_p000001_g002_p000038_g001_p000093_empty,g004_3996527b907ba4c8_0012,3,11.0,10.0,17.0,6.275781925069168e-05,0.01642828993499279,9.360723197460175e-05,9.360723197460175e-05,0,False
4,g004_p000028_g003_p000001_g002_p000038_g001_p000093_empty,g003_p000001_g002_p000038_g001_p000093_empty,g004_3996527b907ba4c8_0012,4,9.0,10.0,17.0,6.275781197473407e-05,0.01644360087811947,0.00010891817510128021,0.00010891817510128021,0,False
4,g004_p000029_g003_p000001_g002_p000038_g001_p000093_empty,g003_p000001_g002_p000038_g001_p000093_empty,g004_3996527b907ba4c8_0012,5,11.0,43.0,20.0,6.144454528111964e-05,0.016412317752838135,7.763504981994629e-05,7.763504981994629e-05,0,False
4,g004_p000030_g003_p000001_g002_p000038_g001_p000093_empty,g003_p000001_g002_p000038_g001_p000093_empty,g004_3996527b907ba4c8_0012,6,13.0,41.0,20.0,6.144453072920442e-05,0.016413085162639618,7.840245962142944e-05,7.840245962142944e-05,0,False
4,g004_p000031_g003_p000001_g002_p000038_g001_p000093_empty,g003_p000001_g002_p000038_g001_p000093_empty,g004_3996527b907ba4c8_0012,7,9.0,11.0,17.0,5.940553455729969e-05,0.0163844283670187,4.974566400051117e-05,4.974566400051117e-05,0,False
4,g004_p000032_g003_p000001_g002_p000038_g001_p000093_empty,g003_p000001_g002_p000038_g001_p000093_empty,g004_3996527b907ba4c8_0012,8,11.0,9.0,17.0,5.940550909144804e-05,0.01638774387538433,5.306117236614227e-05,5.306117236614227e-05,0,False
4,g004_p000033_g003_p000001_g002_p000038_g001_p000093_empty,g003_p000001_g002_p000038_g001_p000093_empty,g004_3996527b907ba4c8_0012,9,10.0,9.0,17.0,5.9084559325128794e-05,0.01646529883146286,0.00013061612844467163,0.00013061612844467163,0,False
4,g004_p000034_g003_p000001_g002_p000038_g001_p000093_empty,g003_p000001_g002_p000038_g001_p000093_empty,g004_3996527b907ba4c8_0012,10,10.0,11.0,17.0,5.908455204917118e-05,0.016441496089100838,0.00010681338608264923,0.00010681338608264923,0,False
4,g004_p000035_g003_p000001_g002_p000038_g001_p000093_empty,g003_p000001_g002_p000038_g001_p000093_empty,g004_3996527b907ba4c8_0012,11,11.0,42.0,20.0,5.2042749302927405e-05,0.016563497483730316,0.00022881478071212769,0.00022881478071212769,0,False
4,g004_p000036_g003_p000007_g002_p000038_g001_p000093_empty,g003_p000007_g002_p000038_g001_p000093_empty,g004_3996527b907ba4c8_0012,12,13.0,42.0,20.0,5.204273838899098e-05,0.016628295183181763,0.0002936124801635742,0.0002936124801635742,0,False
4,g004_p000037_g003_p000007_g002_p000038_g001_p000093_empty,g003_p000007_g002_p000038_g001_p000093_empty,g004_3996527b907ba4c8_0012,13,12.0,43.0,19.0,5.1120747230015695e-05,0.016430499032139778,9.581632912158966e-05,9.581632912158966e-05,0,False
4,g004_p000038_g003_p000007_g002_p000038_g001_p000093_empty,g003_p000007_g002_p000038_g001_p000093_empty,g004_3996527b907ba4c8_0012,14,12.0,41.0,19.0,5.112074359203689e-05,0.01636718213558197,3.249943256378174e-05,3.249943256378174e-05,0,False
4,g004_p000039_g003_p000007_g002_p000038_g001_p000093_empty,g003_p000007_g002_p000038_g001_p000093_empty,g004_3996527b907ba4c8_0012,15,10.0,11.0,16.0,5.102583600091748e-05,0.016593242064118385,0.00025855936110019684,0.00025855936110019684,0,False
4,g004_p000040_g003_p000007_g002_p000038_g001_p000093_empty,g003_p000007_g002_p000038_g001_p000093_empty,g004_3996527b907ba4c8_0012,16,10.0,9.0,16.0,5.102581053506583e-05,0.016523122787475586,0.00018844008445739746,0.00018844008445739746,0,False
4,g004_p000041_g003_p000007_g002_p000038_g001_p000093_empty,g003_p000007_g002_p000038_g001_p000093_empty,g004_3996527b907ba4c8_0012,17,25.0,9.0,36.0,4.963566971127875e-05,0.016467586159706116,0.00013290345668792725,0.00013290345668792725,0,False
4,g004_p000042_g003_p000007_g002_p000038_g001_p000093_empty,g003_p000007_g002_p000038_g001_p000093_empty,g004_3996527b907ba4c8_0012,18,27.0,11.0,36.0,4.9635651521384716e-05,0.01643357425928116,9.889155626296997e-05,9.889155626296997e-05,0,False
4,g004_p000043_g003_p000007_g002_p000038_g001_p000093_empty,g003_p000007_g002_p000038_g001_p000093_empty,g004_3996527b907ba4c8_0012,19,11.0,10.0,16.0,4.89582926093135e-05,0.01650555059313774,0.0001708678901195526,0.0001708678901195526,0,False
4,g004_p000044_g003_p000007_g002_p000038_g001_p000093_empty,g003_p000007_g002_p000038_g001_p000093_empty,g004_3996527b907ba4c8_0012,20,9.0,10.0,16.0,4.8958278057398275e-05,0.016440946608781815,0.0001062639057636261,0.0001062639057636261,0,False
4,g004_p000045_g003_p000007_g002_p000038_g001_p000093_empty,g003_p000007_g002_p000038_g001_p000093_empty,g004_3996527b907ba4c8_0012,21,12.0,44.0,20.0,4.890865966444835e-05,0.01642262190580368,8.793920278549194e-05,8.793920278549194e-05,0,False
4,g004_p000046_g003_p000007_g002_p000038_g001_p000093_empty,g003_p000007_g002_p000038_g001_p000093_empty,g004_3996527b907ba4c8_0012,22,12.0,40.0,20.0,4.8908656026469544e-05,0.01641232520341873,7.764250040054321e-05,7.764250040054321e-05,0,False
4,g004_p000047_g003_p000007_g002_p000038_g001_p000093_empty,g003_p000007_g002_p000038_g001_p000093_empty,g004_3996527b907ba4c8_0012,23,11.0,41.0,20.0,4.62875614175573e-05,0.016498446464538574,0.00016376376152038574,0.00016376376152038574,0,False
4,g004_p000048_g003_p000056_g002_p000019_g001_p000005_empty,g003_p000056_g002_p000019_g001_p000005_empty,g004_16701111c9991fde_0013,0,12.0,42.0,19.0,8.122159488266334e-05,0.01647796854376793,0.00013440661132335663,0.0001432858407497406,0,False
4,g004_p000054_g003_p000056_g002_p000019_g001_p000005_empty,g003_p000056_g002_p000019_g001_p000005_empty,g004_16701111c9991fde_0013,1,12.0,43.0,20.0,6.900660810060799e-05,0.016572255641222,0.00022869370877742767,0.00023757293820381165,0,False
4,g004_p000060_g003_p000057_g002_p000019_g001_p000005_empty,g003_p000057_g002_p000019_g001_p000005_empty,g004_b8e94243666929ae_0014,0,12.0,42.0,19.0,8.122159488266334e-05,0.01644081436097622,9.725242853164673e-05,0.0001061316579580307,0,False
4,g004_p000066_g003_p000057_g002_p000019_g001_p000005_empty,g003_p000057_g002_p000019_g001_p000005_empty,g004_b8e94243666929ae_0014,1,12.0,43.0,20.0,6.900660810060799e-05,0.016441963613033295,9.840168058872223e-05,0.0001072809100151062,0,False
4,g004_p000072_g003_p000008_g002_p000038_g001_p000093_empty,g003_p000008_g002_p000038_g001_p000093_empty,g004_811f0f8ea6d7440a_0015,0,12.0,42.0,19.0,8.122159488266334e-05,0.016407033428549767,5.452893674373627e-05,7.235072553157806e-05,0,False
4,g004_p000078_g003_p000008_g002_p000038_g001_p000093_empty,g003_p000008_g002_p000038_g001_p000093_empty,g004_811f0f8ea6d7440a_0015,1,12.0,43.0,20.0,6.900660810060799e-05,0.016626007854938507,0.0002735033631324768,0.0002913251519203186,0,False
4,g004_p000084_g003_p000015_g002_p000001_g001_p000057_empty,g003_p000015_g002_p000001_g001_p000057_empty,g004_ac8865fae7b45a58_0016,0,12.0,42.0,19.0,8.122159488266334e-05,0.016565989702939987,0.00021178647875785828,0.0002313069999217987,0,False
4,g004_p000090_g003_p000015_g002_p000001_g001_p000057_empty,g003_p000015_g002_p000001_g001_p000057_empty,g004_ac8865fae7b45a58_0016,1,12.0,43.0,20.0,6.900660810060799e-05,0.01649629697203636,0.0001420937478542328,0.00016161426901817322,0,False
5,g005_p000000_g004_p000068_g003_p000057_g002_p000019_g001_p000005_empty,g004_p000068_g003_p000057_g002_p000019_g001_p000005_empty,g005_876c39923b19925e_0017,0,12.0,42.0,19.0,8.122159488266334e-05,0.016492020338773727,0.00016040168702602386,0.00015733763575553894,0,False
5,g005_p000006_g004_p000068_g003_p000057_g002_p000019_g001_p000005_empty,g004_p000068_g003_p000057_g002_p000019_g001_p000005_empty,g005_876c39923b19925e_0017,1,12.0,43.0,20.0,6.900660810060799e-05,0.016364511102437973,3.289245069026947e-05,2.9828399419784546e-05,0,False
5,g005_p000012_g004_p000004_g003_p000004_g002_p000038_g001_p000093_empty,g004_p000004_g003_p000004_g002_p000038_g001_p000093_empty,g005_2a994fd4525a5f7e_0018,0,12.0,42.0,19.0,8.122214785544202e-05,0.01641613245010376,8.308514952659607e-05,8.144974708557129e-05,0,False
5,g005_p000018_g004_p000004_g003_p000004_g002_p000038_g001_p000093_empty,g004_p000004_g003_p000004_g002_p000038_g001_p000093_empty,g005_2a994fd4525a5f7e_0018,1,12.0,43.0,20.0,6.900660810060799e-05,0.01643151044845581,9.846314787864685e-05,9.682774543762207e-05,0,False
5,g005_p000024_g004_p000010_g003_p000004_g002_p000038_g001_p000093_empty,g004_p000010_g003_p000004_g002_p000038_g001_p000093_empty,g005_2a994fd4525a5f7e_0018,2,12.0,41.0,20.0,6.856675463495776e-05,0.016541987657546997,0.00020894035696983337,0.0002073049545288086,0,False
5,g005_p000030_g004_p000010_g003_p000004_g002_p000038_g001_p000093_empty,g004_p000010_g003_p000004_g002_p000038_g001_p000093_empty,g005_2a994fd4525a5f7e_0018,3,11.0,10.0,17.0,6.275781925069168e-05,0.016361329704523087,2.828240394592285e-05,2.664700150489807e-05,0,False
5,g005_p000036_g004_p000016_g003_p000010_g002_p000038_g001_p000093_empty,g004_p000016_g003_p000010_g002_p000038_g001_p000093_empty,g005_2a994fd4525a5f7e_0018,4,9.0,10.0,17.0,6.275781197473407e-05,0.01637272723019123,3.967992961406708e-05,3.80445271730423e-05,0,False
5,g005_p000042_g004_p000016_g003_p000010_g002_p000038_g001_p000093_empty,g004_p000016_g003_p000010_g002_p000038_g001_p000093_empty,g005_2a994fd4525a5f7e_0018,5,13.0,41.0,20.0,6.159654731163755e-05,0.016496824100613594,0.00016377680003643036,0.00016214139759540558,0,False
5,g005_p000048_g004_p000022_g003_p000010_g002_p000038_g001_p000093_empty,g004_p000022_g003_p000010_g002_p000038_g001_p000093_empty,g005_2a994fd4525a5f7e_0018,6,11.0,43.0,20.0,6.144454528111964e-05,0.01651466265320778,0.00018161535263061523,0.00017997995018959045,0,False
5,g005_p000054_g004_p000022_g003_p000010_g002_p000038_g001_p000093_empty,g004_p000022_g003_p000010_g002_p000038_g001_p000093_empty,g005_2a994fd4525a5f7e_0018,7,9.0,11.0,17.0,5.940553455729969e-05,0.016480088233947754,0.0001470409333705902,0.00014540553092956543,0,False
5,g005_p000060_g004_p000001_g003_p000004_g002_p000038_g001_p000093_empty,g004_p000001_g003_p000004_g002_p000038_g001_p000093_empty,g005_62ac2e105accdcb1_0019,0,12.0,42.0,19.0,8.122159488266334e-05,0.01662488467991352,0.00029020197689533234,0.00029020197689533234,0,False
5,g005_p000061_g004_p000001_g003_p000004_g002_p000038_g001_p000093_empty,g004_p000001_g003_p000004_g002_p000038_g001_p000093_empty,g005_62ac2e105accdcb1_0019,1,12.0,43.0,20.0,6.900660810060799e-05,0.01643313653767109,9.84538346529007e-05,9.84538346529007e-05,0,False
5,g005_p000062_g004_p000001_g003_p000004_g002_p000038_g001_p000093_empty,g004_p000001_g003_p000004_g002_p000038_g001_p000093_empty,g005_62ac2e105accdcb1_0019,2,12.0,41.0,20.0,6.900660082465038e-05,0.016413085162639618,7.840245962142944e-05,7.840245962142944e-05,0,False
5,g005_p000063_g004_p000001_g003_p000004_g002_p000038_g001_p000093_empty,g004_p000001_g003_p000004_g002_p000038_g001_p000093_empty,g005_62ac2e105accdcb1_0019,3,11.0,10.0,17.0,6.275781925069168e-05,0.016344115138053894,9.432435035705566e-06,9.432435035705566e-06,0,False
5,g005_p000064_g004_p000001_g003_p000004_g002_p000038_g001_p000093_empty,g004_p000001_g003_p000004_g002_p000038_g001_p000093_empty,g005_62ac2e105accdcb1_0019,4,9.0,10.0,17.0,6.275781197473407e-05,0.01645297184586525,0.00011828914284706116,0.00011828914284706116,0,False
5,g005_p000065_g004_p000001_g003_p000004_g002_p000038_g001_p000093_empty,g004_p000001_g003_p000004_g002_p000038_g001_p000093_empty,g005_62ac2e105accdcb1_0019,5,11.0,43.0,20.0,6.144454528111964e-05,0.01649121195077896,0.0001565292477607727,0.0001565292477607727,0,False
5,g005_p000066_g004_p000001_g003_p000004_g002_p000038_g001_p000093_empty,g004_p000001_g003_p000004_g002_p000038_g001_p000093_empty,g005_62ac2e105accdcb1_0019,6,13.0,41.0,20.0,6.144453072920442e-05,0.01647847332060337,0.0001437906175851822,0.0001437906175851822,0,False
5,g005_p000067_g004_p000001_g003_p000004_g002_p000038_g001_p000093_empty,g004_p000001_g003_p000004_g002_p000038_g001_p000093_empty,g005_62ac2e105accdcb1_0019,7,9.0,11.0,17.0,5.940553455729969e-05,0.016459021717309952,0.0001243390142917633,0.0001243390142917633,0,False
5,g005_p000068_g004_p000001_g003_p000004_g002_p000038_g001_p000093_empty,g004_p000001_g003_p000004_g002_p000038_g001_p000093_empty,g005_62ac2e105accdcb1_0019,8,11.0,9.0,17.0,5.940550909144804e-05,0.0163844283670187,4.974566400051117e-05,4.974566400051117e-05,0,False
5,g005_p000069_g004_p000001_g003_p000004_g002_p000038_g001_p000093_empty,g004_p000001_g003_p000004_g002_p000038_g001_p000093_empty,g005_62ac2e105accdcb1_0019,9,10.0,9.0,17.0,5.9084559325128794e-05,0.016431257128715515,9.657442569732666e-05,9.657442569732666e-05,0,False
5,g005_p000070_g004_p000001_g003_p000004_g002_p000038_g001_p000093_empty,g004_p000001_g003_p000004_g002_p000038_g001_p000093_empty,g005_62ac2e105accdcb1_0019,10,10.0,11.0,17.0,5.908455204917118e-05,0.016378337517380714,4.365481436252594e-05,4.365481436252594e-05,0,False
5,g005_p000071_g004_p000001_g003_p000004_g002_p000038_g001_p000093_empty,g004_p000001_g003_p000004_g002_p000038_g001_p000093_empty,g005_62ac2e105accdcb1_0019,11,11.0,42.0,20.0,5.2042749302927405e-05,0.01647847332060337,0.0001437906175851822,0.0001437906175851822,0,False
5,g005_p000072_g004_p000007_g003_p000004_g002_p000038_g001_p000093_empty,g004_p000007_g003_p000004_g002_p000038_g001_p000093_empty,g005_62ac2e105accdcb1_0019,12,13.0,42.0,20.0,5.204273838899098e-05,0.0165414959192276,0.00020681321620941162,0.00020681321620941162,0,False
5,g005_p000073_g004_p000007_g003_p000004_g002_p000038_g001_p000093_empty,g004_p000007_g003_p000004_g002_p000038_g001_p000093_empty,g005_62ac2e105accdcb1_0019,13,12.0,43.0,19.0,5.1120747230015695e-05,0.016560835763812065,0.00022615306079387665,0.00022615306079387665,0,False
5,g005_p000074_g004_p000007_g003_p000004_g002_p000038_g001_p000093_empty,g004_p000007_g003_p000004_g002_p000038_g001_p000093_empty,g005_62ac2e105accdcb1_0019,14,12.0,41.0,19.0,5.112074359203689e-05,0.016496537253260612,0.000161854550242424,0.000161854550242424,0,False
5,g005_p000075_g004_p000007_g003_p000004_g002_p000038_g001_p000093_empty,g004_p000007_g003_p000004_g002_p000038_g001_p000093_empty,g005_62ac2e105accdcb1_0019,15,10.0,11.0,16.0,5.102583600091748e-05,0.01646663248538971,0.000131949782371521,0.000131949782371521,0,False
5,g005_p000076_g004_p000007_g003_p000004_g002_p000038_g001_p000093_empty,g004_p000007_g003_p000004_g002_p000038_g001_p000093_empty,g005_62ac2e105accdcb1_0019,16,10.0,9.0,16.0,5.102581053506583e-05,0.016440782696008682,0.00010609999299049377,0.00010609999299049377,0,False
5,g005_p000077_g004_p000007_g003_p000004_g002_p000038_g001_p000093_empty,g004_p000007_g003_p000004_g002_p000038_g001_p000093_empty,g005_62ac2e105accdcb1_0019,17,25.0,9.0,36.0,4.963566971127875e-05,0.016522346064448357,0.00018766336143016815,0.00018766336143016815,0,False
5,g005_p000078_g004_p000007_g003_p000004_g002_p000038_g001_p000093_empty,g004_p000007_g003_p000004_g002_p000038_g001_p000093_empty,g005_62ac2e105accdcb1_0019,18,27.0,11.0,36.0,4.9635651521384716e-05,0.0164245143532753,8.98316502571106e-05,8.98316502571106e-05,0,False
5,g005_p000079_g004_p000007_g003_p000004_g002_p000038_g001_p000093_empty,g004_p000007_g003_p000004_g002_p000038_g001_p000093_empty,g005_62ac2e105accdcb1_0019,19,11.0,10.0,16.0,4.89582926093135e-05,0.016440946608781815,0.0001062639057636261,0.0001062639057636261,0,False
5,g005_p000080_g004_p000007_g003_p000004_g002_p000038_g001_p000093_empty,g004_p000007_g003_p000004_g002_p000038_g001_p000093_empty,g005_62ac2e105accdcb1_0019,20,9.0,10.0,16.0,4.8958278057398275e-05,0.016593242064118385,0.00025855936110019684,0.00025855936110019684,0,False
5,g005_p000081_g004_p000007_g003_p000004_g002_p000038_g001_p000093_empty,g004_p000007_g003_p000004_g002_p000038_g001_p000093_empty,g005_62ac2e105accdcb1_0019,21,12.0,44.0,20.0,4.890865966444835e-05,0.016428181901574135,9.349919855594635e-05,9.349919855594635e-05,0,False
5,g005_p000082_g004_p000007_g003_p000004_g002_p000038_g001_p000093_empty,g004_p000007_g003_p000004_g002_p000038_g001_p000093_empty,g005_62ac2e105accdcb1_0019,22,12.0,40.0,20.0,4.8908656026469544e-05,0.016428181901574135,9.349919855594635e-05,9.349919855594635e-05,0,False
5,g005_p000083_g004_p000007_g003_p000004_g002_p000038_g001_p000093_empty,g004_p000007_g003_p000004_g002_p000038_g001_p000093_empty,g005_62ac2e105accdcb1_0019,23,11.0,41.0,20.0,4.62875614175573e-05,0.016487816348671913,0.00015313364565372467,0.00015313364565372467,0,False
5,g005_p000084_g004_p000013_g003_p000010_g002_p000038_g001_p000093_empty,g004_p000013_g003_p000010_g002_p000038_g001_p000093_empty,g005_62ac2e105accdcb1_0019,24,13.0,43.0,20.0,4.628755777957849e-05,0.016623398289084435,0.00028871558606624603,0.00028871558606624603,0,False
5,g005_p000085_g004_p000013_g003_p000010_g002_p000038_g001_p000093_empty,g004_p000013_g003_p000010_g002_p000038_g001_p000093_empty,g005_62ac2e105accdcb1_0019,25,12.0,42.0,20.0,4.379302481538616e-05,0.01647847518324852,0.00014379248023033142,0.00014379248023033142,0,False
5,g005_p000086_g004_p000013_g003_p000010_g002_p000038_g001_p000093_empty,g004_p000013_g003_p000010_g002_p000038_g001_p000093_empty,g005_62ac2e105accdcb1_0019,26,41.0,10.0,24.0,4.329717921791598e-05,0.016537658870220184,0.00020297616720199585,0.00020297616720199585,0,False
5,g005_p000087_g004_p000013_g003_p000010_g002_p000038_g001_p000093_empty,g004_p000013_g003_p000010_g002_p000038_g001_p000093_empty,g005_62ac2e105accdcb1_0019,27,42.0,9.0,24.0,4.329716830397956e-05,0.016559135168790817,0.00022445246577262878,0.00022445246577262878,0,False
5,g005_p000088_g004_p000013_g003_p000010_g002_p000038_g001_p000093_empty,g004_p000013_g003_p000010_g002_p000038_g001_p000093_empty,g005_62ac2e105accdcb1_0019,28,42.0,11.0,24.0,4.3297164666000754e-05,0.016604764387011528,0.00027008168399333954,0.00027008168399333954,0,False
5,g005_p000089_g004_p000013_g003_p000010_g002_p000038_g001_p000093_empty,g004_p000013_g003_p000010_g002_p000038_g001_p000093_empty,g005_62ac2e105accdcb1_0019,29,43.0,10.0,24.0,4.329715375206433e-05,0.016470277681946754,0.00013559497892856598,0.00013559497892856598,0,False
5,g005_p000090_g004_p000013_g003_p000010_g002_p000038_g001_p000093_empty,g004_p000013_g003_p000010_g002_p000038_g001_p000093_empty,g005_62ac2e105accdcb1_0019,30,26.0,9.0,36.0,4.188812818028964e-05,0.016455570235848427,0.00012088753283023834,0.00012088753283023834,0,False
5,g005_p000091_g004_p000013_g003_p000010_g002_p000038_g001_p000093_empty,g004_p000013_g003_p000010_g002_p000038_g001_p000093_empty,g005_62ac2e105accdcb1_0019,31,26.0,11.0,36.0,4.188812090433203e-05,0.016485074535012245,0.0001503918319940567,0.0001503918319940567,0,False
5,g005_p000092_g004_p000013_g003_p000010_g002_p000038_g001_p000093_empty,g004_p000013_g003_p000010_g002_p000038_g001_p000093_empty,g005_62ac2e105accdcb1_0019,32,25.0,10.0,36.0,4.1871462599374354e-05,0.0165328960865736,0.0001982133835554123,0.0001982133835554123,0,False
5,g005_p000093_g004_p000013_g003_p000010_g002_p000038_g001_p000093_empty,g004_p000013_g003_p000010_g002_p000038_g001_p000093_empty,g005_62ac2e105accdcb1_0019,33,27.0,10.0,36.0,4.1871437133522704e-05,0.016429735347628593,9.505264461040497e-05,9.505264461040497e-05,0,False
5,g005_p000094_g004_p000013_g003_p000010_g002_p000038_g001_p000093_empty,g004_p000013_g003_p000010_g002_p000038_g001_p000093_empty,g005_62ac2e105accdcb1_0019,34,9.0,9.0,17.0,4.111378439120017e-05,0.01648365892469883,0.00014897622168064117,0.00014897622168064117,0,False
5,g005_p000095_g004_p000013_g003_p000010_g002_p000038_g001_p000093_empty,g004_p000013_g003_p000010_g002_p000038_g001_p000093_empty,g005_62ac2e105accdcb1_0019,35,11.0,11.0,17.0,4.111373709747568e-05,0.016364283859729767,2.960115671157837e-05,2.960115671157837e-05,0,False
6,g006_p000000_g005_p000004_g004_p000068_g003_p000057_g002_p000019_g001_p000005_empty,g005_p000004_g004_p000068_g003_p000057_g002_p000019_g001_p000005_empty,g006_8af149394b2f6875_0020,0,12.0,42.0,19.0,8.122159488266334e-05,0.016414713114500046,8.309446275234222e-05,8.00304114818573e-05,0,False
6,g006_p000006_g005_p000004_g004_p000068_g003_p000057_g002_p000019_g001_p000005_empty,g005_p000004_g004_p000068_g003_p000057_g002_p000019_g001_p000005_empty,g006_8af149394b2f6875_0020,1,12.0,43.0,20.0,6.900660810060799e-05,0.016560478135943413,0.00022885948419570923,0.0002257954329252243,0,False
6,g006_p000012_g005_p000005_g004_p000068_g003_p000057_g002_p000019_g001_p000005_empty,g005_p000005_g004_p000068_g003_p000057_g002_p000019_g001_p000005_empty,g006_8af149394b2f6875_0020,2,12.0,41.0,20.0,6.900660082465038e-05,0.01642358861863613,9.196996688842773e-05,8.890591561794281e-05,0,False
6,g006_p000018_g005_p000005_g004_p000068_g003_p000057_g002_p000019_g001_p000005_empty,g005_p000005_g004_p000068_g003_p000057_g002_p000019_g001_p000005_empty,g006_8af149394b2f6875_0020,3,11.0,10.0,17.0,6.193439912749454e-05,0.016491761431097984,0.00016014277935028076,0.00015707872807979584,0,False
6,g006_p000024_g005_p000010_g004_p000068_g003_p000057_g002_p000019_g001_p000005_empty,g005_p000010_g004_p000068_g003_p000057_g002_p000019_g001_p000005_empty,g006_8af149394b2f6875_0020,4,9.0,10.0,17.0,6.193439185153693e-05,0.016406051814556122,7.443316280841827e-05,7.136911153793335e-05,0,False
6,g006_p000030_g005_p000010_g004_p000068_g003_p000057_g002_p000019_g001_p000005_empty,g005_p000010_g004_p000068_g003_p000057_g002_p000019_g001_p000005_empty,g006_8af149394b2f6875_0020,5,11.0,43.0,20.0,6.144454528111964e-05,0.016560843214392662,0.0002292245626449585,0.00022616051137447357,0,False
6,g006_p000036_g005_p000011_g004_p000068_g003_p000057_g002_p000019_g001_p000005_empty,g005_p000011_g004_p000068_g003_p000057_g002_p000019_g001_p000005_empty,g006_8af149394b2f6875_0020,6,13.0,41.0,20.0,6.144453072920442e-05,0.016410037875175476,7.841922342777252e-05,7.53551721572876e-05,0,False
6,g006_p000042_g005_p000011_g004_p000068_g003_p000057_g002_p000019_g001_p000005_empty,g005_p000011_g004_p000068_g003_p000057_g002_p000019_g001_p000005_empty,g006_8af149394b2f6875_0020,7,9.0,11.0,17.0,5.858211443410255e-05,0.016492929309606552,0.00016131065785884857,0.00015824660658836365,0,False
6,g006_p000048_g005_p000016_g004_p000004_g003_p000004_g002_p000038_g001_p000093_empty,g005_p000016_g004_p000004_g003_p000004_g002_p000038_g001_p000093_empty,g006_61d6824f62acadf8_0021,0,12.0,42.0,19.0,8.122214785544202e-05,0.016480743885040283,0.0001476965844631195,0.00014606118202209473,0,False
6,g006_p000054_g005_p000016_g004_p000004_g003_p000004_g002_p000038_g001_p000093_empty,g005_p000016_g004_p000004_g003_p000004_g002_p000038_g001_p000093_empty,g006_61d6824f62acadf8_0021,1,12.0,43.0,20.0,6.900660810060799e-05,0.01637127809226513,3.823079168796539e-05,3.659538924694061e-05,0,False
6,g006_p000060_g005_p000022_g004_p000004_g003_p000004_g002_p000038_g001_p000093_empty,g005_p000022_g004_p000004_g003_p000004_g002_p000038_g001_p000093_empty,g006_61d6824f62acadf8_0021,2,12.0,41.0,20.0,6.856675463495776e-05,0.016626687720417976,0.0002936404198408127,0.0002920050173997879,0,False
6,g006_p000066_g005_p000022_g004_p000004_g003_p000004_g002_p000038_g001_p000093_empty,g005_p000022_g004_p000004_g003_p000004_g002_p000038_g001_p000093_empty,g006_61d6824f62acadf8_0021,3,11.0,10.0,17.0,6.275781925069168e-05,0.016506986692547798,0.00017393939197063446,0.00017230398952960968,0,False
6,g006_p000072_g005_p000028_g004_p000010_g003_p000004_g002_p000038_g001_p000093_empty,g005_p000028_g004_p000010_g003_p000004_g002_p000038_g001_p000093_empty,g006_61d6824f62acadf8_0021,4,9.0,10.0,17.0,6.275781197473407e-05,0.01645134575664997,0.00011829845607280731,0.00011666305363178253,0,False
6,g006_p000078_g005_p000028_g004_p000010_g003_p000004_g002_p000038_g001_p000093_empty,g005_p000028_g004_p000010_g003_p000004_g002_p000038_g001_p000093_empty,g006_61d6824f62acadf8_0021,5,13.0,41.0,20.0,6.159654731163755e-05,0.01637127809226513,3.823079168796539e-05,3.659538924694061e-05,0,False
6,g006_p000084_g005_p000034_g004_p000010_g003_p000004_g002_p000038_g001_p000093_empty,g005_p000034_g004_p000010_g003_p000004_g002_p000038_g001_p000093_empty,g006_61d6824f62acadf8_0021,6,11.0,43.0,20.0,6.144454528111964e-05,0.01647685281932354,0.00014380551874637604,0.00014217011630535126,0,False
6,g006_p000090_g005_p000034_g004_p000010_g003_p000004_g002_p000038_g001_p000093_empty,g005_p000034_g004_p000010_g003_p000004_g002_p000038_g001_p000093_empty,g006_61d6824f62acadf8_0021,7,9.0,11.0,17.0,5.940553455729969e-05,0.016429631039500237,9.658373892307281e-05,9.494833648204803e-05,0,False
7,g007_p000000_g006_p000004_g005_p000004_g004_p000068_g003_p000057_g002_p000019_g001_p000005_empty,g006_p000004_g005_p000004_g004_p000068_g003_p000057_g002_p000019_g001_p000005_empty,g007_0b37c1af20f22865_0022,0,12.0,42.0,19.0,8.122159488266334e-05,0.016557814553380013,0.00022619590163230896,0.00022313185036182404,0,False
7,g007_p000006_g006_p000004_g005_p000004_g004_p000068_g003_p000057_g002_p000019_g001_p000005_empty,g006_p000004_g005_p000004_g004_p000068_g003_p000057_g002_p000019_g001_p000005_empty,g007_0b37c1af20f22865_0022,1,12.0,43.0,20.0,6.900660810060799e-05,0.016463052481412888,0.00013143382966518402,0.0001283697783946991,0,False
7,g007_p000012_g006_p000005_g005_p000004_g004_p000068_g003_p000057_g002_p000019_g001_p000005_empty,g006_p000005_g005_p000004_g004_p000068_g003_p000057_g002_p000019_g001_p000005_empty,g007_0b37c1af20f22865_0022,2,12.0,41.0,20.0,6.900660082465038e-05,0.016384029760956764,5.241110920906067e-05,4.9347057938575745e-05,0,False
7,g007_p000018_g006_p000005_g005_p000004_g004_p000068_g003_p000057_g002_p000019_g001_p000005_empty,g006_p000005_g005_p000004_g004_p000068_g003_p000057_g002_p000019_g001_p000005_empty,g007_0b37c1af20f22865_0022,3,11.0,10.0,17.0,6.193439912749454e-05,0.016341054812073708,9.436160326004028e-06,6.372109055519104e-06,0,False
7,g007_p000024_g006_p000008_g005_p000004_g004_p000068_g003_p000057_g002_p000019_g001_p000005_empty,g006_p000008_g005_p000004_g004_p000068_g003_p000057_g002_p000019_g001_p000005_empty,g007_087f8c6ccf5add39_0023,0,12.0,42.0,19.0,8.122159488266334e-05,0.016557814553380013,0.00022619590163230896,0.00022313185036182404,0,False
7,g007_p000030_g006_p000008_g005_p000004_g004_p000068_g003_p000057_g002_p000019_g001_p000005_empty,g006_p000008_g005_p000004_g004_p000068_g003_p000057_g002_p000019_g001_p000005_empty,g007_087f8c6ccf5add39_0023,1,12.0,43.0,20.0,6.900660810060799e-05,0.016527479514479637,0.0001958608627319336,0.00019279681146144867,0,False
7,g007_p000036_g006_p000010_g005_p000004_g004_p000068_g003_p000057_g002_p000019_g001_p000005_empty,g006_p000010_g005_p000004_g004_p000068_g003_p000057_g002_p000019_g001_p000005_empty,g007_0b37c1af20f22865_0022,4,9.0,10.0,17.0,6.193439185153693e-05,0.01639707013964653,6.54514878988266e-05,6.238743662834167e-05,0,False
7,g007_p000042_g006_p000010_g005_p000004_g004_p000068_g003_p000057_g002_p000019_g001_p000005_empty,g006_p000010_g005_p000004_g004_p000068_g003_p000057_g002_p000019_g001_p000005_empty,g007_0b37c1af20f22865_0022,5,11.0,43.0,20.0,6.144454528111964e-05,0.016344374045729637,1.2755393981933594e-05,9.69134271144867e-06,0,False
7,g007_p000048_g006_p000011_g005_p000004_g004_p000068_g003_p000057_g002_p000019_g001_p000005_empty,g006_p000011_g005_p000004_g004_p000068_g003_p000057_g002_p000019_g001_p000005_empty,g007_0b37c1af20f22865_0022,6,13.0,41.0,20.0,6.144453072920442e-05,0.016600564122200012,0.00026894547045230865,0.00026588141918182373,0,False
7,g007_p000054_g006_p000011_g005_p000004_g004_p000068_g003_p000057_g002_p000019_g001_p000005_empty,g006_p000011_g005_p000004_g004_p000068_g003_p000057_g002_p000019_g001_p000005_empty,g007_0b37c1af20f22865_0022,7,9.0,11.0,17.0,5.858211443410255e-05,0.016483932733535767,0.00015231408178806305,0.00014925003051757812,0,False
7,g007_p000060_g006_p000016_g005_p000005_g004_p000068_g003_p000057_g002_p000019_g001_p000005_empty,g006_p000016_g005_p000005_g004_p000068_g003_p000057_g002_p000019_g001_p000005_empty,g007_0b37c1af20f22865_0022,8,11.0,9.0,17.0,5.858209260622971e-05,0.016483932733535767,0.00015231408178806305,0.00014925003051757812,0,False
7,g007_p000066_g006_p000016_g005_p000005_g004_p000068_g003_p000057_g002_p000019_g001_p000005_empty,g006_p000016_g005_p000005_g004_p000068_g003_p000057_g002_p000019_g001_p000005_empty,g007_0b37c1af20f22865_0022,9,10.0,9.0,17.0,5.8261139201931655e-05,0.016428213566541672,9.65949147939682e-05,9.353086352348328e-05,0,False
7,g007_p000072_g006_p000017_g005_p000005_g004_p000068_g003_p000057_g002_p000019_g001_p000005_empty,g006_p000017_g005_p000005_g004_p000068_g003_p000057_g002_p000019_g001_p000005_empty,g007_0b37c1af20f22865_0022,10,10.0,11.0,17.0,5.826113192597404e-05,0.016362886875867844,3.1268224120140076e-05,2.820417284965515e-05,0,False
7,g007_p000078_g006_p000017_g005_p000005_g004_p000068_g003_p000057_g002_p000019_g001_p000005_empty,g006_p000017_g005_p000005_g004_p000068_g003_p000057_g002_p000019_g001_p000005_empty,g007_0b37c1af20f22865_0022,11,11.0,42.0,20.0,5.2042749302927405e-05,0.016495414078235626,0.00016379542648792267,0.00016073137521743774,0,False
7,g007_p000084_g006_p000022_g005_p000005_g004_p000068_g003_p000057_g002_p000019_g001_p000005_empty,g006_p000022_g005_p000005_g004_p000068_g003_p000057_g002_p000019_g001_p000005_empty,g007_0b37c1af20f22865_0022,12,13.0,42.0,20.0,5.204273838899098e-05,0.01651325263082981,0.00018163397908210754,0.00017856992781162262,0,False
7,g007_p000090_g006_p000022_g005_p000005_g004_p000068_g003_p000057_g002_p000019_g001_p000005_empty,g006_p000022_g005_p000005_g004_p000068_g003_p000057_g002_p000019_g001_p000005_empty,g007_0b37c1af20f22865_0022,13,10.0,11.0,16.0,5.1671107939910144e-05,0.016565922647714615,0.00023430399596691132,0.0002312399446964264,0,False
8,g008_p000000_g007_p000004_g006_p000004_g005_p000004_g004_p000068_g003_p000057_g002_p000019_g001_p000005_empty,g007_p000004_g006_p000004_g005_p000004_g004_p000068_g003_p000057_g002_p000019_g001_p000005_empty,g008_5e68683e938b2438_0024,0,12.0,42.0,19.0,8.122159488266334e-05,0.01660781167447567,0.0002761930227279663,0.0002731289714574814,0,False
8,g008_p000006_g007_p000004_g006_p000004_g005_p000004_g004_p000068_g003_p000057_g002_p000019_g001_p000005_empty,g007_p000004_g006_p000004_g005_p000004_g004_p000068_g003_p000057_g002_p000019_g001_p000005_empty,g008_5e68683e938b2438_0024,1,12.0,43.0,20.0,6.900660810060799e-05,0.016460755839943886,0.00012913718819618225,0.00012607313692569733,0,False
8,g008_p000012_g007_p000005_g006_p000004_g005_p000004_g004_p000068_g003_p000057_g002_p000019_g001_p000005_empty,g007_p000005_g006_p000004_g005_p000004_g004_p000068_g003_p000057_g002_p000019_g001_p000005_empty,g008_5e68683e938b2438_0024,2,12.0,41.0,20.0,6.900660082465038e-05,0.016495414078235626,0.00016379542648792267,0.00016073137521743774,0,False
8,g008_p000018_g007_p000005_g006_p000004_g005_p000004_g004_p000068_g003_p000057_g002_p000019_g001_p000005_empty,g007_p000005_g006_p000004_g005_p000004_g004_p000068_g003_p000057_g002_p000019_g001_p000005_empty,g008_5e68683e938b2438_0024,3,11.0,10.0,17.0,6.193439912749454e-05,0.016448408365249634,0.00011678971350193024,0.00011372566223144531,0,False
8,g008_p000024_g007_p000010_g006_p000004_g005_p000004_g004_p000068_g003_p000057_g002_p000019_g001_p000005_empty,g007_p000010_g006_p000004_g005_p000004_g004_p000068_g003_p000057_g002_p000019_g001_p000005_empty,g008_5e68683e938b2438_0024,4,9.0,10.0,17.0,6.193439185153693e-05,0.016416100785136223,8.448213338851929e-05,8.141808211803436e-05,0,False
8,g008_p000030_g007_p000010_g006_p000004_g005_p000004_g004_p000068_g003_p000057_g002_p000019_g001_p000005_empty,g007_p000010_g006_p000004_g005_p000004_g004_p000068_g003_p000057_g002_p000019_g001_p000005_empty,g008_5e68683e938b2438_0024,5,11.0,43.0,20.0,6.144454528111964e-05,0.016620388254523277,0.00028876960277557373,0.0002857055515050888,0,False
8,g008_p000036_g007_p000011_g006_p000004_g005_p000004_g004_p000068_g003_p000057_g002_p000019_g001_p000005_empty,g007_p000011_g006_p000004_g005_p000004_g004_p000068_g003_p000057_g002_p000019_g001_p000005_empty,g008_5e68683e938b2438_0024,6,13.0,41.0,20.0,6.144453072920442e-05,0.016527486965060234,0.00019586831331253052,0.0001928042620420456,0,False
8,g008_p000042_g007_p000011_g006_p000004_g005_p000004_g004_p000068_g003_p000057_g002_p000019_g001_p000005_empty,g007_p000011_g006_p000004_g005_p000004_g004_p000068_g003_p000057_g002_p000019_g001_p000005_empty,g008_5e68683e938b2438_0024,7,9.0,11.0,17.0,5.858211443410255e-05,0.01638137549161911,4.9756839871406555e-05,4.669278860092163e-05,0,False
8,g008_p000048_g007_p000016_g006_p000005_g005_p000004_g004_p000068_g003_p000057_g002_p000019_g001_p000005_empty,g007_p000016_g006_p000005_g005_p000004_g004_p000068_g003_p000057_g002_p000019_g001_p000005_empty,g008_5e68683e938b2438_0024,8,11.0,9.0,17.0,5.858209260622971e-05,0.0164014995098114,6.988085806369781e-05,6.681680679321289e-05,0,False
8,g008_p000054_g007_p000016_g006_p000005_g005_p000004_g004_p000068_g003_p000057_g002_p000019_g001_p000005_empty,g007_p000016_g006_p000005_g005_p000004_g004_p000068_g003_p000057_g002_p000019_g001_p000005_empty,g008_5e68683e938b2438_0024,9,10.0,9.0,17.0,5.8261139201931655e-05,0.016391441226005554,5.982257425785065e-05,5.675852298736572e-05,0,False
8,g008_p000060_g007_p000017_g006_p000005_g005_p000004_g004_p000068_g003_p000057_g002_p000019_g001_p000005_empty,g007_p000017_g006_p000005_g005_p000004_g004_p000068_g003_p000057_g002_p000019_g001_p000005_empty,g008_5e68683e938b2438_0024,10,10.0,11.0,17.0,5.826113192597404e-05,0.016448982059955597,0.00011736340820789337,0.00011429935693740845,0,False
8,g008_p000066_g007_p000017_g006_p000005_g005_p000004_g004_p000068_g003_p000057_g002_p000019_g001_p000005_empty,g007_p000017_g006_p000005_g005_p000004_g004_p000068_g003_p000057_g002_p000019_g001_p000005_empty,g008_5e68683e938b2438_0024,11,11.0,42.0,20.0,5.2042749302927405e-05,0.016625287011265755,0.00029366835951805115,0.0002906043082475662,0,False
8,g008_p000072_g007_p000020_g006_p000005_g005_p000004_g004_p000068_g003_p000057_g002_p000019_g001_p000005_empty,g007_p000020_g006_p000005_g005_p000004_g004_p000068_g003_p000057_g002_p000019_g001_p000005_empty,g008_5e68683e938b2438_0024,12,13.0,42.0,20.0,5.204273838899098e-05,0.016344374045729637,1.2755393981933594e-05,9.69134271144867e-06,0,False
8,g008_p000078_g007_p000020_g006_p000005_g005_p000004_g004_p000068_g003_p000057_g002_p000019_g001_p000005_empty,g007_p000020_g006_p000005_g005_p000004_g004_p000068_g003_p000057_g002_p000019_g001_p000005_empty,g008_5e68683e938b2438_0024,13,10.0,11.0,16.0,5.1671107939910144e-05,0.01641337387263775,8.175522089004517e-05,7.869116961956024e-05,0,False
8,g008_p000084_g007_p000022_g006_p000005_g005_p000004_g004_p000068_g003_p000057_g002_p000019_g001_p000005_empty,g007_p000022_g006_p000005_g005_p000004_g004_p000068_g003_p000057_g002_p000019_g001_p000005_empty,g008_5e68683e938b2438_0024,14,10.0,9.0,16.0,5.16710861120373e-05,0.01640254072844982,7.092207670211792e-05,6.7858025431633e-05,0,False
8,g008_p000090_g007_p000022_g006_p000005_g005_p000004_g004_p000068_g003_p000057_g002_p000019_g001_p000005_empty,g007_p000022_g006_p000005_g005_p000004_g004_p000068_g003_p000057_g002_p000019_g001_p000005_empty,g008_5e68683e938b2438_0024,15,12.0,43.0,19.0,5.1120747230015695e-05,0.01654369756579399,0.00021207891404628754,0.0002090148627758026,0,False
9,g009_p000000_g008_p000004_g007_p000004_g006_p000004_g005_p000004_g004_p000068_g003_p000057_g002_p000019_g001_p000005_empty,g008_p000004_g007_p000004_g006_p000004_g005_p000004_g004_p000068_g003_p000057_g002_p000019_g001_p000005_empty,g009_8ba4edebfc27eb21_0025,0,12.0,42.0,19.0,8.122159488266334e-05,0.016493503004312515,0.0001618843525648117,0.00015882030129432678,0,False
9,g009_p000006_g008_p000004_g007_p000004_g006_p000004_g005_p000004_g004_p000068_g003_p000057_g002_p000019_g001_p000005_empty,g008_p000004_g007_p000004_g006_p000004_g005_p000004_g004_p000068_g003_p000057_g002_p000019_g001_p000005_empty,g009_8ba4edebfc27eb21_0025,1,12.0,43.0,20.0,6.900660810060799e-05,0.016500717028975487,0.0001690983772277832,0.00016603432595729828,0,False
9,g009_p000012_g008_p000005_g007_p000004_g006_p000004_g005_p000004_g004_p000068_g003_p000057_g002_p000019_g001_p000005_empty,g008_p000005_g007_p000004_g006_p000004_g005_p000004_g004_p000068_g003_p000057_g002_p000019_g001_p000005_empty,g009_8ba4edebfc27eb21_0025,2,12.0,41.0,20.0,6.900660082465038e-05,0.01651325263082981,0.00018163397908210754,0.00017856992781162262,0,False
9,g009_p000018_g008_p000005_g007_p000004_g006_p000004_g005_p000004_g004_p000068_g003_p000057_g002_p000019_g001_p000005_empty,g008_p000005_g007_p000004_g006_p000004_g005_p000004_g004_p000068_g003_p000057_g002_p000019_g001_p000005_empty,g009_8ba4edebfc27eb21_0025,3,11.0,10.0,17.0,6.193439912749454e-05,0.016362886875867844,3.1268224120140076e-05,2.820417284965515e-05,0,False
9,g009_p000024_g008_p000010_g007_p000004_g006_p000004_g005_p000004_g004_p000068_g003_p000057_g002_p000019_g001_p000005_empty,g008_p000010_g007_p000004_g006_p000004_g005_p000004_g004_p000068_g003_p000057_g002_p000019_g001_p000005_empty,g009_8ba4edebfc27eb21_0025,4,9.0,10.0,17.0,6.193439185153693e-05,0.01648080162703991,0.0001491829752922058,0.00014611892402172089,0,False
9,g009_p000030_g008_p000010_g007_p000004_g006_p000004_g005_p000004_g004_p000068_g003_p000057_g002_p000019_g001_p000005_empty,g008_p000010_g007_p000004_g006_p000004_g005_p000004_g004_p000068_g003_p000057_g002_p000019_g001_p000005_empty,g009_8ba4edebfc27eb21_0025,5,11.0,43.0,20.0,6.144454528111964e-05,0.016620388254523277,0.00028876960277557373,0.0002857055515050888,0,False
9,g009_p000036_g008_p000011_g007_p000004_g006_p000004_g005_p000004_g004_p000068_g003_p000057_g002_p000019_g001_p000005_empty,g008_p000011_g007_p000004_g006_p000004_g005_p000004_g004_p000068_g003_p000057_g002_p000019_g001_p000005_empty,g009_8ba4edebfc27eb21_0025,6,13.0,41.0,20.0,6.144453072920442e-05,0.016344374045729637,1.2755393981933594e-05,9.69134271144867e-06,0,False
9,g009_p000042_g008_p000011_g007_p000004_g006_p000004_g005_p000004_g004_p000068_g003_p000057_g002_p000019_g001_p000005_empty,g008_p000011_g007_p000004_g006_p000004_g005_p000004_g004_p000068_g003_p000057_g002_p000019_g001_p000005_empty,g009_8ba4edebfc27eb21_0025,7,9.0,11.0,17.0,5.858211443410255e-05,0.01636122725903988,2.9608607292175293e-05,2.654455602169037e-05,0,False
9,g009_p000048_g008_p000016_g007_p000005_g006_p000004_g005_p000004_g004_p000068_g003_p000057_g002_p000019_g001_p000005_empty,g008_p000016_g007_p000005_g006_p000004_g005_p000004_g004_p000068_g003_p000057_g002_p000019_g001_p000005_empty,g009_8ba4edebfc27eb21_0025,8,11.0,9.0,17.0,5.858209260622971e-05,0.01644621416926384,0.00011459551751613617,0.00011153146624565125,0,False
9,g009_p000054_g008_p000016_g007_p000005_g006_p000004_g005_p000004_g004_p000068_g003_p000057_g002_p000019_g001_p000005_empty,g008_p000016_g007_p000005_g006_p000004_g005_p000004_g004_p000068_g003_p000057_g002_p000019_g001_p000005_empty,g009_8ba4edebfc27eb21_0025,9,10.0,9.0,17.0,5.8261139201931655e-05,0.016455581411719322,0.00012396275997161865,0.00012089870870113373,0,False
9,g009_p000060_g008_p000017_g007_p000005_g006_p000004_g005_p000004_g004_p000068_g003_p000057_g002_p000019_g001_p000005_empty,g008_p000017_g007_p000005_g006_p000004_g005_p000004_g004_p000068_g003_p000057_g002_p000019_g001_p000005_empty,g009_8ba4edebfc27eb21_0025,10,10.0,11.0,17.0,5.826113192597404e-05,0.016444584354758263,0.00011296570301055908,0.00010990165174007416,0,False
9,g009_p000066_g008_p000017_g007_p000005_g006_p000004_g005_p000004_g004_p000068_g003_p000057_g002_p000019_g001_p000005_empty,g008_p000017_g007_p000005_g006_p000004_g005_p000004_g004_p000068_g003_p000057_g002_p000019_g001_p000005_empty,g009_8ba4edebfc27eb21_0025,11,11.0,42.0,20.0,5.2042749302927405e-05,0.016500717028975487,0.0001690983772277832,0.00016603432595729828,0,False
9,g009_p000072_g008_p000022_g007_p000005_g006_p000004_g005_p000004_g004_p000068_g003_p000057_g002_p000019_g001_p000005_empty,g008_p000022_g007_p000005_g006_p000004_g005_p000004_g004_p000068_g003_p000057_g002_p000019_g001_p000005_empty,g009_8ba4edebfc27eb21_0025,12,13.0,42.0,20.0,5.204273838899098e-05,0.016625287011265755,0.00029366835951805115,0.0002906043082475662,0,False
9,g009_p000078_g008_p000022_g007_p000005_g006_p000004_g005_p000004_g004_p000068_g003_p000057_g002_p000019_g001_p000005_empty,g008_p000022_g007_p000005_g006_p000004_g005_p000004_g004_p000068_g003_p000057_g002_p000019_g001_p000005_empty,g009_8ba4edebfc27eb21_0025,13,10.0,11.0,16.0,5.1671107939910144e-05,0.016477908939123154,0.00014629028737545013,0.0001432262361049652,0,False
9,g009_p000084_g008_p000023_g007_p000005_g006_p000004_g005_p000004_g004_p000068_g003_p000057_g002_p000019_g001_p000005_empty,g008_p000023_g007_p000005_g006_p000004_g005_p000004_g004_p000068_g003_p000057_g002_p000019_g001_p000005_empty,g009_8ba4edebfc27eb21_0025,14,10.0,9.0,16.0,5.16710861120373e-05,0.01643790304660797,0.00010628439486026764,0.00010322034358978271,0,False
9,g009_p000090_g008_p000023_g007_p000005_g006_p000004_g005_p000004_g004_p000068_g003_p000057_g002_p000019_g001_p000005_empty,g008_p000023_g007_p000005_g006_p000004_g005_p000004_g004_p000068_g003_p000057_g002_p000019_g001_p000005_empty,g009_8ba4edebfc27eb21_0025,15,12.0,43.0,19.0,5.1120747230015695e-05,0.016557814553380013,0.00022619590163230896,0.00022313185036182404,0,False
10,g010_p000000_g009_p000004_g008_p000004_g007_p000004_g006_p000004_g005_p000004_g004_p000068_g003_p000057_g002_p000019_g001_p000005_empty,g009_p000004_g008_p000004_g007_p000004_g006_p000004_g005_p000004_g004_p000068_g003_p000057_g002_p000019_g001_p000005_empty,g010_fa0b5691dee30bf5_0026,0,12.0,42.0,19.0,8.122159488266334e-05,0.01638869196176529,5.7073310017585754e-05,5.400925874710083e-05,0,False
10,g010_p000006_g009_p000004_g008_p000004_g007_p000004_g006_p000004_g005_p000004_g004_p000068_g003_p000057_g002_p000019_g001_p000005_empty,g009_p000004_g008_p000004_g007_p000004_g006_p000004_g005_p000004_g004_p000068_g003_p000057_g002_p000019_g001_p000005_empty,g010_fa0b5691dee30bf5_0026,1,12.0,43.0,20.0,6.900660810060799e-05,0.016565758734941483,0.000234140083193779,0.00023107603192329407,0,False
10,g010_p000012_g009_p000005_g008_p000004_g007_p000004_g006_p000004_g005_p000004_g004_p000068_g003_p000057_g002_p000019_g001_p000005_empty,g009_p000005_g008_p000004_g007_p000004_g006_p000004_g005_p000004_g004_p000068_g003_p000057_g002_p000019_g001_p000005_empty,g010_fa0b5691dee30bf5_0026,2,12.0,41.0,20.0,6.900660082465038e-05,0.016488172113895416,0.0001565534621477127,0.00015348941087722778,0,False
10,g010_p000018_g009_p000005_g008_p000004_g007_p000004_g006_p000004_g005_p000004_g004_p000068_g003_p000057_g002_p000019_g001_p000005_empty,g009_p000005_g008_p000004_g007_p000004_g006_p000004_g005_p000004_g004_p000068_g003_p000057_g002_p000019_g001_p000005_empty,g010_fa0b5691dee30bf5_0026,3,11.0,10.0,17.0,6.193439912749454e-05,0.016479453071951866,0.0001478344202041626,0.00014477036893367767,0,False
10,g010_p000024_g009_p000010_g008_p000004_g007_p000004_g006_p000004_g005_p000004_g004_p000068_g003_p000057_g002_p000019_g001_p000005_empty,g009_p000010_g008_p000004_g007_p000004_g006_p000004_g005_p000004_g004_p000068_g003_p000057_g002_p000019_g001_p000005_empty,g010_fa0b5691dee30bf5_0026,4,9.0,10.0,17.0,6.193439185153693e-05,0.0164064671844244,7.484853267669678e-05,7.178448140621185e-05,0,False
10,g010_p000030_g009_p000010_g008_p000004_g007_p000004_g006_p000004_g005_p000004_g004_p000068_g003_p000057_g002_p000019_g001_p000005_empty,g009_p000010_g008_p000004_g007_p000004_g006_p000004_g005_p000004_g004_p000068_g003_p000057_g002_p000019_g001_p000005_empty,g010_fa0b5691dee30bf5_0026,5,11.0,43.0,20.0,6.144454528111964e-05,0.016600564122200012,0.00026894547045230865,0.00026588141918182373,0,False
10,g010_p000036_g009_p000011_g008_p000004_g007_p000004_g006_p000004_g005_p000004_g004_p000068_g003_p000057_g002_p000019_g001_p000005_empty,g009_p000011_g008_p000004_g007_p000004_g006_p000004_g005_p000004_g004_p000068_g003_p000057_g002_p000019_g001_p000005_empty,g010_fa0b5691dee30bf5_0026,6,13.0,41.0,20.0,6.144453072920442e-05,0.016620388254523277,0.00028876960277557373,0.0002857055515050888,0,False
10,g010_p000042_g009_p000011_g008_p000004_g007_p000004_g006_p000004_g005_p000004_g004_p000068_g003_p000057_g002_p000019_g001_p000005_empty,g009_p000011_g008_p000004_g007_p000004_g006_p000004_g005_p000004_g004_p000068_g003_p000057_g002_p000019_g001_p000005_empty,g010_fa0b5691dee30bf5_0026,7,9.0,11.0,17.0,5.858211443410255e-05,0.016428213566541672,9.65949147939682e-05,9.353086352348328e-05,0,False
10,g010_p000048_g009_p000016_g008_p000005_g007_p000004_g006_p000004_g005_p000004_g004_p000068_g003_p000057_g002_p000019_g001_p000005_empty,g009_p000016_g008_p000005_g007_p000004_g006_p000004_g005_p000004_g004_p000068_g003_p000057_g002_p000019_g001_p000005_empty,g010_fa0b5691dee30bf5_0026,8,11.0,9.0,17.0,5.858209260622971e-05,0.016440559178590775,0.00010894052684307098,0.00010587647557258606,0,False
10,g010_p000054_g009_p000016_g008_p000005_g007_p000004_g006_p000004_g005_p000004_g004_p000068_g003_p000057_g002_p000019_g001_p000005_empty,g009_p000016_g008_p000005_g007_p000004_g006_p000004_g005_p000004_g004_p000068_g003_p000057_g002_p000019_g001_p000005_empty,g010_fa0b5691dee30bf5_0026,9,10.0,9.0,17.0,5.8261139201931655e-05,0.016493279486894608,0.000161660835146904,0.00015859678387641907,0,False
10,g010_p000060_g009_p000017_g008_p000005_g007_p000004_g006_p000004_g005_p000004_g004_p000068_g003_p000057_g002_p000019_g001_p000005_empty,g009_p000017_g008_p000005_g007_p000004_g006_p000004_g005_p000004_g004_p000068_g003_p000057_g002_p000019_g001_p000005_empty,g010_fa0b5691dee30bf5_0026,10,10.0,11.0,17.0,5.826113192597404e-05,0.016504058614373207,0.00017243996262550354,0.00016937591135501862,0,False
10,g010_p000066_g009_p000017_g008_p000005_g007_p000004_g006_p000004_g005_p000004_g004_p000068_g003_p000057_g002_p000019_g001_p000005_empty,g009_p000017_g008_p000005_g007_p000004_g006_p000004_g005_p000004_g004_p000068_g003_p000057_g002_p000019_g001_p000005_empty,g010_fa0b5691dee30bf5_0026,11,11.0,42.0,20.0,5.2042749302927405e-05,0.016344374045729637,1.2755393981933594e-05,9.69134271144867e-06,0,False
10,g010_p000072_g009_p000020_g008_p000005_g007_p000004_g006_p000004_g005_p000004_g004_p000068_g003_p000057_g002_p000019_g001_p000005_empty,g009_p000020_g008_p000005_g007_p000004_g006_p000004_g005_p000004_g004_p000068_g003_p000057_g002_p000019_g001_p000005_empty,g010_fa0b5691dee30bf5_0026,12,13.0,42.0,20.0,5.204273838899098e-05,0.016502421349287033,0.00017080269753932953,0.0001677386462688446,0,False
10,g010_p000078_g009_p000020_g008_p000005_g007_p000004_g006_p000004_g005_p000004_g004_p000068_g003_p000057_g002_p000019_g001_p000005_empty,g009_p000020_g008_p000005_g007_p000004_g006_p000004_g005_p000004_g004_p000068_g003_p000057_g002_p000019_g001_p000005_empty,g010_fa0b5691dee30bf5_0026,13,10.0,11.0,16.0,5.1671107939910144e-05,0.016359996050596237,2.837739884853363e-05,2.5313347578048706e-05,0,False
10,g010_p000084_g009_p000022_g008_p000005_g007_p000004_g006_p000004_g005_p000004_g004_p000068_g003_p000057_g002_p000019_g001_p000005_empty,g009_p000022_g008_p000005_g007_p000004_g006_p000004_g005_p000004_g004_p000068_g003_p000057_g002_p000019_g001_p000005_empty,g010_fa0b5691dee30bf5_0026,14,10.0,9.0,16.0,5.16710861120373e-05,0.016340501606464386,8.882954716682434e-06,5.81890344619751e-06,0,False
10,g010_p000090_g009_p000022_g008_p000005_g007_p000004_g006_p000004_g005_p000004_g004_p000068_g003_p000057_g002_p000019_g001_p000005_empty,g009_p000022_g008_p000005_g007_p000004_g006_p000004_g005_p000004_g004_p000068_g003_p000057_g002_p000019_g001_p000005_empty,g010_fa0b5691dee30bf5_0026,15,12.0,43.0,19.0,5.1120747230015695e-05,0.01634983904659748,1.822039484977722e-05,1.5156343579292297e-05,0,False
