sample_id,step,t,w_t,tau,scale_0_sigma,scale_0_loss,scale_0_target_std_mean,scale_1_sigma,scale_1_loss,scale_1_target_std_mean,scale_2_sigma,scale_2_loss,scale_2_target_std_mean,property_loss,property_mae_mean,confidence_fraction,soft_class_entropy_confident_mean,predicted_property_min,predicted_property_max,raw_grad_norm,used_grad_norm,prior_velocity_norm,guidance_velocity_norm,guided_velocity_norm,requested_guidance_ratio,used_guidance_ratio,uncapped_guidance_ratio,guidance_cap_fraction,guidance_gradient_reference_norm,guidance_gradient_reference_ratio,effective_guidance_ratio,continuous_step_norm,condition_projection_norm,initial_condition_projection_norm,pre_projection_condition_violations,post_projection_condition_violations,hard_change_count,hard_change_fraction,hard_change_inside_confidence,hard_change_outside_confidence,alpha,property_loss_mode,guidance_scaling_mode,guidance_reference_policy,case_id,arm,source_seed
0,0,0.015625,0.0,0.49975909124103446,0.0,873030811648.0,9.999999974752427e-07,1.5,869126438912.0,9.999999974752427e-07,3.0,869920407552.0,9.999999974752427e-07,871237419008.0,0.9336984753608704,0.02618408203125,2.5778439044952393,0.010934829711914062,0.3786771595478058,0.0,0.0,1769.9180908203125,0.0,1769.9180908203125,0.0,0.0,0.0,0.0,0.0,0.0,0.0,55.28860855102539,1.5360212326049805,1051.7330322265625,0,0,875,0.003337860107421875,32,843,0.25,matched_multiscale_normalized_mse_v1,reference_norm_relative_v2,first_nonzero_active_used_gradient_norm_per_sample_v1,FIVE_BODY,SEISMIC_GUIDED,42
0,1,0.046875,0.0,0.4978353019929562,0.0,872595193856.0,9.999999974752427e-07,1.5,868741414912.0,9.999999974752427e-07,3.0,869622546432.0,9.999999974752427e-07,870844596224.0,0.9334571361541748,0.02618408203125,2.5768585205078125,0.010884404182434082,0.3806283175945282,0.0,0.0,1768.6693115234375,0.0,1768.6693115234375,0.0,0.0,0.0,0.0,0.0,0.0,0.0,55.247581481933594,1.605904221534729,0.0,0,0,965,0.003681182861328125,26,939,0.25,matched_multiscale_normalized_mse_v1,reference_norm_relative_v2,first_nonzero_active_used_gradient_norm_per_sample_v1,FIVE_BODY,SEISMIC_GUIDED,42
0,2,0.078125,0.0,0.4940062506389088,0.0,872127201280.0,9.999999974752427e-07,1.5,868304683008.0,9.999999974752427e-07,3.0,869288378368.0,9.999999974752427e-07,870412713984.0,0.9331921339035034,0.02618408203125,2.5748660564422607,0.010756292380392551,0.3845687210559845,0.0,0.0,1768.2093505859375,0.0,1768.2093505859375,0.0,0.0,0.0,0.0,0.0,0.0,0.0,55.23293685913086,1.61503005027771,0.0,0,0,1083,0.004131317138671875,43,1040,0.25,matched_multiscale_normalized_mse_v1,reference_norm_relative_v2,first_nonzero_active_used_gradient_norm_per_sample_v1,FIVE_BODY,SEISMIC_GUIDED,42
0,3,0.109375,0.0,0.4883088130366042,0.0,871549960192.0,9.999999974752427e-07,1.5,867745267712.0,9.999999974752427e-07,3.0,868853481472.0,9.999999974752427e-07,869869289472.0,0.9328611493110657,0.02618408203125,2.57181715965271,0.01055273599922657,0.3905751705169678,0.0,0.0,1766.422607421875,0.0,1766.422607421875,0.0,0.0,0.0,0.0,0.0,0.0,0.0,55.17658615112305,1.6316901445388794,0.0,0,0,1117,0.004261016845703125,43,1074,0.25,matched_multiscale_normalized_mse_v1,reference_norm_relative_v2,first_nonzero_active_used_gradient_norm_per_sample_v1,FIVE_BODY,SEISMIC_GUIDED,42
0,4,0.140625,0.0,0.48079785862468866,0.0,870835355648.0,9.999999974752427e-07,1.5,867032694784.0,9.999999974752427e-07,3.0,868285939712.0,9.999999974752427e-07,869184700416.0,0.9324474930763245,0.02618408203125,2.567638397216797,0.010274974629282951,0.3987639844417572,0.0,0.0,1766.161376953125,0.0,1766.161376953125,0.0,0.0,0.0,0.0,0.0,0.0,0.0,55.16827392578125,1.6365355253219604,0.0,0,0,1366,0.00521087646484375,52,1314,0.25,matched_multiscale_normalized_mse_v1,reference_norm_relative_v2,first_nonzero_active_used_gradient_norm_per_sample_v1,FIVE_BODY,SEISMIC_GUIDED,42
0,5,0.171875,0.0,0.4715457220000544,0.0,869948784640.0,9.999999974752427e-07,1.5,866136489984.0,9.999999974752427e-07,3.0,867566944256.0,9.999999974752427e-07,868328734720.0,0.9319312572479248,0.02618408203125,2.562222957611084,0.009925635531544685,0.40929174423217773,0.0,0.0,1766.1903076171875,0.0,1766.1903076171875,0.0,0.0,0.0,0.0,0.0,0.0,0.0,55.16934585571289,1.6308025121688843,0.0,0,0,1550,0.00591278076171875,58,1492,0.25,matched_multiscale_normalized_mse_v1,reference_norm_relative_v2,first_nonzero_active_used_gradient_norm_per_sample_v1,FIVE_BODY,SEISMIC_GUIDED,42
0,6,0.203125,0.0,0.460641506296129,0.0,868845944832.0,9.999999974752427e-07,1.5,865017921536.0,9.999999974752427e-07,3.0,866665627648.0,9.999999974752427e-07,867261480960.0,0.9312862753868103,0.02618408203125,2.5554308891296387,0.009508012793958187,0.4223563075065613,0.0,0.0,1765.7623291015625,0.0,1765.7623291015625,0.0,0.0,0.0,0.0,0.0,0.0,0.0,55.15616989135742,1.6240105628967285,0.0,0,0,1669,0.006366729736328125,60,1609,0.25,matched_multiscale_normalized_mse_v1,reference_norm_relative_v2,first_nonzero_active_used_gradient_norm_per_sample_v1,FIVE_BODY,SEISMIC_GUIDED,42
0,7,0.234375,0.0,0.4481902250709918,0.0,867522838528.0,9.999999974752427e-07,1.5,863680856064.0,9.999999974752427e-07,3.0,865594572800.0,9.999999974752427e-07,865984577536.0,0.9305073618888855,0.02618408203125,2.54708194732666,0.009026491083204746,0.43819504976272583,0.0,0.0,1767.371337890625,0.0,1767.371337890625,0.0,0.0,0.0,0.0,0.0,0.0,0.0,55.20742416381836,1.591455340385437,0.0,0,0,1946,0.00742340087890625,69,1877,0.25,matched_multiscale_normalized_mse_v1,reference_norm_relative_v2,first_nonzero_active_used_gradient_norm_per_sample_v1,FIVE_BODY,SEISMIC_GUIDED,42
0,8,0.265625,0.06540312923014306,0.43431179096940364,0.0,865923694592.0,9.999999974752427e-07,1.5,862072340480.0,9.999999974752427e-07,3.0,864312164352.0,9.999999974752427e-07,864446054400.0,0.9295599460601807,0.02618408203125,2.5369443893432617,0.00842525064945221,0.4570808708667755,1970931456.0,1.0,1770.983154296875,28.956958770751953,1771.6290283203125,0.016350782307535765,0.01635078154504299,0.01635078154504299,0.0,1.0,1.0,0.01635078154504299,55.34123992919922,1.5665029287338257,0.0,0,0,2232,0.008514404296875,77,2155,0.25,matched_multiscale_normalized_mse_v1,reference_norm_relative_v2,first_nonzero_active_used_gradient_norm_per_sample_v1,FIVE_BODY,SEISMIC_GUIDED,42
0,9,0.296875,0.19509032201612825,0.4191398608984867,0.0,861094543360.0,9.999999974752427e-07,1.5,858771030016.0,9.999999974752427e-07,3.0,861967024128.0,9.999999974752427e-07,860572024832.0,0.9267601370811462,0.02618408203125,2.524625062942505,0.007739129941910505,0.47931140661239624,2207568640.0,0.9999999403953552,1771.2745361328125,86.3896255493164,1774.7041015625,0.04877258050403206,0.048772577196359634,0.048772577196359634,0.0,1.0,0.9999999403953552,0.048772577196359634,55.43785858154297,1.5492701530456543,0.0,0,0,2609,0.009952545166015625,134,2475,0.25,matched_multiscale_normalized_mse_v1,reference_norm_relative_v2,first_nonzero_active_used_gradient_norm_per_sample_v1,FIVE_BODY,SEISMIC_GUIDED,42
0,10,0.328125,0.3214394653031616,0.4028205488386443,0.0,848660660224.0,9.999999974752427e-07,1.5,851713654784.0,9.999999974752427e-07,3.0,857364365312.0,9.999999974752427e-07,851317358592.0,0.9194996953010559,0.02618408203125,2.509031295776367,0.006975415162742138,0.5051895380020142,2588419840.0,1.0000001192092896,1770.538330078125,142.2802276611328,1778.674072265625,0.0803598663257904,0.08035987615585327,0.08035987615585327,0.0,1.0,1.0000001192092896,0.08035986870527267,55.56066131591797,1.5954740047454834,0.0,0,0,3249,0.012393951416015625,183,3066,0.25,matched_multiscale_normalized_mse_v1,reference_norm_relative_v2,first_nonzero_active_used_gradient_norm_per_sample_v1,FIVE_BODY,SEISMIC_GUIDED,42
0,11,0.359375,0.4422886902190013,0.3855110186860564,0.0,825298124800.0,9.999999974752427e-07,1.5,839256637440.0,9.999999974752427e-07,3.0,849549393920.0,9.999999974752427e-07,834335932416.0,0.9054138660430908,0.02618408203125,2.4870009422302246,0.006194119807332754,0.534989058971405,3114638848.0,0.9999999403953552,1768.5172119140625,195.5487823486328,1782.98486328125,0.11057217255475033,0.11057216674089432,0.11057216674089432,0.0,1.0,0.9999999403953552,0.11057216674089432,55.69423294067383,1.6366181373596191,0.0,0,0,3729,0.014225006103515625,243,3486,0.25,matched_multiscale_normalized_mse_v1,reference_norm_relative_v2,first_nonzero_active_used_gradient_norm_per_sample_v1,FIVE_BODY,SEISMIC_GUIDED,42
0,12,0.390625,0.5555702330196022,0.367377970678444,0.0,787121766400.0,9.999999974752427e-07,1.5,819147177984.0,9.999999974752427e-07,3.0,837226856448.0,9.999999974752427e-07,806750453760.0,0.8810835480690002,0.02618408203125,2.4513251781463623,0.005411356687545776,0.5688996315002441,3672859136.0,1.0,1765.9229736328125,245.2735595703125,1788.1453857421875,0.13889255825490054,0.13889256119728088,0.13889256119728088,0.0,1.0,1.0,0.13889256119728088,55.85398864746094,1.6897534132003784,0.0,0,0,4455,0.016994476318359375,290,4165,0.25,matched_multiscale_normalized_mse_v1,reference_norm_relative_v2,first_nonzero_active_used_gradient_norm_per_sample_v1,FIVE_BODY,SEISMIC_GUIDED,42
0,13,0.421875,0.6593458151000688,0.3485960359806528,0.0,732035678208.0,9.999999974752427e-07,1.5,788838612992.0,9.999999974752427e-07,3.0,818779193344.0,9.999999974752427e-07,766425300992.0,0.8433449864387512,0.02618408203125,2.3919498920440674,0.004643761552870274,0.6069469451904297,4134310144.0,1.0,1764.4085693359375,290.83880615234375,1795.7415771484375,0.1648364537750172,0.16483645141124725,0.16483645141124725,0.0,1.0,1.0,0.16483642160892487,56.08938980102539,1.7577406167984009,0.0,0,0,5250,0.02002716064453125,339,4911,0.25,matched_multiscale_normalized_mse_v1,reference_norm_relative_v2,first_nonzero_active_used_gradient_norm_per_sample_v1,FIVE_BODY,SEISMIC_GUIDED,42
0,14,0.453125,0.7518398074789773,0.32934609489107236,0.0,659472908288.0,9.999999974752427e-07,1.5,745836969984.0,9.999999974752427e-07,3.0,792284430336.0,9.999999974752427e-07,711944437760.0,0.7896640300750732,0.02618408203125,2.299053430557251,0.003909873776137829,0.6488853693008423,4479799808.0,1.0,1762.9703369140625,331.3677978515625,1803.9356689453125,0.18795995186974432,0.1879599541425705,0.1879599541425705,0.0,1.0,1.0,0.1879599392414093,56.34254455566406,1.8524527549743652,0.0,0,0,6234,0.02378082275390625,394,5840,0.25,matched_multiscale_normalized_mse_v1,reference_norm_relative_v2,first_nonzero_active_used_gradient_norm_per_sample_v1,FIVE_BODY,SEISMIC_GUIDED,42
0,15,0.484375,0.8314696123025452,0.3098135348654836,0.0,571599618048.0,9.999999974752427e-07,1.5,688439754752.0,9.999999974752427e-07,3.0,755963527168.0,9.999999974752427e-07,643524460544.0,0.7191248536109924,0.02618408203125,2.1635429859161377,0.0032254778780043125,0.6940759420394897,4723788800.0,1.0,1762.53173828125,366.3729248046875,1813.0928955078125,0.2078674030756363,0.20786739885807037,0.20786739885807037,0.0,1.0,1.0,0.20786741375923157,56.623470306396484,2.010514497756958,0.0,0,0,7380,0.0281524658203125,392,6988,0.25,matched_multiscale_normalized_mse_v1,reference_norm_relative_v2,first_nonzero_active_used_gradient_norm_per_sample_v1,FIVE_BODY,SEISMIC_GUIDED,42
0,16,0.515625,0.8968727415326884,0.2901864651345164,0.0,473716752384.0,9.999999974752427e-07,1.5,615812366336.0,9.999999974752427e-07,3.0,708108550144.0,9.999999974752427e-07,563223789568.0,0.6325823664665222,0.02618408203125,1.976699948310852,0.0026041262317448854,0.7413794994354248,4698293248.0,0.9999999403953552,1761.8297119140625,395.03424072265625,1821.38232421875,0.2242181853831721,0.22421817481517792,0.22421817481517792,0.0,1.0,0.9999999403953552,0.22421817481517792,56.8775749206543,2.1500566005706787,0.0,0,0,8752,0.03338623046875,487,8265,0.25,matched_multiscale_normalized_mse_v1,reference_norm_relative_v2,first_nonzero_active_used_gradient_norm_per_sample_v1,FIVE_BODY,SEISMIC_GUIDED,42
0,17,0.546875,0.9469301294951056,0.2706539051089276,0.0,375566991360.0,9.999999974752427e-07,1.5,530751324160.0,9.999999974752427e-07,3.0,648476884992.0,9.999999974752427e-07,476704276480.0,0.5353859066963196,0.02618408203125,1.741682767868042,0.002056293422356248,0.7891169190406799,4478622720.0,1.0,1759.85693359375,416.6153869628906,1827.406982421875,0.2367325323737764,0.23673252761363983,0.23673252761363983,0.0,1.0,1.0,0.23673252761363983,57.059078216552734,2.326104164123535,0.0,0,0,10515,0.040111541748046875,518,9997,0.25,matched_multiscale_normalized_mse_v1,reference_norm_relative_v2,first_nonzero_active_used_gradient_norm_per_sample_v1,FIVE_BODY,SEISMIC_GUIDED,42
0,18,0.578125,0.9807852804032304,0.2514039640193472,0.0,284659351552.0,9.999999974752427e-07,1.5,437665464320.0,9.999999974752427e-07,3.0,577715503104.0,9.999999974752427e-07,389172428800.0,0.4343704581260681,0.02618408203125,1.473223328590393,0.0015696597984060645,0.835170328617096,4152817920.0,1.0,1759.5775146484375,431.44195556640625,1833.5135498046875,0.2451963201008076,0.24519631266593933,0.24519631266593933,0.0,1.0,1.0,0.24519632756710052,57.24079513549805,2.5440640449523926,0.0,0,0,12156,0.0463714599609375,504,11652,0.25,matched_multiscale_normalized_mse_v1,reference_norm_relative_v2,first_nonzero_active_used_gradient_norm_per_sample_v1,FIVE_BODY,SEISMIC_GUIDED,42
0,19,0.609375,0.9978589232386035,0.232622029321556,0.0,205950042112.0,9.999999974752427e-07,1.5,342662152192.0,9.999999974752427e-07,3.0,498424840192.0,9.999999974752427e-07,305458642944.0,0.3358570337295532,0.02618408203125,1.18742835521698,0.0011213170364499092,0.8772691488265991,3751771904.0,1.0,1757.69091796875,438.4819030761719,1835.2412109375,0.24946473080965087,0.2494647353887558,0.2494647353887558,0.0,1.0,1.0,0.2494647353887558,57.285133361816406,2.7538833618164062,0.0,0,0,14366,0.05480194091796875,535,13831,0.25,matched_multiscale_normalized_mse_v1,reference_norm_relative_v2,first_nonzero_active_used_gradient_norm_per_sample_v1,FIVE_BODY,SEISMIC_GUIDED,42
0,20,0.640625,0.9978589232386035,0.21448898131394362,0.0,145930682368.0,9.999999974752427e-07,1.5,256481198080.0,9.999999974752427e-07,3.0,417921925120.0,9.999999974752427e-07,233494085632.0,0.2484409511089325,0.02618408203125,0.9055672287940979,0.0007699423003941774,0.9134263396263123,3082809088.0,0.9999998807907104,1756.6129150390625,438.21295166015625,1836.2789306640625,0.24946473080965087,0.2494647055864334,0.2494647055864334,0.0,1.0,0.9999998807907104,0.2494647204875946,57.30447769165039,3.014620542526245,0.0,0,0,16327,0.062282562255859375,535,15792,0.25,matched_multiscale_normalized_mse_v1,reference_norm_relative_v2,first_nonzero_active_used_gradient_norm_per_sample_v1,FIVE_BODY,SEISMIC_GUIDED,42
0,21,0.671875,0.9807852804032304,0.19717945116135566,0.0,103131414528.0,9.999999974752427e-07,1.5,182775250944.0,9.999999974752427e-07,3.0,339507642368.0,9.999999974752427e-07,174299807744.0,0.17781148850917816,0.02618408203125,0.6573374271392822,0.0005090556805953383,0.9423894286155701,2646856960.0,1.0,1756.58251953125,430.7075500488281,1834.4464111328125,0.2451963201008076,0.24519631266593933,0.24519631266593933,0.0,1.0,1.0,0.24519631266593933,57.23067092895508,3.31247878074646,0.0,0,0,18091,0.06901168823242188,561,17530,0.25,matched_multiscale_normalized_mse_v1,reference_norm_relative_v2,first_nonzero_active_used_gradient_norm_per_sample_v1,FIVE_BODY,SEISMIC_GUIDED,42
0,22,0.703125,0.9469301294951057,0.18086013910151333,0.0,71139835904.0,9.999999974752427e-07,1.5,125845733376.0,9.999999974752427e-07,3.0,269978533888.0,9.999999974752427e-07,127319351296.0,0.12155016511678696,0.02618408203125,0.44895076751708984,0.00032576650846749544,0.9639109969139099,2345423104.0,0.9999999403953552,1755.3875732421875,415.55731201171875,1826.6419677734375,0.23673253237377642,0.23673251271247864,0.23673251271247864,0.0,1.0,0.9999999403953552,0.23673251271247864,56.96426773071289,3.6729891300201416,0.0,0,0,18194,0.06940460205078125,468,17726,0.25,matched_multiscale_normalized_mse_v1,reference_norm_relative_v2,first_nonzero_active_used_gradient_norm_per_sample_v1,FIVE_BODY,SEISMIC_GUIDED,42
0,23,0.734375,0.8968727415326884,0.16568820903059628,0.0,47513427968.0,9.999999974752427e-07,1.5,87755833344.0,9.999999974752427e-07,3.0,215734255616.0,9.999999974752427e-07,93230317568.0,0.07883506268262863,0.02618408203125,0.2854594588279724,0.0002024802379310131,0.9786992073059082,2037937536.0,0.9999999403953552,1755.3873291015625,393.58978271484375,1817.1949462890625,0.2242181853831721,0.22421817481517792,0.22421817481517792,0.0,1.0,0.9999999403953552,0.2242182046175003,56.6432991027832,4.042115688323975,0.0,0,0,16834,0.06421661376953125,429,16405,0.25,matched_multiscale_normalized_mse_v1,reference_norm_relative_v2,first_nonzero_active_used_gradient_norm_per_sample_v1,FIVE_BODY,SEISMIC_GUIDED,42
0,24,0.765625,0.8314696123025455,0.1518097749290082,0.0,32567914496.0,9.999999974752427e-07,1.5,63077634048.0,9.999999974752427e-07,3.0,175353479168.0,9.999999974752427e-07,70277947392.0,0.05052536725997925,0.02618408203125,0.16911721229553223,0.00010310167272109538,0.9880927205085754,1673679232.0,1.0,1756.6475830078125,365.1497497558594,1808.429931640625,0.20786740307563636,0.20786739885807037,0.20786739885807037,0.0,1.0,1.0,0.20786738395690918,56.33309555053711,4.511207580566406,0.0,0,0,13170,0.05023956298828125,315,12855,0.25,matched_multiscale_normalized_mse_v1,reference_norm_relative_v2,first_nonzero_active_used_gradient_norm_per_sample_v1,FIVE_BODY,SEISMIC_GUIDED,42
0,25,0.796875,0.7518398074789774,0.139358493703871,0.0,23099482112.0,9.999999974752427e-07,1.5,47257272320.0,9.999999974752427e-07,3.0,146109202432.0,9.999999974752427e-07,54948765696.0,0.033083707094192505,0.02618408203125,0.09575621783733368,4.797835208592005e-05,0.9936268329620361,1486662528.0,1.0,1760.3907470703125,330.8829650878906,1800.136474609375,0.18795995186974435,0.1879599541425705,0.1879599541425705,0.0,1.0,1.0,0.1879599541425705,56.03139877319336,5.002488613128662,0.0,0,0,8469,0.032306671142578125,194,8275,0.25,matched_multiscale_normalized_mse_v1,reference_norm_relative_v2,first_nonzero_active_used_gradient_norm_per_sample_v1,FIVE_BODY,SEISMIC_GUIDED,42
0,26,0.828125,0.659345815100069,0.12845427799994558,0.0,17495973888.0,9.999999974752427e-07,1.5,38218645504.0,9.999999974752427e-07,3.0,127777267712.0,9.999999974752427e-07,45769031680.0,0.022458486258983612,0.02618408203125,0.04939188435673714,2.2730908312951215e-05,0.9966714382171631,1029437760.0,1.0,1765.266845703125,290.9803466796875,1793.244384765625,0.16483645377501724,0.16483645141124725,0.16483645141124725,0.0,1.0,1.0,0.16483646631240845,55.75927734375,5.591038227081299,0.0,0,0,4668,0.0178070068359375,114,4554,0.25,matched_multiscale_normalized_mse_v1,reference_norm_relative_v2,first_nonzero_active_used_gradient_norm_per_sample_v1,FIVE_BODY,SEISMIC_GUIDED,42
0,27,0.859375,0.5555702330196022,0.11920214137531127,0.0,14616590336.0,9.999999974752427e-07,1.5,32393111552.0,9.999999974752427e-07,3.0,115089367040.0,9.999999974752427e-07,40044101632.0,0.01733442209661007,0.02618408203125,0.026428747922182083,8.787698789092246e-06,0.99825519323349,1143672320.0,1.0,1771.0882568359375,245.99098205566406,1789.4151611328125,0.13889255825490054,0.13889256119728088,0.13889256119728088,0.0,1.0,1.0,0.13889256119728088,55.56580352783203,6.276988506317139,0.0,0,0,2343,0.008937835693359375,71,2272,0.25,matched_multiscale_normalized_mse_v1,reference_norm_relative_v2,first_nonzero_active_used_gradient_norm_per_sample_v1,FIVE_BODY,SEISMIC_GUIDED,42
0,28,0.890625,0.4422886902190013,0.11169118696339586,0.0,12623337472.0,9.999999974752427e-07,1.5,29269649408.0,9.999999974752427e-07,3.0,108650708992.0,9.999999974752427e-07,36822704128.0,0.01424106489866972,0.02618408203125,0.014590716920793056,4.769913175550755e-06,0.9990459084510803,1259742848.0,1.0,1779.86572265625,196.80360412597656,1790.5401611328125,0.11057217255475033,0.11057217419147491,0.11057217419147491,0.0,1.0,1.0,0.11057216674089432,55.51335525512695,7.011441230773926,0.0,0,0,1406,0.00536346435546875,41,1365,0.25,matched_multiscale_normalized_mse_v1,reference_norm_relative_v2,first_nonzero_active_used_gradient_norm_per_sample_v1,FIVE_BODY,SEISMIC_GUIDED,42
0,29,0.921875,0.32143946530316175,0.10599374936109118,0.0,11036304384.0,9.999999974752427e-07,1.5,27705352192.0,9.999999974752427e-07,3.0,105842917376.0,9.999999974752427e-07,34998341632.0,0.0118935601785779,0.02618408203125,0.0081663578748703,3.4079521356034093e-06,0.9994298815727234,773120320.0,1.0,1795.8385009765625,144.31333923339844,1798.9654541015625,0.08035986632579044,0.08035986870527267,0.08035986870527267,0.0,1.0,1.0,0.08035986125469208,55.68645095825195,7.710089206695557,0.0,0,0,916,0.0034942626953125,32,884,0.25,matched_multiscale_normalized_mse_v1,reference_norm_relative_v2,first_nonzero_active_used_gradient_norm_per_sample_v1,FIVE_BODY,SEISMIC_GUIDED,42
0,30,0.953125,0.1950903220161286,0.10216469800704375,0.0,10062706688.0,9.999999974752427e-07,1.5,26487195648.0,9.999999974752427e-07,3.0,103574970368.0,9.999999974752427e-07,33692506112.0,0.010674227960407734,0.02618408203125,0.0056270272471010685,4.218612957629375e-06,0.999609649181366,723711808.0,1.0,1835.5810546875,89.5260238647461,1834.8541259765625,0.04877258050403215,0.04877258092164993,0.04877258092164993,0.0,1.0,1.0,0.04877258092164993,56.71567916870117,8.432933807373047,0.0,0,0,809,0.003086090087890625,21,788,0.25,matched_multiscale_normalized_mse_v1,reference_norm_relative_v2,first_nonzero_active_used_gradient_norm_per_sample_v1,FIVE_BODY,SEISMIC_GUIDED,42
0,31,0.984375,0.06540312923014312,0.10024090875896552,0.0,9813581824.0,9.999999974752427e-07,1.5,27002083328.0,9.999999974752427e-07,3.0,105580322816.0,9.999999974752427e-07,34123481088.0,0.010374543257057667,0.02618408203125,0.004795461893081665,4.322319909988437e-06,0.9996809959411621,776514624.0,0.9999999403953552,1995.3975830078125,32.626304626464844,1993.304443359375,0.01635078230753578,0.016350779682397842,0.016350779682397842,0.0,1.0,0.9999999403953552,0.016350779682397842,61.51628875732422,9.792110443115234,0.0,0,0,943,0.003597259521484375,67,876,0.25,matched_multiscale_normalized_mse_v1,reference_norm_relative_v2,first_nonzero_active_used_gradient_norm_per_sample_v1,FIVE_BODY,SEISMIC_GUIDED,42
1,0,0.015625,0.0,0.49975909124103446,0.0,872173731840.0,9.999999974752427e-07,1.5,867498459136.0,9.999999974752427e-07,3.0,869145837568.0,9.999999974752427e-07,870165577728.0,0.9332506656646729,0.02618408203125,2.5782127380371094,0.010431102477014065,0.3786771595478058,0.0,0.0,1771.310302734375,0.0,1771.310302734375,0.0,0.0,0.0,0.0,0.0,0.0,0.0,55.33237075805664,1.5274556875228882,1051.4794921875,0,0,856,0.003265380859375,35,821,0.25,matched_multiscale_normalized_mse_v1,reference_norm_relative_v2,first_nonzero_active_used_gradient_norm_per_sample_v1,FIVE_BODY,SEISMIC_GUIDED,142
1,1,0.046875,0.0,0.4978353019929562,0.0,871739424768.0,9.999999974752427e-07,1.5,867113893888.0,9.999999974752427e-07,3.0,868854071296.0,9.999999974752427e-07,869774655488.0,0.9330100417137146,0.02618408203125,2.577234983444214,0.010369799099862576,0.3806283175945282,0.0,0.0,1770.0218505859375,0.0,1770.0218505859375,0.0,0.0,0.0,0.0,0.0,0.0,0.0,55.290077209472656,1.5987308025360107,0.0,0,0,934,0.00356292724609375,39,895,0.25,matched_multiscale_normalized_mse_v1,reference_norm_relative_v2,first_nonzero_active_used_gradient_norm_per_sample_v1,FIVE_BODY,SEISMIC_GUIDED,142
1,2,0.078125,0.0,0.4940062506389088,0.0,871282638848.0,9.999999974752427e-07,1.5,866682798080.0,9.999999974752427e-07,3.0,868533796864.0,9.999999974752427e-07,869352931328.0,0.9327514171600342,0.02618408203125,2.5752580165863037,0.010235432535409927,0.3845687210559845,0.0,0.0,1769.8248291015625,0.0,1769.8248291015625,0.0,0.0,0.0,0.0,0.0,0.0,0.0,55.28362274169922,1.6087616682052612,0.0,0,0,1061,0.004047393798828125,40,1021,0.25,matched_multiscale_normalized_mse_v1,reference_norm_relative_v2,first_nonzero_active_used_gradient_norm_per_sample_v1,FIVE_BODY,SEISMIC_GUIDED,142
1,3,0.109375,0.0,0.4883088130366042,0.0,870730825728.0,9.999999974752427e-07,1.5,866138587136.0,9.999999974752427e-07,3.0,868125704192.0,9.999999974752427e-07,868832116736.0,0.932434618473053,0.02618408203125,2.572232961654663,0.0100293830037117,0.3905751705169678,0.0,0.0,1768.7786865234375,0.0,1768.7786865234375,0.0,0.0,0.0,0.0,0.0,0.0,0.0,55.25045394897461,1.624686598777771,0.0,0,0,1189,0.004535675048828125,42,1147,0.25,matched_multiscale_normalized_mse_v1,reference_norm_relative_v2,first_nonzero_active_used_gradient_norm_per_sample_v1,FIVE_BODY,SEISMIC_GUIDED,142
1,4,0.140625,0.0,0.48079785862468866,0.0,870054035456.0,9.999999974752427e-07,1.5,865452752896.0,9.999999974752427e-07,3.0,867600236544.0,9.999999974752427e-07,868182917120.0,0.9320424795150757,0.02618408203125,2.568085193634033,0.009749493561685085,0.3987639844417572,0.0,0.0,1768.9442138671875,0.0,1768.9442138671875,0.0,0.0,0.0,0.0,0.0,0.0,0.0,55.25546646118164,1.6302003860473633,0.0,0,0,1274,0.00485992431640625,42,1232,0.25,matched_multiscale_normalized_mse_v1,reference_norm_relative_v2,first_nonzero_active_used_gradient_norm_per_sample_v1,FIVE_BODY,SEISMIC_GUIDED,142
1,5,0.171875,0.0,0.4715457220000544,0.0,869220089856.0,9.999999974752427e-07,1.5,864599867392.0,9.999999974752427e-07,3.0,866940485632.0,9.999999974752427e-07,867378135040.0,0.9315561056137085,0.02618408203125,2.562709093093872,0.009396741166710854,0.40929174423217773,0.0,0.0,1769.4254150390625,0.0,1769.4254150390625,0.0,0.0,0.0,0.0,0.0,0.0,0.0,55.27062225341797,1.6263395547866821,0.0,0,0,1538,0.00586700439453125,51,1487,0.25,matched_multiscale_normalized_mse_v1,reference_norm_relative_v2,first_nonzero_active_used_gradient_norm_per_sample_v1,FIVE_BODY,SEISMIC_GUIDED,142
1,6,0.203125,0.0,0.460641506296129,0.0,868189143040.0,9.999999974752427e-07,1.5,863542575104.0,9.999999974752427e-07,3.0,866112438272.0,9.999999974752427e-07,866379890688.0,0.9309515953063965,0.02618408203125,2.555966854095459,0.008977693505585194,0.4223563075065613,0.0,0.0,1769.075439453125,0.0,1769.075439453125,0.0,0.0,0.0,0.0,0.0,0.0,0.0,55.25981903076172,1.6216037273406982,0.0,0,0,1692,0.0064544677734375,70,1622,0.25,matched_multiscale_normalized_mse_v1,reference_norm_relative_v2,first_nonzero_active_used_gradient_norm_per_sample_v1,FIVE_BODY,SEISMIC_GUIDED,142
1,7,0.234375,0.0,0.4481902250709918,0.0,866959818752.0,9.999999974752427e-07,1.5,862282448896.0,9.999999974752427e-07,3.0,865124941824.0,9.999999974752427e-07,865189625856.0,0.9302259087562561,0.02618408203125,2.547680377960205,0.008497165516018867,0.43819504976272583,0.0,0.0,1770.47265625,0.0,1770.47265625,0.0,0.0,0.0,0.0,0.0,0.0,0.0,55.304420471191406,1.5899851322174072,0.0,0,0,1950,0.00743865966796875,68,1882,0.25,matched_multiscale_normalized_mse_v1,reference_norm_relative_v2,first_nonzero_active_used_gradient_norm_per_sample_v1,FIVE_BODY,SEISMIC_GUIDED,142
1,8,0.265625,0.06540312923014306,0.43431179096940364,0.0,865481654272.0,9.999999974752427e-07,1.5,860774662144.0,9.999999974752427e-07,3.0,863946866688.0,9.999999974752427e-07,863762644992.0,0.929347038269043,0.02618408203125,2.5376200675964355,0.007966521196067333,0.4570808708667755,1981938048.0,0.9999999403953552,1774.08251953125,29.00763511657715,1774.6842041015625,0.016350782307535765,0.01635078154504299,0.01635078154504299,0.0,0.9999999403953552,1.0,0.01635078154504299,55.436763763427734,1.566070556640625,0.0,0,0,2125,0.008106231689453125,94,2031,0.25,matched_multiscale_normalized_mse_v1,reference_norm_relative_v2,first_nonzero_active_used_gradient_norm_per_sample_v1,FIVE_BODY,SEISMIC_GUIDED,142
1,9,0.296875,0.19509032201612825,0.4191398608984867,0.0,860805529600.0,9.999999974752427e-07,1.5,857568509952.0,9.999999974752427e-07,3.0,861728800768.0,9.999999974752427e-07,860019097600.0,0.926642894744873,0.02618408203125,2.525465488433838,0.007391253486275673,0.47931140661239624,2222534656.0,1.0,1774.4093017578125,86.54253387451172,1777.6956787109375,0.04877258050403206,0.04877258837223053,0.04877258837223053,0.0,0.9999999403953552,1.0000001192092896,0.04877258837223053,55.53136444091797,1.5498430728912354,0.0,0,0,2705,0.010318756103515625,151,2554,0.25,matched_multiscale_normalized_mse_v1,reference_norm_relative_v2,first_nonzero_active_used_gradient_norm_per_sample_v1,FIVE_BODY,SEISMIC_GUIDED,142
1,10,0.328125,0.3214394653031616,0.4028205488386443,0.0,848527097856.0,9.999999974752427e-07,1.5,850551504896.0,9.999999974752427e-07,3.0,857260752896.0,9.999999974752427e-07,850881150976.0,0.919502317905426,0.02618408203125,2.5102105140686035,0.006770117674022913,0.5051895380020142,2617387008.0,1.0,1773.7498779296875,142.53831481933594,1781.6307373046875,0.0803598663257904,0.08035987615585327,0.08035987615585327,0.0,0.9999999403953552,1.0000001192092896,0.08035987615585327,55.6530647277832,1.596602201461792,0.0,0,0,3163,0.012065887451171875,187,2976,0.25,matched_multiscale_normalized_mse_v1,reference_norm_relative_v2,first_nonzero_active_used_gradient_norm_per_sample_v1,FIVE_BODY,SEISMIC_GUIDED,142
1,11,0.359375,0.4422886902190013,0.3855110186860564,0.0,825217384448.0,9.999999974752427e-07,1.5,838038847488.0,9.999999974752427e-07,3.0,849583996928.0,9.999999974752427e-07,833937145856.0,0.9054930210113525,0.02618408203125,2.488556146621704,0.0060561285354197025,0.534989058971405,3161020672.0,1.0,1771.819580078125,195.9139862060547,1785.943359375,0.11057217255475033,0.11057218909263611,0.11057218909263611,0.0,0.9999999403953552,1.0000001192092896,0.1105721965432167,55.78664779663086,1.6393241882324219,0.0,0,0,3770,0.01438140869140625,239,3531,0.25,matched_multiscale_normalized_mse_v1,reference_norm_relative_v2,first_nonzero_active_used_gradient_norm_per_sample_v1,FIVE_BODY,SEISMIC_GUIDED,142
1,12,0.390625,0.5555702330196022,0.367377970678444,0.0,787140902912.0,9.999999974752427e-07,1.5,817791434752.0,9.999999974752427e-07,3.0,837405507584.0,9.999999974752427e-07,806389022720.0,0.8812077641487122,0.02618408203125,2.452730655670166,0.005329963285475969,0.5688996315002441,3692881152.0,1.0,1769.488037109375,245.7687530517578,1791.4765625,0.13889255825490054,0.13889257609844208,0.13889257609844208,0.0,0.9999999403953552,1.0000001192092896,0.13889257609844208,55.95797348022461,1.6950342655181885,0.0,0,0,4376,0.016693115234375,292,4084,0.25,matched_multiscale_normalized_mse_v1,reference_norm_relative_v2,first_nonzero_active_used_gradient_norm_per_sample_v1,FIVE_BODY,SEISMIC_GUIDED,142
1,13,0.421875,0.6593458151000688,0.3485960359806528,0.0,732237135872.0,9.999999974752427e-07,1.5,787401801728.0,9.999999974752427e-07,3.0,819132104704.0,9.999999974752427e-07,766165581824.0,0.8435412645339966,0.02618408203125,2.392739772796631,0.0046056294813752174,0.6069469451904297,4119378944.0,0.9999999403953552,1768.11572265625,291.4499206542969,1799.09375,0.1648364537750172,0.16483645141124725,0.16483645141124725,0.0,0.9999999403953552,1.0,0.16483645141124725,56.19398498535156,1.7643803358078003,0.0,0,0,5176,0.019744873046875,334,4842,0.25,matched_multiscale_normalized_mse_v1,reference_norm_relative_v2,first_nonzero_active_used_gradient_norm_per_sample_v1,FIVE_BODY,SEISMIC_GUIDED,142
1,14,0.453125,0.7518398074789773,0.32934609489107236,0.0,659829227520.0,9.999999974752427e-07,1.5,744537653248.0,9.999999974752427e-07,3.0,792975376384.0,9.999999974752427e-07,711870971904.0,0.7901597619056702,0.02618408203125,2.3000118732452393,0.003898452967405319,0.6488853693008423,4510769152.0,1.0,1766.799072265625,332.0875244140625,1807.100830078125,0.18795995186974432,0.18795998394489288,0.18795998394489288,0.0,0.9999999403953552,1.0000001192092896,0.18795998394489288,56.4412727355957,1.8596785068511963,0.0,0,0,6358,0.02425384521484375,390,5968,0.25,matched_multiscale_normalized_mse_v1,reference_norm_relative_v2,first_nonzero_active_used_gradient_norm_per_sample_v1,FIVE_BODY,SEISMIC_GUIDED,142
1,15,0.484375,0.8314696123025452,0.3098135348654836,0.0,571443118080.0,9.999999974752427e-07,1.5,687406841856.0,9.999999974752427e-07,3.0,757163229184.0,9.999999974752427e-07,643376283648.0,0.7194169759750366,0.02618408203125,2.1636414527893066,0.0032244622707366943,0.6940759420394897,4733434880.0,1.0000001192092896,1766.423583984375,367.18194580078125,1816.2130126953125,0.2078674030756363,0.20786744356155396,0.20786744356155396,0.0,0.9999999403953552,1.000000238418579,0.20786744356155396,56.72077178955078,2.0179736614227295,0.0,0,0,7473,0.028507232666015625,393,7080,0.25,matched_multiscale_normalized_mse_v1,reference_norm_relative_v2,first_nonzero_active_used_gradient_norm_per_sample_v1,FIVE_BODY,SEISMIC_GUIDED,142
1,16,0.515625,0.8968727415326884,0.2901864651345164,0.0,472524816384.0,9.999999974752427e-07,1.5,615438876672.0,9.999999974752427e-07,3.0,710054510592.0,9.999999974752427e-07,562904956928.0,0.6321746110916138,0.02618408203125,1.9755516052246094,0.0025986882392317057,0.7413794994354248,4768880128.0,1.0,1765.6944580078125,395.90087890625,1824.3475341796875,0.2242181853831721,0.2242182195186615,0.2242182195186615,0.0,0.9999999403953552,1.0000001192092896,0.2242182195186615,56.97001266479492,2.157670497894287,0.0,0,0,8817,0.033634185791015625,470,8347,0.25,matched_multiscale_normalized_mse_v1,reference_norm_relative_v2,first_nonzero_active_used_gradient_norm_per_sample_v1,FIVE_BODY,SEISMIC_GUIDED,142
1,17,0.546875,0.9469301294951056,0.2706539051089276,0.0,374816276480.0,9.999999974752427e-07,1.5,530971262976.0,9.999999974752427e-07,3.0,651449073664.0,9.999999974752427e-07,476989358080.0,0.5342981815338135,0.02618408203125,1.7353466749191284,0.002035201294347644,0.7891169190406799,4403768832.0,0.9999999403953552,1763.59521484375,417.5003662109375,1830.3018798828125,0.2367325323737764,0.23673252761363983,0.23673252761363983,0.0,0.9999999403953552,1.0,0.23673254251480103,57.14932632446289,2.3331727981567383,0.0,0,0,10543,0.040218353271484375,456,10087,0.25,matched_multiscale_normalized_mse_v1,reference_norm_relative_v2,first_nonzero_active_used_gradient_norm_per_sample_v1,FIVE_BODY,SEISMIC_GUIDED,142
1,18,0.578125,0.9807852804032304,0.2514039640193472,0.0,287763398656.0,9.999999974752427e-07,1.5,439003545600.0,9.999999974752427e-07,3.0,582292340736.0,9.999999974752427e-07,392041267200.0,0.43521857261657715,0.02618408203125,1.4652155637741089,0.001544696744531393,0.835170328617096,3977938432.0,1.0,1763.11767578125,432.3099670410156,1836.0616455078125,0.2451963201008076,0.24519634246826172,0.24519634246826172,0.0,0.9999999403953552,1.0000001192092896,0.24519632756710052,57.32020950317383,2.550593376159668,0.0,0,0,12410,0.04734039306640625,507,11903,0.25,matched_multiscale_normalized_mse_v1,reference_norm_relative_v2,first_nonzero_active_used_gradient_norm_per_sample_v1,FIVE_BODY,SEISMIC_GUIDED,142
1,19,0.609375,0.9978589232386035,0.232622029321556,0.0,214940860416.0,9.999999974752427e-07,1.5,348045705216.0,9.999999974752427e-07,3.0,506657341440.0,9.999999974752427e-07,313215614976.0,0.34138956665992737,0.02618408203125,1.1862366199493408,0.0011336394818499684,0.8772691488265991,3585959680.0,0.9999999403953552,1761.072021484375,439.3254089355469,1837.83154296875,0.24946473080965087,0.2494647353887558,0.2494647353887558,0.0,0.9999999403953552,1.0,0.24946476519107819,57.36598205566406,2.757849931716919,0.0,0,0,14599,0.055690765380859375,490,14109,0.25,matched_multiscale_normalized_mse_v1,reference_norm_relative_v2,first_nonzero_active_used_gradient_norm_per_sample_v1,FIVE_BODY,SEISMIC_GUIDED,142
1,20,0.640625,0.9978589232386035,0.21448898131394362,0.0,154742587392.0,9.999999974752427e-07,1.5,263498498048.0,9.999999974752427e-07,3.0,428206850048.0,9.999999974752427e-07,242062229504.0,0.2561550736427307,0.02618408203125,0.9163690209388733,0.0008027538424357772,0.9134263396263123,3339662080.0,0.9999998807907104,1759.7764892578125,439.0021667480469,1836.8497314453125,0.24946473080965087,0.2494647204875946,0.2494647204875946,0.0,0.9999999403953552,0.9999999403953552,0.2494647353887558,57.32224655151367,3.016327381134033,0.0,0,0,16667,0.06357955932617188,574,16093,0.25,matched_multiscale_normalized_mse_v1,reference_norm_relative_v2,first_nonzero_active_used_gradient_norm_per_sample_v1,FIVE_BODY,SEISMIC_GUIDED,142
1,21,0.671875,0.9807852804032304,0.19717945116135566,0.0,110171660288.0,9.999999974752427e-07,1.5,192118358016.0,9.999999974752427e-07,3.0,353328070656.0,9.999999974752427e-07,183386963968.0,0.18436001241207123,0.02618408203125,0.6680009365081787,0.0005471163894981146,0.9423894286155701,2744755712.0,1.0,1759.7637939453125,431.4876403808594,1836.027587890625,0.2451963201008076,0.24519634246826172,0.24519634246826172,0.0,0.9999999403953552,1.0000001192092896,0.24519634246826172,57.2801513671875,3.3126580715179443,0.0,0,0,18028,0.0687713623046875,557,17471,0.25,matched_multiscale_normalized_mse_v1,reference_norm_relative_v2,first_nonzero_active_used_gradient_norm_per_sample_v1,FIVE_BODY,SEISMIC_GUIDED,142
1,22,0.703125,0.9469301294951057,0.18086013910151333,0.0,78208475136.0,9.999999974752427e-07,1.5,134027132928.0,9.999999974752427e-07,3.0,283951497216.0,9.999999974752427e-07,136102674432.0,0.12841352820396423,0.02618408203125,0.45973101258277893,0.00035661167930811644,0.9639109969139099,2367113728.0,0.9999999403953552,1758.447998046875,416.2818603515625,1829.574462890625,0.23673253237377642,0.23673252761363983,0.23673252761363983,0.0,0.9999999403953552,1.0,0.23673254251480103,57.05628204345703,3.6701061725616455,0.0,0,0,18529,0.07068252563476562,536,17993,0.25,matched_multiscale_normalized_mse_v1,reference_norm_relative_v2,first_nonzero_active_used_gradient_norm_per_sample_v1,FIVE_BODY,SEISMIC_GUIDED,142
1,23,0.734375,0.8968727415326884,0.16568820903059628,0.0,55424479232.0,9.999999974752427e-07,1.5,93122560000.0,9.999999974752427e-07,3.0,227572072448.0,9.999999974752427e-07,101163425792.0,0.08670765906572342,0.02618408203125,0.2963111996650696,0.00020941936236340553,0.9786992073059082,2031686016.0,1.0,1758.3126220703125,394.2457275390625,1820.7177734375,0.2242181853831721,0.2242182195186615,0.2242182195186615,0.0,0.9999999403953552,1.0000001192092896,0.2242182195186615,56.754051208496094,4.036712169647217,0.0,0,0,16762,0.06394195556640625,432,16330,0.25,matched_multiscale_normalized_mse_v1,reference_norm_relative_v2,first_nonzero_active_used_gradient_norm_per_sample_v1,FIVE_BODY,SEISMIC_GUIDED,142
1,24,0.765625,0.8314696123025455,0.1518097749290082,0.0,38477053952.0,9.999999974752427e-07,1.5,66212413440.0,9.999999974752427e-07,3.0,184957321216.0,9.999999974752427e-07,76093718528.0,0.05648711323738098,0.02618408203125,0.17711089551448822,0.00010316025873180479,0.9880927205085754,1638403968.0,1.0,1759.1507568359375,365.6701354980469,1811.1466064453125,0.20786740307563636,0.20786742866039276,0.20786742866039276,0.0,0.9999999403953552,1.0000001192092896,0.20786742866039276,56.4188346862793,4.504058837890625,0.0,0,0,12927,0.049312591552734375,340,12587,0.25,matched_multiscale_normalized_mse_v1,reference_norm_relative_v2,first_nonzero_active_used_gradient_norm_per_sample_v1,FIVE_BODY,SEISMIC_GUIDED,142
1,25,0.796875,0.7518398074789774,0.139358493703871,0.0,26906470400.0,9.999999974752427e-07,1.5,48946651136.0,9.999999974752427e-07,3.0,153705463808.0,9.999999974752427e-07,58878320640.0,0.03721670061349869,0.02618408203125,0.101344533264637,4.784060729434714e-05,0.9936268329620361,1649941760.0,1.0,1762.5799560546875,331.2945251464844,1802.654296875,0.18795995186974435,0.18795998394489288,0.18795998394489288,0.0,0.9999999403953552,1.0000001192092896,0.18795999884605408,56.110816955566406,4.99770450592041,0.0,0,0,8068,0.0307769775390625,201,7867,0.25,matched_multiscale_normalized_mse_v1,reference_norm_relative_v2,first_nonzero_active_used_gradient_norm_per_sample_v1,FIVE_BODY,SEISMIC_GUIDED,142
1,26,0.828125,0.659345815100069,0.12845427799994558,0.0,20128512000.0,9.999999974752427e-07,1.5,38791995392.0,9.999999974752427e-07,3.0,133833121792.0,9.999999974752427e-07,48468480000.0,0.02531670220196247,0.02618408203125,0.053154680877923965,2.219326597696636e-05,0.9966714382171631,1264630400.0,0.9999999403953552,1767.0650634765625,291.2767333984375,1795.7618408203125,0.16483645377501724,0.16483645141124725,0.16483645141124725,0.0,0.9999999403953552,1.0,0.16483645141124725,55.8387565612793,5.586905002593994,0.0,0,0,4226,0.01612091064453125,131,4095,0.25,matched_multiscale_normalized_mse_v1,reference_norm_relative_v2,first_nonzero_active_used_gradient_norm_per_sample_v1,FIVE_BODY,SEISMIC_GUIDED,142
1,27,0.859375,0.5555702330196022,0.11920214137531127,0.0,15665846272.0,9.999999974752427e-07,1.5,32791089152.0,9.999999974752427e-07,3.0,120935923712.0,9.999999974752427e-07,41857433600.0,0.018389161676168442,0.02618408203125,0.02700478583574295,9.540162864141166e-06,0.99825519323349,1019998528.0,0.9999999403953552,1772.4813232421875,246.18446350097656,1790.6787109375,0.13889255825490054,0.13889256119728088,0.13889256119728088,0.0,0.9999999403953552,1.0,0.13889256119728088,55.60546112060547,6.277744293212891,0.0,0,0,2155,0.008220672607421875,54,2101,0.25,matched_multiscale_normalized_mse_v1,reference_norm_relative_v2,first_nonzero_active_used_gradient_norm_per_sample_v1,FIVE_BODY,SEISMIC_GUIDED,142
1,28,0.890625,0.4422886902190013,0.11169118696339586,0.0,13391116288.0,9.999999974752427e-07,1.5,29515325440.0,9.999999974752427e-07,3.0,113461075968.0,9.999999974752427e-07,38242369536.0,0.014872525818645954,0.02618408203125,0.014218762516975403,5.043492819822859e-06,0.9990459084510803,998158784.0,0.9999999403953552,1780.3255615234375,196.85447692871094,1790.8480224609375,0.11057217255475033,0.11057217419147491,0.11057217419147491,0.0,0.9999999403953552,1.0,0.11057218164205551,55.52236557006836,7.016849517822266,0.0,0,0,1200,0.00457763671875,43,1157,0.25,matched_multiscale_normalized_mse_v1,reference_norm_relative_v2,first_nonzero_active_used_gradient_norm_per_sample_v1,FIVE_BODY,SEISMIC_GUIDED,142
1,29,0.921875,0.32143946530316175,0.10599374936109118,0.0,11980545024.0,9.999999974752427e-07,1.5,27555479552.0,9.999999974752427e-07,3.0,109314826240.0,9.999999974752427e-07,36119879680.0,0.012866475619375706,0.02618408203125,0.008305899798870087,3.5172442949260585e-06,0.9994298815727234,860881600.0,0.9999999403953552,1794.5535888671875,144.21011352539062,1798.07373046875,0.08035986632579044,0.08035986870527267,0.08035986870527267,0.0,0.9999999403953552,1.0,0.08035988360643387,55.65696334838867,7.719869136810303,0.0,0,0,797,0.003040313720703125,30,767,0.25,matched_multiscale_normalized_mse_v1,reference_norm_relative_v2,first_nonzero_active_used_gradient_norm_per_sample_v1,FIVE_BODY,SEISMIC_GUIDED,142
1,30,0.953125,0.1950903220161286,0.10216469800704375,0.0,10695460864.0,9.999999974752427e-07,1.5,26648619008.0,9.999999974752427e-07,3.0,107856338944.0,9.999999974752427e-07,34913583104.0,0.011410203762352467,0.02618408203125,0.005980104673653841,2.1881689917790936e-06,0.999609649181366,967263104.0,1.0,1831.5692138671875,89.33037567138672,1831.3385009765625,0.04877258050403215,0.04877258837223053,0.04877258837223053,0.0,0.9999999403953552,1.0000001192092896,0.04877259209752083,56.603309631347656,8.441622734069824,0.0,0,0,731,0.002788543701171875,26,705,0.25,matched_multiscale_normalized_mse_v1,reference_norm_relative_v2,first_nonzero_active_used_gradient_norm_per_sample_v1,FIVE_BODY,SEISMIC_GUIDED,142
1,31,0.984375,0.06540312923014312,0.10024090875896552,0.0,9700581376.0,9.999999974752427e-07,1.5,27202613248.0,9.999999974752427e-07,3.0,110400831488.0,9.999999974752427e-07,35091243008.0,0.01031044777482748,0.02618408203125,0.004902238957583904,1.8348346202401444e-06,0.9996809959411621,923197248.0,1.0,1989.6522216796875,32.532371520996094,1987.9052734375,0.01635078230753578,0.01635078340768814,0.01635078340768814,0.0,0.9999999403953552,1.0000001192092896,0.01635078340768814,61.34592819213867,9.789034843444824,0.0,0,0,784,0.00299072265625,37,747,0.25,matched_multiscale_normalized_mse_v1,reference_norm_relative_v2,first_nonzero_active_used_gradient_norm_per_sample_v1,FIVE_BODY,SEISMIC_GUIDED,142
2,0,0.015625,0.0,0.49975909124103446,0.0,868375134208.0,9.999999974752427e-07,1.5,866492940288.0,9.999999974752427e-07,3.0,868373168128.0,9.999999974752427e-07,867810082816.0,0.9311385750770569,0.02618408203125,2.5780041217803955,0.010672674514353275,0.3786771595478058,0.0,0.0,1770.0938720703125,0.0,1770.0938720703125,0.0,0.0,0.0,0.0,0.0,0.0,0.0,55.294673919677734,1.5152366161346436,1052.6370849609375,0,0,861,0.003284454345703125,34,827,0.25,matched_multiscale_normalized_mse_v1,reference_norm_relative_v2,first_nonzero_active_used_gradient_norm_per_sample_v1,FIVE_BODY,SEISMIC_GUIDED,242
2,1,0.046875,0.0,0.4978353019929562,0.0,867886301184.0,9.999999974752427e-07,1.5,866061910016.0,9.999999974752427e-07,3.0,868030873600.0,9.999999974752427e-07,867367911424.0,0.9308671355247498,0.02618408203125,2.5770177841186523,0.01060357503592968,0.3806283175945282,0.0,0.0,1768.5831298828125,0.0,1768.5831298828125,0.0,0.0,0.0,0.0,0.0,0.0,0.0,55.24551010131836,1.5843349695205688,0.0,0,0,918,0.00350189208984375,27,891,0.25,matched_multiscale_normalized_mse_v1,reference_norm_relative_v2,first_nonzero_active_used_gradient_norm_per_sample_v1,FIVE_BODY,SEISMIC_GUIDED,242
2,2,0.078125,0.0,0.4940062506389088,0.0,867341828096.0,9.999999974752427e-07,1.5,865558790144.0,9.999999974752427e-07,3.0,867631431680.0,9.999999974752427e-07,866864857088.0,0.9305588603019714,0.02618408203125,2.5750300884246826,0.010455125942826271,0.3845687210559845,0.0,0.0,1768.0496826171875,0.0,1768.0496826171875,0.0,0.0,0.0,0.0,0.0,0.0,0.0,55.228580474853516,1.593083143234253,0.0,0,0,1105,0.004215240478515625,39,1066,0.25,matched_multiscale_normalized_mse_v1,reference_norm_relative_v2,first_nonzero_active_used_gradient_norm_per_sample_v1,FIVE_BODY,SEISMIC_GUIDED,242
2,3,0.109375,0.0,0.4883088130366042,0.0,866673885184.0,9.999999974752427e-07,1.5,864918306816.0,9.999999974752427e-07,3.0,867110551552.0,9.999999974752427e-07,866234531840.0,0.93017578125,0.02618408203125,2.571991205215454,0.010228822939097881,0.3905751705169678,0.0,0.0,1766.18896484375,0.0,1766.18896484375,0.0,0.0,0.0,0.0,0.0,0.0,0.0,55.16991424560547,1.6101032495498657,0.0,0,0,1169,0.004459381103515625,46,1123,0.25,matched_multiscale_normalized_mse_v1,reference_norm_relative_v2,first_nonzero_active_used_gradient_norm_per_sample_v1,FIVE_BODY,SEISMIC_GUIDED,242
2,4,0.140625,0.0,0.48079785862468866,0.0,865852194816.0,9.999999974752427e-07,1.5,864107298816.0,9.999999974752427e-07,3.0,866432188416.0,9.999999974752427e-07,865444757504.0,0.929700493812561,0.02618408203125,2.56782603263855,0.009927569888532162,0.3987639844417572,0.0,0.0,1766.104736328125,0.0,1766.104736328125,0.0,0.0,0.0,0.0,0.0,0.0,0.0,55.167152404785156,1.61458420753479,0.0,0,0,1283,0.004894256591796875,38,1245,0.25,matched_multiscale_normalized_mse_v1,reference_norm_relative_v2,first_nonzero_active_used_gradient_norm_per_sample_v1,FIVE_BODY,SEISMIC_GUIDED,242
2,5,0.171875,0.0,0.4715457220000544,0.0,864849494016.0,9.999999974752427e-07,1.5,863099092992.0,9.999999974752427e-07,3.0,865577861120.0,9.999999974752427e-07,864470040576.0,0.9291166067123413,0.02618408203125,2.562429666519165,0.00955482292920351,0.40929174423217773,0.0,0.0,1766.5989990234375,0.0,1766.5989990234375,0.0,0.0,0.0,0.0,0.0,0.0,0.0,55.18274688720703,1.609621286392212,0.0,0,0,1522,0.00580596923828125,49,1473,0.25,matched_multiscale_normalized_mse_v1,reference_norm_relative_v2,first_nonzero_active_used_gradient_norm_per_sample_v1,FIVE_BODY,SEISMIC_GUIDED,242
2,6,0.203125,0.0,0.460641506296129,0.0,863609683968.0,9.999999974752427e-07,1.5,861837590528.0,9.999999974752427e-07,3.0,864498286592.0,9.999999974752427e-07,863255789568.0,0.9283910393714905,0.02618408203125,2.555663824081421,0.009115556254982948,0.4223563075065613,0.0,0.0,1766.599853515625,0.0,1766.599853515625,0.0,0.0,0.0,0.0,0.0,0.0,0.0,55.18293762207031,1.6040675640106201,0.0,0,0,1687,0.006435394287109375,46,1641,0.25,matched_multiscale_normalized_mse_v1,reference_norm_relative_v2,first_nonzero_active_used_gradient_norm_per_sample_v1,FIVE_BODY,SEISMIC_GUIDED,242
2,7,0.234375,0.0,0.4481902250709918,0.0,862121558016.0,9.999999974752427e-07,1.5,860315451392.0,9.999999974752427e-07,3.0,863197921280.0,9.999999974752427e-07,861794992128.0,0.9275144338607788,0.02618408203125,2.5473477840423584,0.008614256978034973,0.43819504976272583,0.0,0.0,1768.3258056640625,0.0,1768.3258056640625,0.0,0.0,0.0,0.0,0.0,0.0,0.0,55.23777389526367,1.5735136270523071,0.0,0,0,1916,0.0073089599609375,67,1849,0.25,matched_multiscale_normalized_mse_v1,reference_norm_relative_v2,first_nonzero_active_used_gradient_norm_per_sample_v1,FIVE_BODY,SEISMIC_GUIDED,242
2,8,0.265625,0.06540312923014306,0.43431179096940364,0.0,860334522368.0,9.999999974752427e-07,1.5,858481426432.0,9.999999974752427e-07,3.0,861635477504.0,9.999999974752427e-07,860038823936.0,0.9264546036720276,0.02618408203125,2.537250280380249,0.008055555634200573,0.4570808708667755,2025355776.0,1.0,1772.12060546875,28.97555923461914,1772.7723388671875,0.016350782307535765,0.01635078154504299,0.01635078154504299,0.0,1.0,1.0,0.01635078340768814,55.37743377685547,1.5505269765853882,0.0,0,0,2187,0.008342742919921875,98,2089,0.25,matched_multiscale_normalized_mse_v1,reference_norm_relative_v2,first_nonzero_active_used_gradient_norm_per_sample_v1,FIVE_BODY,SEISMIC_GUIDED,242
2,9,0.296875,0.19509032201612825,0.4191398608984867,0.0,855226580992.0,9.999999974752427e-07,1.5,854857482240.0,9.999999974752427e-07,3.0,858928250880.0,9.999999974752427e-07,855856185344.0,0.9234879612922668,0.02618408203125,2.5249788761138916,0.007438670378178358,0.47931140661239624,2268097024.0,1.0,1772.4686279296875,86.44786834716797,1775.90234375,0.04877258050403206,0.04877258092164993,0.04877258092164993,0.0,1.0,1.0,0.04877258092164993,55.47573471069336,1.5343027114868164,0.0,0,0,2611,0.009960174560546875,152,2459,0.25,matched_multiscale_normalized_mse_v1,reference_norm_relative_v2,first_nonzero_active_used_gradient_norm_per_sample_v1,FIVE_BODY,SEISMIC_GUIDED,242
2,10,0.328125,0.3214394653031616,0.4028205488386443,0.0,842343186432.0,9.999999974752427e-07,1.5,847306817536.0,9.999999974752427e-07,3.0,853832499200.0,9.999999974752427e-07,846130184192.0,0.9159569144248962,0.02618408203125,2.5093932151794434,0.006770938169211149,0.5051895380020142,2657902592.0,1.0,1771.659423828125,142.3703155517578,1779.7901611328125,0.0803598663257904,0.08035986870527267,0.08035986870527267,0.0,1.0,1.0,0.08035986870527267,55.595924377441406,1.5824671983718872,0.0,0,0,3058,0.01166534423828125,182,2876,0.25,matched_multiscale_normalized_mse_v1,reference_norm_relative_v2,first_nonzero_active_used_gradient_norm_per_sample_v1,FIVE_BODY,SEISMIC_GUIDED,242
2,11,0.359375,0.4422886902190013,0.3855110186860564,0.0,818345476096.0,9.999999974752427e-07,1.5,834131722240.0,9.999999974752427e-07,3.0,845352861696.0,9.999999974752427e-07,828482846720.0,0.9014505743980408,0.02618408203125,2.4870407581329346,0.006079887505620718,0.534989058971405,3172614656.0,0.9999998807907104,1769.5936279296875,195.66778564453125,1784.1112060546875,0.11057217255475033,0.11057215929031372,0.11057215929031372,0.0,1.0,0.9999998807907104,0.11057215929031372,55.72981643676758,1.624085783958435,0.0,0,0,3659,0.013957977294921875,254,3405,0.25,matched_multiscale_normalized_mse_v1,reference_norm_relative_v2,first_nonzero_active_used_gradient_norm_per_sample_v1,FIVE_BODY,SEISMIC_GUIDED,242
2,12,0.390625,0.5555702330196022,0.367377970678444,0.0,779613372416.0,9.999999974752427e-07,1.5,813089619968.0,9.999999974752427e-07,3.0,832156663808.0,9.999999974752427e-07,800164937728.0,0.8766894340515137,0.02618408203125,2.4507670402526855,0.005361664108932018,0.5688996315002441,3711737856.0,0.9999999403953552,1766.951416015625,245.41639709472656,1789.450439453125,0.13889255825490054,0.1388925462961197,0.1388925462961197,0.0,1.0,0.9999999403953552,0.13889256119728088,55.89514923095703,1.6779537200927734,0.0,0,0,4436,0.0169219970703125,296,4140,0.25,matched_multiscale_normalized_mse_v1,reference_norm_relative_v2,first_nonzero_active_used_gradient_norm_per_sample_v1,FIVE_BODY,SEISMIC_GUIDED,242
2,13,0.421875,0.6593458151000688,0.3485960359806528,0.0,723162234880.0,9.999999974752427e-07,1.5,781398245376.0,9.999999974752427e-07,3.0,812465389568.0,9.999999974752427e-07,758493741056.0,0.838151216506958,0.02618408203125,2.391096591949463,0.00462711974978447,0.6069469451904297,4234156800.0,1.0,1765.534423828125,291.0244140625,1797.1856689453125,0.1648364537750172,0.16483645141124725,0.16483645141124725,0.0,1.0,1.0,0.16483643651008606,56.1348876953125,1.746618628501892,0.0,0,0,5241,0.019992828369140625,342,4899,0.25,matched_multiscale_normalized_mse_v1,reference_norm_relative_v2,first_nonzero_active_used_gradient_norm_per_sample_v1,FIVE_BODY,SEISMIC_GUIDED,242
2,14,0.453125,0.7518398074789773,0.32934609489107236,0.0,647730298880.0,9.999999974752427e-07,1.5,736311508992.0,9.999999974752427e-07,3.0,784295526400.0,9.999999974752427e-07,701617733632.0,0.7826092839241028,0.02618408203125,2.2959744930267334,0.003908354789018631,0.6488853693008423,4614896640.0,1.0,1764.1500244140625,331.5895690917969,1805.528564453125,0.18795995186974432,0.1879599541425705,0.1879599541425705,0.0,1.0,1.0,0.1879599541425705,56.39270782470703,1.8415961265563965,0.0,0,0,6216,0.023712158203125,360,5856,0.25,matched_multiscale_normalized_mse_v1,reference_norm_relative_v2,first_nonzero_active_used_gradient_norm_per_sample_v1,FIVE_BODY,SEISMIC_GUIDED,242
2,15,0.484375,0.8314696123025452,0.3098135348654836,0.0,556844122112.0,9.999999974752427e-07,1.5,676482711552.0,9.999999974752427e-07,3.0,745987375104.0,9.999999974752427e-07,630564388864.0,0.709367036819458,0.02618408203125,2.1544787883758545,0.003222542582079768,0.6940759420394897,4783940608.0,0.9999999403953552,1763.816162109375,366.6398620605469,1814.93896484375,0.2078674030756363,0.20786738395690918,0.20786738395690918,0.0,1.0,0.9999999403953552,0.20786738395690918,56.681556701660156,2.000370979309082,0.0,0,0,7468,0.0284881591796875,397,7071,0.25,matched_multiscale_normalized_mse_v1,reference_norm_relative_v2,first_nonzero_active_used_gradient_norm_per_sample_v1,FIVE_BODY,SEISMIC_GUIDED,242
2,16,0.515625,0.8968727415326884,0.2901864651345164,0.0,457685073920.0,9.999999974752427e-07,1.5,602106822656.0,9.999999974752427e-07,3.0,696158846976.0,9.999999974752427e-07,548706385920.0,0.6207782626152039,0.02618408203125,1.961672067642212,0.0025857663713395596,0.7413794994354248,4679735296.0,1.0,1763.1641845703125,395.3335266113281,1823.5740966796875,0.2242181853831721,0.2242181897163391,0.2242181897163391,0.0,1.0,1.0,0.2242182195186615,56.94644546508789,2.14139461517334,0.0,0,0,8771,0.033458709716796875,413,8358,0.25,matched_multiscale_normalized_mse_v1,reference_norm_relative_v2,first_nonzero_active_used_gradient_norm_per_sample_v1,FIVE_BODY,SEISMIC_GUIDED,242
2,17,0.546875,0.9469301294951056,0.2706539051089276,0.0,358350225408.0,9.999999974752427e-07,1.5,515663003648.0,9.999999974752427e-07,3.0,634461618176.0,9.999999974752427e-07,460766314496.0,0.5218251943588257,0.02618408203125,1.7230807542800903,0.0020131308119744062,0.7891169190406799,4432407040.0,1.0,1761.2298583984375,416.9404296875,1829.7784423828125,0.2367325323737764,0.23673252761363983,0.23673252761363983,0.0,1.0,1.0,0.23673254251480103,57.13355255126953,2.3184897899627686,0.0,0,0,10615,0.040493011474609375,498,10117,0.25,matched_multiscale_normalized_mse_v1,reference_norm_relative_v2,first_nonzero_active_used_gradient_norm_per_sample_v1,FIVE_BODY,SEISMIC_GUIDED,242
2,18,0.578125,0.9807852804032304,0.2514039640193472,0.0,267022286848.0,9.999999974752427e-07,1.5,422967705600.0,9.999999974752427e-07,3.0,562655461376.0,9.999999974752427e-07,372932542464.0,0.41924646496772766,0.02618408203125,1.4500839710235596,0.0015158811584115028,0.835170328617096,4072088064.0,0.9999999403953552,1760.9720458984375,431.7838439941406,1835.9268798828125,0.2451963201008076,0.24519629776477814,0.24519629776477814,0.0,1.0,0.9999999403953552,0.24519631266593933,57.316585540771484,2.5371735095977783,0.0,0,0,12354,0.04712677001953125,508,11846,0.25,matched_multiscale_normalized_mse_v1,reference_norm_relative_v2,first_nonzero_active_used_gradient_norm_per_sample_v1,FIVE_BODY,SEISMIC_GUIDED,242
2,19,0.609375,0.9978589232386035,0.232622029321556,0.0,189992321024.0,9.999999974752427e-07,1.5,330715693056.0,9.999999974752427e-07,3.0,483876241408.0,9.999999974752427e-07,290986131456.0,0.3204038441181183,0.02618408203125,1.1597293615341187,0.0011009344598278403,0.8772691488265991,3569593856.0,0.9999999403953552,1759.14794921875,438.8453674316406,1838.5364990234375,0.24946473080965087,0.2494647204875946,0.2494647204875946,0.0,1.0,0.9999999403953552,0.2494647353887558,57.38850021362305,2.748168706893921,0.0,0,0,14420,0.0550079345703125,531,13889,0.25,matched_multiscale_normalized_mse_v1,reference_norm_relative_v2,first_nonzero_active_used_gradient_norm_per_sample_v1,FIVE_BODY,SEISMIC_GUIDED,242
2,20,0.640625,0.9978589232386035,0.21448898131394362,0.0,130450456576.0,9.999999974752427e-07,1.5,245257453568.0,9.999999974752427e-07,3.0,402220482560.0,9.999999974752427e-07,219246559232.0,0.2335517406463623,0.02618408203125,0.8804845213890076,0.0007680418784730136,0.9134263396263123,3071655936.0,1.0,1758.0704345703125,438.57659912109375,1839.2821044921875,0.24946473080965087,0.2494647353887558,0.2494647353887558,0.0,1.0,1.0,0.249464750289917,57.398799896240234,3.008026599884033,0.0,0,0,16402,0.06256866455078125,587,15815,0.25,matched_multiscale_normalized_mse_v1,reference_norm_relative_v2,first_nonzero_active_used_gradient_norm_per_sample_v1,FIVE_BODY,SEISMIC_GUIDED,242
2,21,0.671875,0.9807852804032304,0.19717945116135566,0.0,86541754368.0,9.999999974752427e-07,1.5,172305956864.0,9.999999974752427e-07,3.0,322947743744.0,9.999999974752427e-07,159552208896.0,0.16176384687423706,0.02618408203125,0.6308844089508057,0.00048688967945054173,0.9423894286155701,2726773504.0,1.0,1757.972900390625,431.0484924316406,1836.9642333984375,0.2451963201008076,0.24519631266593933,0.24519631266593933,0.0,1.0,1.0,0.24519632756710052,57.309906005859375,3.3051626682281494,0.0,0,0,17647,0.06731796264648438,511,17136,0.25,matched_multiscale_normalized_mse_v1,reference_norm_relative_v2,first_nonzero_active_used_gradient_norm_per_sample_v1,FIVE_BODY,SEISMIC_GUIDED,242
2,22,0.703125,0.9469301294951057,0.18086013910151333,0.0,55633817600.0,9.999999974752427e-07,1.5,116278575104.0,9.999999974752427e-07,3.0,252844703744.0,9.999999974752427e-07,113269424128.0,0.10533266514539719,0.02618408203125,0.4199095368385315,0.0002934770891442895,0.9639109969139099,2114680704.0,1.0,1756.7490234375,415.8796081542969,1831.3011474609375,0.23673253237377642,0.23673252761363983,0.23673252761363983,0.0,1.0,1.0,0.23673251271247864,57.11074447631836,3.664102077484131,0.0,0,0,18468,0.0704498291015625,471,17997,0.25,matched_multiscale_normalized_mse_v1,reference_norm_relative_v2,first_nonzero_active_used_gradient_norm_per_sample_v1,FIVE_BODY,SEISMIC_GUIDED,242
2,23,0.734375,0.8968727415326884,0.16568820903059628,0.0,38373285888.0,9.999999974752427e-07,1.5,77566574592.0,9.999999974752427e-07,3.0,195801055232.0,9.999999974752427e-07,81616830464.0,0.06800216436386108,0.02618408203125,0.2630598843097687,0.00017099855176638812,0.9786992073059082,1591413504.0,1.0,1756.4686279296875,393.83221435546875,1822.4464111328125,0.2242181853831721,0.2242181897163391,0.2242181897163391,0.0,1.0,1.0,0.2242181897163391,56.80875778198242,4.029016971588135,0.0,0,0,16795,0.06406784057617188,448,16347,0.25,matched_multiscale_normalized_mse_v1,reference_norm_relative_v2,first_nonzero_active_used_gradient_norm_per_sample_v1,FIVE_BODY,SEISMIC_GUIDED,242
2,24,0.765625,0.8314696123025455,0.1518097749290082,0.0,27201253376.0,9.999999974752427e-07,1.5,53123985408.0,9.999999974752427e-07,3.0,153873334272.0,9.999999974752427e-07,60312489984.0,0.04434162378311157,0.02618408203125,0.15840299427509308,9.896196570480242e-05,0.9880927205085754,1472422784.0,0.9999999403953552,1757.0404052734375,365.23138427734375,1809.7830810546875,0.20786740307563636,0.20786738395690918,0.20786738395690918,0.0,1.0,0.9999999403953552,0.20786738395690918,56.37680435180664,4.495091915130615,0.0,0,0,13178,0.05027008056640625,350,12828,0.25,matched_multiscale_normalized_mse_v1,reference_norm_relative_v2,first_nonzero_active_used_gradient_norm_per_sample_v1,FIVE_BODY,SEISMIC_GUIDED,242
2,25,0.796875,0.7518398074789774,0.139358493703871,0.0,18836498432.0,9.999999974752427e-07,1.5,38538326016.0,9.999999974752427e-07,3.0,126196187136.0,9.999999974752427e-07,46218985472.0,0.028208868578076363,0.02618408203125,0.08860687911510468,4.670146881835535e-05,0.9936268329620361,1249326592.0,1.0,1760.46044921875,330.89605712890625,1801.08740234375,0.18795995186974435,0.1879599541425705,0.1879599541425705,0.0,1.0,1.0,0.1879599541425705,56.06287384033203,4.984058380126953,0.0,0,0,8260,0.0315093994140625,206,8054,0.25,matched_multiscale_normalized_mse_v1,reference_norm_relative_v2,first_nonzero_active_used_gradient_norm_per_sample_v1,FIVE_BODY,SEISMIC_GUIDED,242
2,26,0.828125,0.659345815100069,0.12845427799994558,0.0,14698826752.0,9.999999974752427e-07,1.5,30644760576.0,9.999999974752427e-07,3.0,109191200768.0,9.999999974752427e-07,38381084672.0,0.01949205994606018,0.02618408203125,0.04679916799068451,1.8996415747096762e-05,0.9966714382171631,926278592.0,1.0,1764.7664794921875,290.8978271484375,1793.2828369140625,0.16483645377501724,0.16483645141124725,0.16483645141124725,0.0,1.0,1.0,0.16483643651008606,55.76290512084961,5.566885948181152,0.0,0,0,4515,0.017223358154296875,110,4405,0.25,matched_multiscale_normalized_mse_v1,reference_norm_relative_v2,first_nonzero_active_used_gradient_norm_per_sample_v1,FIVE_BODY,SEISMIC_GUIDED,242
2,27,0.859375,0.5555702330196022,0.11920214137531127,0.0,11964353536.0,9.999999974752427e-07,1.5,26031609856.0,9.999999974752427e-07,3.0,98422743040.0,9.999999974752427e-07,33476208640.0,0.014431627467274666,0.02618408203125,0.024305593222379684,8.858392902766354e-06,0.99825519323349,871718848.0,0.9999999403953552,1769.964599609375,245.8348846435547,1788.5826416015625,0.13889255825490054,0.1388925462961197,0.1388925462961197,0.0,1.0,0.9999999403953552,0.1388925462961197,55.542625427246094,6.250400543212891,0.0,0,0,2258,0.00861358642578125,72,2186,0.25,matched_multiscale_normalized_mse_v1,reference_norm_relative_v2,first_nonzero_active_used_gradient_norm_per_sample_v1,FIVE_BODY,SEISMIC_GUIDED,242
2,28,0.890625,0.4422886902190013,0.11169118696339586,0.0,9805726720.0,9.999999974752427e-07,1.5,22968948736.0,9.999999974752427e-07,3.0,91659018240.0,9.999999974752427e-07,30125350912.0,0.01116037368774414,0.02618408203125,0.013134684413671494,4.48665787189384e-06,0.9990459084510803,701039104.0,0.9999999403953552,1777.868896484375,196.58282470703125,1787.6563720703125,0.11057217255475033,0.11057216674089432,0.11057216674089432,0.0,1.0,0.9999999403953552,0.11057217419147491,55.42597961425781,6.984015464782715,0.0,0,0,1377,0.005252838134765625,45,1332,0.25,matched_multiscale_normalized_mse_v1,reference_norm_relative_v2,first_nonzero_active_used_gradient_norm_per_sample_v1,FIVE_BODY,SEISMIC_GUIDED,242
2,29,0.921875,0.32143946530316175,0.10599374936109118,0.0,8439131136.0,9.999999974752427e-07,1.5,21157095424.0,9.999999974752427e-07,3.0,87738302464.0,9.999999974752427e-07,28114356224.0,0.009240000508725643,0.02618408203125,0.00780871044844389,2.9572561288659927e-06,0.9994298815727234,548140160.0,1.0,1793.3287353515625,144.11166381835938,1796.554931640625,0.08035986632579044,0.08035986870527267,0.08035986870527267,0.0,1.0,1.0,0.08035986870527267,55.61347579956055,7.687909126281738,0.0,0,0,856,0.003265380859375,33,823,0.25,matched_multiscale_normalized_mse_v1,reference_norm_relative_v2,first_nonzero_active_used_gradient_norm_per_sample_v1,FIVE_BODY,SEISMIC_GUIDED,242
2,30,0.953125,0.1950903220161286,0.10216469800704375,0.0,7907724800.0,9.999999974752427e-07,1.5,20295979008.0,9.999999974752427e-07,3.0,86162153472.0,9.999999974752427e-07,27275087872.0,0.008445119485259056,0.02618408203125,0.005302151199430227,3.0732519462617347e-06,0.999609649181366,573122880.0,1.0,1833.328369140625,89.41615295410156,1832.33984375,0.04877258050403215,0.04877258092164993,0.04877258092164993,0.0,1.0,1.0,0.04877258092164993,56.63918685913086,8.413177490234375,0.0,0,0,778,0.00296783447265625,25,753,0.25,matched_multiscale_normalized_mse_v1,reference_norm_relative_v2,first_nonzero_active_used_gradient_norm_per_sample_v1,FIVE_BODY,SEISMIC_GUIDED,242
2,31,0.984375,0.06540312923014312,0.10024090875896552,0.0,7472517120.0,9.999999974752427e-07,1.5,20565567488.0,9.999999974752427e-07,3.0,87943618560.0,9.999999974752427e-07,27494653952.0,0.007948387414216995,0.02618408203125,0.004467748571187258,4.811893177247839e-06,0.9996809959411621,737906048.0,1.0,1994.5806884765625,32.612953186035156,1992.799072265625,0.01635078230753578,0.01635078154504299,0.01635078154504299,0.0,1.0,1.0,0.01635078154504299,61.510948181152344,9.724995613098145,0.0,0,0,878,0.00334930419921875,46,832,0.25,matched_multiscale_normalized_mse_v1,reference_norm_relative_v2,first_nonzero_active_used_gradient_norm_per_sample_v1,FIVE_BODY,SEISMIC_GUIDED,242
