sample_id,class_id,truth_present,truth_volume,predicted_volume,volume_error,absolute_volume_error_fraction,iou,precision,recall
0,0,False,0,291,291,nan,0.0,0.0,nan
0,1,True,45273,36154,-9119,0.20142248139067434,0.41760097493036213,0.6634673895004702,0.5298301415854925
0,2,True,24520,22811,-1709,0.06969820554649266,0.7116045275376993,0.8626539827276314,0.8025285481239804
0,3,True,14533,5425,-9108,0.6267116218261887,0.15250909510885258,0.4868202764976958,0.18172435147595128
0,4,True,73801,93148,19347,0.26215091936423623,0.5393530897892194,0.6279791299866878,0.7926044362542513
0,5,True,18902,32984,14082,0.7450005290445455,0.25817793835932007,0.32279286926994905,0.563273727647868
0,6,True,11543,280,-11263,0.9757428744693754,0.014153371075656201,0.5892857142857143,0.014294377544832365
0,7,False,0,0,0,nan,nan,nan,nan
0,8,False,0,0,0,nan,nan,nan,nan
0,9,True,8968,6283,-2685,0.2993978590544157,0.02859647939569704,0.0674836861371956,0.04727921498661909
0,10,False,0,161,161,nan,0.0,0.0,nan
0,11,False,0,18,18,nan,0.0,0.0,nan
0,12,False,0,0,0,nan,nan,nan,nan
0,13,True,15,0,-15,1.0,0.0,nan,0.0
1,0,False,0,237,237,nan,0.0,0.0,nan
1,1,True,45273,36104,-9169,0.20252689240827867,0.4231226609772306,0.6701473520939508,0.5344244914187264
1,2,True,24520,22988,-1532,0.062479608482871124,0.7089208633093526,0.8573168609709414,0.8037520391517129
1,3,True,14533,5234,-9299,0.6398541250946123,0.14911056853854204,0.4900649598777226,0.17649487373563613
1,4,True,73801,93031,19230,0.2605655749922088,0.5441688263606071,0.6319613892143479,0.7966287719678595
1,5,True,18902,32894,13992,0.7402391281345889,0.2584979468863134,0.32343284489572566,0.5628504920114273
1,6,True,11543,249,-11294,0.9784284847959802,0.012275731822474031,0.5742971887550201,0.012388460538854717
1,7,False,0,0,0,nan,nan,nan,nan
1,8,False,0,1,1,nan,0.0,0.0,nan
1,9,True,8968,6624,-2344,0.26137377341659235,0.03210432249950354,0.07321859903381643,0.05408117752007136
1,10,False,0,176,176,nan,0.0,0.0,nan
1,11,False,0,15,15,nan,0.0,0.0,nan
1,12,False,0,0,0,nan,nan,nan,nan
1,13,True,15,0,-15,1.0,0.0,nan,0.0
2,0,False,0,215,215,nan,0.0,0.0,nan
2,1,True,45273,35534,-9739,0.21511717800896782,0.4169954582916864,0.6692182135419598,0.5252578799726106
2,2,True,24520,22812,-1708,0.0696574225122349,0.7118264014466547,0.8627915132386463,0.8026916802610115
2,3,True,14533,5378,-9155,0.6299456409550678,0.15352528822200337,0.49274823354406844,0.1823436317346728
2,4,True,73801,93221,19420,0.2631400658527662,0.5418032105899621,0.6296113536649467,0.7952873267299901
2,5,True,18902,32661,13759,0.7279123902232568,0.25433005740974995,0.3201065490952512,0.5531160723732939
2,6,True,11543,281,-11262,0.9756562418781946,0.013630518645520789,0.5658362989323843,0.013774581997747552
2,7,False,0,0,0,nan,nan,nan,nan
2,8,False,0,1,1,nan,0.0,0.0,nan
2,9,True,8968,7229,-1739,0.19391168599464764,0.03139327559857361,0.06819753769539355,0.054973238180196254
2,10,False,0,204,204,nan,0.0,0.0,nan
2,11,False,0,19,19,nan,0.0,0.0,nan
2,12,False,0,0,0,nan,nan,nan,nan
2,13,True,15,0,-15,1.0,0.0,nan,0.0
3,0,False,0,316,316,nan,0.0,0.0,nan
3,1,True,45273,35912,-9361,0.20676783071587923,0.42185365511926864,0.6707228781465805,0.5320389636207011
3,2,True,24520,22742,-1778,0.07251223491027732,0.7181183655663806,0.8686131386861314,0.8056280587275694
3,3,True,14533,5538,-8995,0.6189362141333516,0.15191689623507806,0.47797038642109063,0.18213720498176564
3,4,True,73801,93717,19916,0.26986084199401095,0.5394186676958987,0.6263431394517537,0.7953686264413762
3,5,True,18902,32025,13123,0.69426515712623,0.2549468963307952,0.3230601092896175,0.5473494868267909
3,6,True,11543,286,-11257,0.9752230789222905,0.013885317562355361,0.5664335664335665,0.01403447977128996
3,7,False,0,1,1,nan,0.0,0.0,nan
3,8,False,0,1,1,nan,0.0,0.0,nan
3,9,True,8968,6851,-2117,0.2360615521855486,0.03062088735422503,0.06860312363158663,0.0524085637823372
3,10,False,0,141,141,nan,0.0,0.0,nan
3,11,False,0,24,24,nan,0.0,0.0,nan
3,12,False,0,0,0,nan,nan,nan,nan
3,13,True,15,0,-15,1.0,0.0,nan,0.0
4,0,False,0,201,201,nan,0.0,0.0,nan
4,1,True,45273,36744,-8529,0.18839043138294348,0.42976431211212607,0.6709394731112562,0.5445408963399819
4,2,True,24520,22410,-2110,0.08605220228384992,0.7159676770631467,0.8737617135207497,0.7985725938009788
4,3,True,14533,5562,-8971,0.6172848001100942,0.1515759312320917,0.47554836389787847,0.1819995871464942
4,4,True,73801,93342,19541,0.26477961003238437,0.5386732702433995,0.6268882175226587,0.7928754352922047
4,5,True,18902,32411,13509,0.7146862765844885,0.25588624014880806,0.3225756687544352,0.5531160723732939
4,6,True,11543,268,-11275,0.976782465563545,0.012863390789812194,0.5597014925373134,0.012994888677120333
4,7,False,0,0,0,nan,nan,nan,nan
4,8,False,0,0,0,nan,nan,nan,nan
4,9,True,8968,6469,-2499,0.27865744870651205,0.029201946796453097,0.0677075282114701,0.048840321141837645
4,10,False,0,128,128,nan,0.0,0.0,nan
4,11,False,0,19,19,nan,0.0,0.0,nan
4,12,False,0,0,0,nan,nan,nan,nan
4,13,True,15,0,-15,1.0,0.0,nan,0.0
5,0,False,0,201,201,nan,0.0,0.0,nan
5,1,True,45273,36744,-8529,0.18839043138294348,0.42976431211212607,0.6709394731112562,0.5445408963399819
5,2,True,24520,22410,-2110,0.08605220228384992,0.7159676770631467,0.8737617135207497,0.7985725938009788
5,3,True,14533,5562,-8971,0.6172848001100942,0.1515759312320917,0.47554836389787847,0.1819995871464942
5,4,True,73801,93342,19541,0.26477961003238437,0.5386732702433995,0.6268882175226587,0.7928754352922047
5,5,True,18902,32411,13509,0.7146862765844885,0.25588624014880806,0.3225756687544352,0.5531160723732939
5,6,True,11543,268,-11275,0.976782465563545,0.012863390789812194,0.5597014925373134,0.012994888677120333
5,7,False,0,0,0,nan,nan,nan,nan
5,8,False,0,0,0,nan,nan,nan,nan
5,9,True,8968,6469,-2499,0.27865744870651205,0.029201946796453097,0.0677075282114701,0.048840321141837645
5,10,False,0,128,128,nan,0.0,0.0,nan
5,11,False,0,19,19,nan,0.0,0.0,nan
5,12,False,0,0,0,nan,nan,nan,nan
5,13,True,15,0,-15,1.0,0.0,nan,0.0
6,0,False,0,118,118,nan,0.0,0.0,nan
6,1,True,45273,37419,-7854,0.17348088264528527,0.43759670381252064,0.6726796547208638,0.5559825944823625
6,2,True,24520,22305,-2215,0.09033442088091354,0.7140713082948972,0.8745572741537772,0.7955546492659054
6,3,True,14533,5451,-9082,0.6249225899676598,0.15115207373271888,0.4813795633828655,0.18055459987614395
6,4,True,73801,93772,19971,0.2706060893483828,0.5384678944565836,0.6254638911402124,0.794718228750288
6,5,True,18902,31846,12944,0.6847952597608719,0.258724607485676,0.3275450606041575,0.551846365463972
6,6,True,11543,269,-11274,0.9766958329723642,0.013296731577592863,0.5762081784386617,0.013428051633024345
6,7,False,0,0,0,nan,nan,nan,nan
6,8,False,0,1,1,nan,0.0,0.0,nan
6,9,True,8968,6255,-2713,0.3025200713648528,0.02518688127146609,0.05979216626698641,0.041703835860838534
6,10,False,0,101,101,nan,0.0,0.0,nan
6,11,False,0,18,18,nan,0.0,0.0,nan
6,12,False,0,0,0,nan,nan,nan,nan
6,13,True,15,0,-15,1.0,0.0,nan,0.0
7,0,False,0,100,100,nan,0.0,0.0,nan
7,1,True,45273,37615,-7658,0.16915159145627637,0.446662943311924,0.6803668749169215,0.5652817352505909
7,2,True,24520,22230,-2290,0.0933931484502447,0.720457807382328,0.8806567701304543,0.7984094616639478
7,3,True,14533,5531,-9002,0.6194178765568018,0.15529452409742614,0.48761525944675466,0.1855776508635519
7,4,True,73801,93714,19913,0.2698201921383179,0.5379071646285484,0.6252107475937426,0.7939052316364277
7,5,True,18902,32095,13193,0.6979684689450851,0.2552489723582839,0.32310328711637326,0.5486191937361126
7,6,True,11543,311,-11232,0.9730572641427705,0.015766923736075408,0.5916398713826366,0.015940396777267607
7,7,False,0,1,1,nan,0.0,0.0,nan
7,8,False,0,0,0,nan,nan,nan,nan
7,9,True,8968,5825,-3143,0.35046833184656556,0.025298031605212087,0.06266094420600858,0.04070026761819804
7,10,False,0,112,112,nan,0.0,0.0,nan
7,11,False,0,20,20,nan,0.0,0.0,nan
7,12,False,0,0,0,nan,nan,nan,nan
7,13,True,15,0,-15,1.0,0.0,nan,0.0
8,0,False,0,126,126,nan,0.0,0.0,nan
8,1,True,45273,37552,-7721,0.1705431493384578,0.44493292161685943,0.6791648913506604,0.5633379718596073
8,2,True,24520,21810,-2710,0.11052202283849918,0.7264122820092414,0.8938101788170564,0.7950244698205546
8,3,True,14533,5863,-8670,0.5965733159017409,0.15082096710489196,0.45590994371482174,0.1839262368402945
8,4,True,73801,93621,19820,0.2685600466118345,0.5367852913909108,0.6246354984458615,0.7923876370238886
8,5,True,18902,31918,13016,0.6886043804888372,0.259947936035701,0.3284980261921173,0.554703206009946
8,6,True,11543,274,-11269,0.9762626700164602,0.013725658402676503,0.583941605839416,0.013861214588928354
8,7,False,0,2,2,nan,0.0,0.0,nan
8,8,False,0,1,1,nan,0.0,0.0,nan
8,9,True,8968,6205,-2763,0.30809545049063336,0.025826516124670407,0.06156325543916197,0.042595896520963426
8,10,False,0,158,158,nan,0.0,0.0,nan
8,11,False,0,24,24,nan,0.0,0.0,nan
8,12,False,0,0,0,nan,nan,nan,nan
8,13,True,15,0,-15,1.0,0.0,nan,0.0
